-- phpMyAdmin SQL Dump
-- version 5.2.1
-- https://www.phpmyadmin.net/
--
-- Host: 127.0.0.1:3306
-- Generation Time: Feb 21, 2026 at 05:24 PM
-- Server version: 9.1.0
-- PHP Version: 8.3.14

SET SQL_MODE = "NO_AUTO_VALUE_ON_ZERO";
START TRANSACTION;
SET time_zone = "+00:00";


/*!40101 SET @OLD_CHARACTER_SET_CLIENT=@@CHARACTER_SET_CLIENT */;
/*!40101 SET @OLD_CHARACTER_SET_RESULTS=@@CHARACTER_SET_RESULTS */;
/*!40101 SET @OLD_COLLATION_CONNECTION=@@COLLATION_CONNECTION */;
/*!40101 SET NAMES utf8mb4 */;

--
-- Database: `cinevibe`
--

-- --------------------------------------------------------

--
-- Table structure for table `atores`
--

DROP TABLE IF EXISTS `atores`;
CREATE TABLE IF NOT EXISTS `atores` (
  `id` int NOT NULL AUTO_INCREMENT,
  `nome` varchar(100) NOT NULL,
  `nacionalidade` varchar(50) DEFAULT NULL,
  `foto_url` varchar(255) DEFAULT NULL,
  `data_nascimento` date DEFAULT NULL,
  PRIMARY KEY (`id`)
) ENGINE=InnoDB AUTO_INCREMENT=121 DEFAULT CHARSET=utf8mb4 COLLATE=utf8mb4_0900_ai_ci;

--
-- Dumping data for table `atores`
--

INSERT INTO `atores` (`id`, `nome`, `nacionalidade`, `foto_url`, `data_nascimento`) VALUES
(2, 'Richard Crenna', 'Americano', 'imgs/atores/OIP-removebg-preview (11).png', NULL),
(3, 'Marc de Jonge', 'Francês', 'imgs/atores/marc-de-jonge-removebg-preview.png', NULL),
(4, 'David Corenswet', 'Americano', 'imgs/atores/Who-Is-David-Corenswet-Meet-the-New-Superman-Actor6-removebg-preview.png', NULL),
(5, 'Rachel Brosnahan', 'Americana', 'imgs/atores/OIP__1_-removebg-preview (3).png', NULL),
(6, 'Nicholas Hoult', 'Britânico', 'imgs/atores/R-removebg-preview (3).png', NULL),
(7, 'Henry Thomas', 'Americano', 'imgs/atores/henry-removebg-preview.png', NULL),
(8, 'Drew Barrymore', 'Americana', 'imgs/atores/R__1_-removebg-preview (3).png', NULL),
(9, 'Dee Wallace', 'Americana', 'imgs/atores/1713_v9_bc-removebg-preview.png', NULL),
(10, 'Michael J. Fox', 'Canadiano', 'imgs/atores/michael-j.-fox-removebg-preview.png', NULL),
(11, 'Christopher Lloyd', 'Americano', 'imgs/atores/4265bf70d2b0fdcfe0930860a546d023-removebg-preview.png', NULL),
(12, 'Lea Thompson', 'Americana', 'imgs/atores/MV5BNTgwNDE2MTY2MV5BMl5BanBnXkFtZTgwMzQxMDc2MjI_._V1_FMjpg_UX1000_-removebg-preview.png', NULL),
(13, 'Sam Neill', 'Neozelandês', 'imgs/atores/depositphotos_17950115-stock-photo-sam-neill-removebg-preview.png', NULL),
(14, 'Laura Dern', 'Americana', 'imgs/atores/MV5BMjI3NzY0MDQxMF5BMl5BanBnXkFtZTcwNzMwMzcyNw__._V1_-removebg-preview (1).png', NULL),
(15, 'Jeff Goldblum', 'Americano', 'imgs/atores/ceSmXnD0FUSTaq2WIrnZu9caL0t-removebg-preview.png', NULL),
(16, 'Neve Campbell', 'Canadiana', 'imgs/atores/R-removebg-preview (5).png', NULL),
(17, 'Courteney Cox', 'Americana', 'imgs/atores/OIP__1_-removebg-preview (5).png', NULL),
(18, 'David Arquette', 'Americano', 'imgs/atores/OIP__2_-removebg-preview (8).png', NULL),
(19, 'Ralph Macchio', 'Americano', 'imgs/atores/image-w856-removebg-preview.png', NULL),
(20, 'Pat Morita', 'Americano', 'imgs/atores/Pat_Morita-removebg-preview.png', NULL),
(21, 'Elisabeth Shue', 'Americana', 'imgs/atores/1620_v9_bc-removebg-preview.png', NULL),
(22, 'Tim Robbins', 'Americano', 'imgs/atores/R__3_-removebg-preview (1).png', NULL),
(23, 'Morgan Freeman', 'Americano', 'imgs/atores/R__4_-removebg-preview (1).png', NULL),
(24, 'Bob Gunton', 'Americano', 'imgs/atores/R__5_-removebg-preview (1).png', NULL),
(25, 'Shameik Moore', 'Americano', 'imgs/atores/2179459-removebg-preview.png', NULL),
(26, 'Jake Johnson', 'Americano', 'imgs/atores/93b3310178671883da0662bd8cb197b2-removebg-preview.png', NULL),
(27, 'Hailee Steinfeld', 'Americana', 'imgs/atores/OIP__3_-removebg-preview (2).png', NULL),
(28, 'Brad Pitt', 'Americano', 'imgs/atores/OIP__4_-removebg-preview (2).png', NULL),
(29, 'Kevin Spacey', 'Americano', 'imgs/atores/1014_1_large-removebg-preview.png', NULL),
(30, 'Bradley Cooper', 'Americano', 'imgs/atores/R__6_-removebg-preview (1).png', NULL),
(31, 'Zach Galifianakis', 'Americano', 'imgs/atores/OIP__5_-removebg-preview (2).png', NULL),
(32, 'Ed Helms', 'Americano', 'imgs/atores/MV5BMTg2ODg1MDMyM15BMl5BanBnXkFtZTcwMDU1NjU0Nw__._V1_-removebg-preview.png', NULL),
(33, 'Jay Baruchel', 'Canadiano', 'imgs/atores/MV5BMTU4NDI0MzcyNV5BMl5BanBnXkFtZTcwNzQ0NDcwNQ__._V1_FMjpg_UX1000_-removebg-preview.png', NULL),
(34, 'America Ferrera', 'Americana', 'imgs/atores/OIP__6_-removebg-preview (2).png', NULL),
(35, 'F. Murray Abraham', 'Americano', 'imgs/atores/stoick-removebg-preview.png', NULL),
(47, 'Mason Thames', 'EUA', 'imgs/atores/OIP-removebg-preview (7).png', NULL),
(48, 'Ethan Hawke', 'EUA', 'imgs/atores/ethan-hawke-7e24c8e2b0da419fa7ef01a01cd45726-removebg-preview.png', NULL),
(49, 'Madeleine McGraw', 'EUA', 'imgs/atores/OIP__1_-removebg-preview (2).png', NULL),
(52, 'Natsuki Hanae', 'Japonesa', 'imgs/atores/1803157-removebg-preview.png', NULL),
(53, 'Yoshitsugu Matsuoka', 'Japonesa', 'imgs/atores/OIP__1_-removebg-preview (4).png', NULL),
(54, 'Hiro Shimono', 'Japonesa', 'imgs/atores/OIP-removebg-preview (10).png', NULL),
(56, 'Michael B. Jordan', 'Norte-americano', 'imgs/atores/1187644-removebg-preview.png', NULL),
(57, 'Miles Caton', 'Norte-americano', 'imgs/atores/f2989143a6d7a012dd3f29791046bb99-removebg-preview.png', NULL),
(58, 'Vera Farmiga', 'Norte-americana', 'imgs/atores/OIP-removebg-preview (12).png', NULL),
(59, 'Patrick Wilson', 'Norte-americano', 'imgs/atores/American-actor-Patrick-Wilson-2019-removebg-preview.png', NULL),
(60, 'Mia Tomlinson', 'Britânica', 'imgs/atores/9OoCftD6TAImFAUnvSC445toavW-removebg-preview (1).png', NULL),
(61, 'Paul Mescal', 'Irlandês', 'imgs/atores/OIP-removebg-preview (13).png', NULL),
(62, 'Denzel Washington', 'Norte-americano', 'imgs/atores/R__2_-removebg-preview (1).png', NULL),
(63, 'Pedro Pascal', 'Chileno-americano', 'imgs/atores/pedro-pascal-2000-4c240c5ee0cf45288e4d8e35a5ef257d-removebg-preview.png', NULL),
(64, 'Robert Pattinson', 'Britânico', 'imgs/atores/1007568-removebg-preview.png', NULL),
(65, 'Zoë Kravitz', 'Norte-americana', 'imgs/atores/zoe-kravitz-at-gemini-premiere-in-los-angeles-03-15-2018-8-removebg-preview.png', NULL),
(66, 'Colin Farrell', 'Irlandês', 'imgs/atores/Irish-actor-Colin-Farrell-2017-removebg-preview.png', NULL),
(67, 'Carl Weathers', 'Norte-americano', 'imgs/atores/carl-removebg-preview.png', NULL),
(68, 'Dolph Lundgren', 'Sueco', 'imgs/atores/drago-removebg-preview.png', NULL),
(69, 'Dwayne Johnson', 'Norte-americano', 'imgs/atores/rock-removebg-preview.png', NULL),
(70, 'Emily Blunt', 'Britânica', 'imgs/atores/blunt-removebg-preview.png', NULL),
(71, 'Ryan Bader', 'Norte-americano', 'imgs/atores/bader-removebg-preview.png', NULL),
(72, 'Matt Damon', 'Americano', 'imgs/atores/Matt_Damon_TIFF_2015-removebg-preview.png', NULL),
(73, 'Tom Holland', 'Britânico', 'imgs/atores/tom.png', NULL),
(74, 'Anne Hathaway', 'Americana', 'imgs/atores/anne-hathaway-season-color-removebg-preview.png', NULL),
(75, 'Josh Hutcherson', 'Americano', 'imgs/atores/MV5BOTgyMTY5NTQ4Nl5BMl5BanBnXkFtZTgwMTYwMzE2MDE_._V1_FMjpg_UX1000_-removebg-preview.png', NULL),
(76, 'Elizabeth Lail', 'Americana', 'imgs/atores/lDYjEyqojUs2sF3CgdsOZ9vr2KL-removebg-preview.png', NULL),
(77, 'Matthew Lillard', 'Americano', 'imgs/atores/4707243-removebg-preview.png', NULL),
(78, 'Gene Kelly', 'Americano', 'imgs/atores/OIP-removebg-preview (14).png', NULL),
(79, 'Donald O\'Connor', 'Americano', 'https://upload.wikimedia.org/wikipedia/commons/4/4c/Donald_O%27Connor_1952.JPG', NULL),
(80, 'Donald O\'Connor', 'Americano', 'imgs/atores/donald-removebg-preview.png', NULL),
(81, 'Debbie Reynolds', 'Americana', 'imgs/atores/OIP__3_-removebg-preview (3).png', NULL),
(83, 'Ryan Gosling', 'Canadiano', 'imgs/atores/ryan-removebg-preview.png', NULL),
(84, 'Callie Hernandez', 'Americana', 'imgs/atores/OIP__4_-removebg-preview (3).png', NULL),
(85, 'Emma Stone', 'Americana', 'imgs/atores/OIP__3_-removebg-preview (4).png', NULL),
(86, 'Chris Evans', 'Americano', 'imgs/atores/OIP__3_-removebg-preview (5).png', NULL),
(87, 'Dakota Johnson', 'Americana', 'imgs/atores/dakota-removebg-preview.png', NULL),
(88, 'Humphrey Bogart', 'Americano', 'imgs/atores/OIP__3_-removebg-preview (6).png', NULL),
(89, 'Ingrid Bergman', 'Sueca', 'imgs/atores/R-removebg-preview (11).png', NULL),
(90, 'Paul Henreid', 'Austro-Americano', 'imgs/atores/OIP__4_-removebg-preview (4).png', NULL),
(91, 'Harrison Ford', 'Americano', 'imgs/atores/harisson-removebg-preview.png', NULL),
(92, 'Kate Capshaw', 'Americana', 'imgs/atores/kate-removebg-preview.png', NULL),
(93, 'Ke Huy Quan', 'Vietnamita-Americano', 'imgs/atores/OIP__5_-removebg-preview (4).png', NULL),
(94, 'Ellen Burstyn', 'Americana', 'imgs/atores/MV5BMTU4MjYxMDc3MF5BMl5BanBnXkFtZTYwNzU3MDIz._V1_FMjpg_UX1000_-removebg-preview.png', NULL),
(95, 'Max von Sydow', 'Sueco', 'imgs/atores/OIP__8_-removebg-preview (1).png', NULL),
(96, 'Lee J. Cobb', 'Americano', 'imgs/atores/OIP__9_-removebg-preview (1).png', NULL),
(97, 'Peter Boyle', 'Americano', 'imgs/atores/OIP__11_-removebg-preview (2).png', NULL),
(98, 'Cybill Shepherd', 'Americana', 'imgs/atores/OIP__10_-removebg-preview.png', NULL),
(99, 'Robert De Niro', 'Americano', 'imgs/atores/robert-removebg-preview.png', NULL),
(100, 'Carrie Fisher', 'Americana', 'imgs/atores/carrie-removebg-preview.png', NULL),
(101, 'Mark Hamill', 'Americano', 'imgs/atores/mark-removebg-preview.png', NULL),
(102, 'Anthony Quinn', 'Mexicano-Americano', 'imgs/atores/quinn-removebg-preview.png', NULL),
(103, 'Alec Guinness', 'Britânico', 'imgs/atores/alec-removebg-preview.png', NULL),
(104, 'Peter O\'Toole', 'Irlandês-Britânico', 'imgs/atores/peter-removebg-preview.png', NULL),
(105, 'John Gavin', 'Americano', 'imgs/atores/john-removebg-preview.png', NULL),
(106, 'Anthony Perkins', 'Americano', 'imgs/atores/perkins-removebg-preview.png', NULL),
(107, 'Vera Miles', 'Americana', 'imgs/atores/Vera-Miles-dob-removebg-preview.png', NULL),
(108, 'Keir Dullea', 'Americana', 'imgs/atores/45-removebg-preview.png', NULL),
(109, 'Gary Lockwood', 'Americana', 'imgs/atores/46-removebg-preview.png', NULL),
(110, 'William Sylvester', 'Americana', 'imgs/atores/48-removebg-preview.png', NULL),
(111, 'Erich von Stroheim', 'Austríaca-Americana', 'imgs/atores/52-removebg-preview.png', NULL),
(112, 'Gloria Swanson', 'Americana', 'imgs/atores/51-removebg-preview.png', NULL),
(113, 'William Holden', 'Americana', 'imgs/atores/50-removebg-preview.png', NULL),
(120, 'Sylvester Stallone', 'Americana', 'imgs/atores/ca0060e23d1842e39911a8e155105461.png', NULL);

-- --------------------------------------------------------

--
-- Table structure for table `avaliacoes_filmes`
--

DROP TABLE IF EXISTS `avaliacoes_filmes`;
CREATE TABLE IF NOT EXISTS `avaliacoes_filmes` (
  `id` int NOT NULL AUTO_INCREMENT,
  `usuario_id` int NOT NULL,
  `filme_id` int NOT NULL,
  `rating` decimal(2,1) DEFAULT NULL,
  `comentario` text,
  `data_avaliacao` timestamp NULL DEFAULT CURRENT_TIMESTAMP,
  PRIMARY KEY (`id`),
  UNIQUE KEY `unique_user_filme` (`usuario_id`,`filme_id`),
  KEY `fk_avaliacoes_filme` (`filme_id`)
) ;

--
-- Dumping data for table `avaliacoes_filmes`
--

INSERT INTO `avaliacoes_filmes` (`id`, `usuario_id`, `filme_id`, `rating`, `comentario`, `data_avaliacao`) VALUES
(1, 1, 2, 5.0, 'Melhor filme de sempre', '2026-01-17 20:07:35'),
(2, 11, 2, 1.0, 'O Super Homem do Zack Snyder era melhor', '2026-01-07 22:33:44'),
(3, 14, 13, 4.0, 'Bueda Fixe!!!', '2025-11-19 20:39:26'),
(5, 1, 16, 4.0, 'Filme', '2025-11-19 20:57:12'),
(6, 1, 3, 3.0, 'Ação do início ao fim, adorei!', '2026-01-13 13:16:50'),
(7, 1, 20, 5.0, 'O Batman que nós merecemos', '2026-01-14 14:01:33'),
(8, 1, 13, 5.0, 'Muito assutador', '2026-01-07 22:26:13'),
(9, 1, 1, 4.0, 'Ação da boa', '2026-01-07 22:32:37'),
(17, 1, 32, 4.0, 'Avaliação editada - ainda muito bom!', '2026-01-13 13:26:51'),
(18, 1, 24, 4.0, 'Gostei bastante, boa história.', '2026-01-13 13:16:50'),
(19, 1, 4, 4.0, 'Filme interessante, vale a pena ver.', '2026-01-25 15:44:06'),
(20, 1, 28, 4.0, 'Muito bom, efeitos especiais incríveis.', '2026-01-13 13:16:50'),
(21, 1, 40, 3.0, 'História envolvente, ótimos atores.', '2026-01-13 13:16:50'),
(22, 1, 12, 5.0, 'Filme divertido, passei um bom tempo.', '2026-01-13 13:16:50'),
(23, 1, 15, 4.0, 'Clássico do cinema, sempre bom rever.', '2026-01-13 13:16:50'),
(25, 1, 23, 5.0, 'Filme emocionante, chorei no final.', '2026-01-13 13:16:50'),
(26, 1, 19, 4.0, 'Comédia hilária, ri muito!', '2026-01-13 13:16:50'),
(35, 1, 5, 4.0, 'Fixe', '2026-01-14 16:05:58'),
(41, 1, 18, 4.0, 'Vem o Oscar', '2026-02-02 07:10:23'),
(42, 1, 35, 4.0, 'Assustador', '2026-02-02 07:11:17'),
(43, 1, 11, 3.0, 'Muito engraçado', '2026-02-03 17:36:39'),
(44, 1, 31, 5.0, 'Perfeito', '2026-02-08 18:29:16'),
(45, 14, 2, 1.0, 'Muito mau', '2026-02-10 22:06:56'),
(48, 1, 42, 2.0, 'Não gostei', '2026-02-10 22:22:42'),
(49, 1, 7, 3.0, 'Clássico', '2026-02-15 19:22:25'),
(50, 14, 10, 4.0, 'Assustador', '2026-02-15 19:35:08'),
(51, 1, 9, 5.0, 'Muito bom', '2026-02-15 22:38:55');

-- --------------------------------------------------------

--
-- Table structure for table `avatars`
--

DROP TABLE IF EXISTS `avatars`;
CREATE TABLE IF NOT EXISTS `avatars` (
  `id` int NOT NULL AUTO_INCREMENT,
  `nome` varchar(100) NOT NULL,
  `caminho` varchar(255) NOT NULL,
  `categoria_id` int DEFAULT NULL,
  PRIMARY KEY (`id`),
  KEY `fk_avatar_categoria` (`categoria_id`)
) ENGINE=InnoDB AUTO_INCREMENT=56 DEFAULT CHARSET=utf8mb4 COLLATE=utf8mb4_0900_ai_ci;

--
-- Dumping data for table `avatars`
--

INSERT INTO `avatars` (`id`, `nome`, `caminho`, `categoria_id`) VALUES
(1, 'Iron Man', 'imgs/profile/super-herois/୭ৎ-removebg-preview.png', 1),
(2, 'Batman', 'imgs/profile/super-herois/𝐁𝐫𝐮𝐜𝐞_𝐖𝐚𝐲𝐧𝐞___𝐓𝐡𝐞_𝐁𝐚𝐭𝐦𝐚𝐧_𝐢𝐜𝐨𝐧_-removebg-preview (1).png', 1),
(3, 'Avatar 3', 'imgs/profile/super-herois/Captura_de_ecrã_2025-11-10_163419-removebg-preview.png', 1),
(4, 'Spider Man', 'imgs/profile/super-herois/OIP-removebg-preview (13).png', 1),
(5, 'aquamen', 'imgs/profile/super-herois/Captura_de_ecrã_2025-11-10_164027-removebg-preview.png', 1),
(6, 'Hulk', 'imgs/profile/super-herois/OIP-removebg-preview (12).png', 1),
(7, 'Wonder Woman', 'imgs/profile/super-herois/Gal_Gadot-removebg-preview.png', 1),
(9, 'Marty', 'imgs/profile/80s/R-removebg-preview (6).png', 2),
(10, 'Terminator', 'imgs/profile/80s/_-removebg-preview.png', 2),
(11, 'Rocky Balboa', 'imgs/profile/80s/rocky_balboa_icon-removebg-preview.png', 2),
(12, 'Daniel LaRusso', 'imgs/profile/80s/daniel_larusso-removebg-preview.png', 2),
(13, 'E.T.', 'imgs/profile/80s/Phone_Home-removebg-preview.png', 2),
(14, 'Freddy Krueger', 'imgs/profile/terror/freddy-krueger-icon-5-removebg-preview.png', 3),
(15, 'Jason Voorhees', 'imgs/profile/terror/Photo_100360_thumb-removebg-preview.png', 3),
(16, 'Ghostface', 'imgs/profile/terror/adb58d2dd6432271032a08310e0ccec0-removebg-preview.png', 3),
(17, 'Pennywise', 'imgs/profile/terror/6cd7bc029da031e652d441a6ba6bf8ce-removebg-preview.png', 3),
(18, 'Reed', 'imgs/profile/super-herois/Captura_de_ecrã_2025-11-11_161554-removebg-preview.png', 1),
(19, 'blue Beetle', 'imgs/profile/super-herois/8857deb820b92f9cd9504dc9a95ae602-removebg-preview.png', 1),
(20, 'Cyborg', 'imgs/profile/super-herois/Captura_de_ecrã_2025-11-11_162931-removebg-preview.png', 1),
(21, 'Black Widow', 'imgs/profile/super-herois/R-removebg-preview (7).png', 1),
(22, 'Wolverine', 'imgs/profile/super-herois/1432f7db9e8a5fe0dba0869dd3b1c2fa-removebg-preview.png', 1),
(23, 'Michael Myers', 'imgs/profile/terror/OIP__5_-removebg-preview (3).png', 3),
(24, 'Nun', 'imgs/profile/terror/The-Nun-1-removebg-preview.png', 3),
(25, 'Chucky', 'imgs/profile/terror/chucky-tv-series-removebg-preview.png', 3),
(26, 'Tiffany', 'imgs/profile/terror/R-removebg-preview (8).png', 3),
(27, 'Michael Myers', 'imgs/profile/terror/SMILEFF_11MAIN-1-removebg-preview.png', 3),
(28, 'Shining', 'imgs/profile/terror/Shining-11-removebg-preview.png', 3),
(29, 'Miyagi', 'imgs/profile/80s/mr-miyagi.jpg_1175742457-removebg-preview.png', 2),
(30, 'Indiana Jones', 'imgs/profile/80s/Harrison-Ford-in-Raiders-of-the-Lost-Ark-Premium-Photograph-and-Poster-1019849__82828-removebg-preview.png', 2),
(31, 'Luke', 'imgs/profile/80s/channels4_profile-removebg-preview.png', 2),
(32, 'Ghost', 'imgs/profile/80s/OIP-removebg-preview (15).png', 2),
(33, 'Robocop', 'imgs/profile/80s/Captura_de_ecrã_2025-11-19_092809-removebg-preview.png', 2),
(34, 'Conan', 'imgs/profile/80s/OIP-removebg-preview (16).png', 2),
(36, 'Drago', 'imgs/profile/80s/Captura_de_ecrã_2025-11-20_172224-removebg-preview (1).png', 2),
(37, 'Po', '/imgs/profile/animação/Captura_de_ecrã_2025-11-25_095206-removebg-preview.png', 5),
(38, 'Tai Lung', 'imgs/profile/animação/7-3-removebg-preview.png', 5),
(39, 'Buz', 'imgs/profile/animação/R-removebg-preview (12).png', 5),
(41, 'Jim Carrey', 'imgs/profile/super-herois/୭ৎ-removebg-preview.png', NULL),
(42, 'Mr. Bean', 'imgs/profile/80s/R-removebg-preview (6).png', NULL),
(43, 'Ace Ventura', 'imgs/profile/terror/freddy-krueger-icon-5-removebg-preview.png', NULL),
(44, 'The Mask', 'imgs/avatars/52622345-886d-4a3e-ac6f-d16c04d713e5.png', 14),
(45, 'Eddie Murphy', 'imgs/profile/super-herois/Captura_de_ecrã_2025-11-10_163419-removebg-preview.png', NULL),
(55, 'Woody', 'imgs/avatars/50d8da28-2224-4032-8b00-470f0a3cb7fa.png', 5);

-- --------------------------------------------------------

--
-- Table structure for table `avatar_categories`
--

DROP TABLE IF EXISTS `avatar_categories`;
CREATE TABLE IF NOT EXISTS `avatar_categories` (
  `id` int NOT NULL AUTO_INCREMENT,
  `nome` varchar(100) NOT NULL,
  PRIMARY KEY (`id`)
) ENGINE=InnoDB AUTO_INCREMENT=16 DEFAULT CHARSET=utf8mb4 COLLATE=utf8mb4_0900_ai_ci;

--
-- Dumping data for table `avatar_categories`
--

INSERT INTO `avatar_categories` (`id`, `nome`) VALUES
(1, 'Super Heróis'),
(2, '80s'),
(3, 'Terror'),
(5, 'Animação'),
(14, 'Comédia');

-- --------------------------------------------------------

--
-- Table structure for table `bar`
--

DROP TABLE IF EXISTS `bar`;
CREATE TABLE IF NOT EXISTS `bar` (
  `id` int NOT NULL AUTO_INCREMENT,
  `produto` varchar(255) NOT NULL,
  `preco` decimal(10,2) NOT NULL,
  `imagem_url` varchar(255) DEFAULT NULL,
  `tipo` varchar(50) NOT NULL,
  `categoria` varchar(50) DEFAULT 'snacks',
  `descricao` text,
  `icone` varchar(50) DEFAULT 'fas fa-cookie-bite',
  PRIMARY KEY (`id`)
) ENGINE=InnoDB AUTO_INCREMENT=31 DEFAULT CHARSET=utf8mb4 COLLATE=utf8mb4_0900_ai_ci;

--
-- Dumping data for table `bar`
--

INSERT INTO `bar` (`id`, `produto`, `preco`, `imagem_url`, `tipo`, `categoria`, `descricao`, `icone`) VALUES
(1, 'Pipocas Salgadas', 5.50, 'imgs/Snacks/pipocas.png', 'snack', 'snacks', 'Pipocas clássicas', 'fas fa-seedling'),
(2, 'Doritos', 3.50, 'imgs/Snacks/Doritos.png', 'snack', 'snacks', 'Tortilla chips', 'fas fa-pepper-hot'),
(3, 'Gomas (Fini)', 3.50, 'imgs/Snacks/gomas2.png', 'snack', 'snacks', 'Gomas sortidas', 'fas fa-candy-cane'),
(4, 'Kit Kat', 3.00, 'imgs/Snacks/Kit_Kat__Nestle-removebg-preview.png', 'snack', 'snacks', 'Chocolate crocante', 'fas fa-cookie'),
(5, 'Gomas (Fini Berries)', 3.50, 'imgs/Snacks/gomas3.png', 'snack', 'snacks', 'Gomas de frutos vermelhos', 'fas fa-candy-cane'),
(6, 'BEN & JERRY\'S Cherry Garcia', 6.00, 'imgs/Snacks/35659_US_IC_Cherry-Garcia_473ml_FOP-1000x1000-c53bc2a7-f52d-4563-8da3-3d939891c6b3_1-removebg-preview.png', 'snack', 'snacks', 'Gelado premium', 'fas fa-ice-cream'),
(7, 'Snickers', 3.00, 'imgs/Snacks/dutyfree-removebg-preview.png', 'snack', 'snacks', 'Barra de chocolate', 'fas fa-cookie'),
(8, 'M&M', 6.00, 'imgs/Snacks/descarregar__3_-removebg-preview.png', 'snack', 'snacks', 'Chocolates coloridos', 'fas fa-cookie'),
(9, 'Cheetos', 3.50, 'imgs/Snacks/cheetos.png', 'snack', 'snacks', 'Snack de queijo', 'fas fa-pepper-hot'),
(10, 'Skittles', 3.00, 'imgs/Snacks/skittles.png', 'snack', 'snacks', 'Gomas de fruta', 'fas fa-candy-cane'),
(11, 'Pretzel', 1.50, 'imgs/Snacks/R.png', 'snack', 'snacks', 'Snack salgado', 'fas fa-cookie-bite'),
(12, 'BEN & JERRY\'S Half Baked', 6.00, 'imgs/Snacks/000403040-1-removebg-preview.png', 'snack', 'snacks', 'Gelado premium', 'fas fa-ice-cream'),
(13, 'Coca Cola', 2.50, 'imgs/Snacks/Coca.png', 'bebida', 'bebidas', 'Refrigerante clássico', 'fas fa-glass-whiskey'),
(14, 'Fanta', 2.50, 'imgs/Snacks/Fanta.png', 'bebida', 'bebidas', 'Refrigerante de laranja', 'fas fa-glass-whiskey'),
(15, 'Nachos', 5.50, 'imgs/Snacks/Nachos.png', 'snack', 'snacks', 'Com queijo derretido', 'fas fa-pepper-hot'),
(16, 'Sprite', 2.50, 'imgs/Snacks/sprite.png', 'bebida', 'bebidas', 'Refrigerante de limão', 'fas fa-glass-whiskey'),
(17, 'Pipocas doces', 5.50, 'imgs/Snacks/pipocas.png', 'Snack', 'snacks', 'Pipocas açucaradas', 'fas fa-seedling'),
(18, 'Compal de pera', 2.50, 'imgs/Snacks/3306-1000x1000-removebg-preview.png', 'bebida', 'bebidas', 'Sumo natural', 'fas fa-glass-citrus'),
(19, 'Compal de melancia e morango', 2.50, 'imgs/Snacks/OIP-removebg-preview (17).png', 'bebida', 'bebidas', 'Sumo natural', 'fas fa-glass-citrus'),
(20, 'Compal de maracujá', 2.50, 'imgs/Snacks/Compal-Vital-Damasco-Maracujá-1536x864-removebg-preview.png', 'bebida', 'bebidas', 'Sumo natural', 'fas fa-glass-citrus'),
(21, 'Bongo tuti fruti', 2.50, 'imgs/Snacks/015_bongo8frutos-tinified.png', 'bebida', 'bebidas', 'Sumo tropical', 'fas fa-glass-citrus'),
(24, 'Bongo Manga', 2.50, 'imgs/Snacks/OIP__1_-removebg-preview (6).png', 'Bebida', 'bebidas', 'Sumo tropical', 'fas fa-glass-citrus');

-- --------------------------------------------------------

--
-- Table structure for table `caracteristica_produto_bar`
--

DROP TABLE IF EXISTS `caracteristica_produto_bar`;
CREATE TABLE IF NOT EXISTS `caracteristica_produto_bar` (
  `id` int NOT NULL AUTO_INCREMENT,
  `produto_id` int NOT NULL,
  `caracteristica` enum('doce','salgado','frio') NOT NULL,
  PRIMARY KEY (`id`),
  KEY `fk_caracteristica_produto` (`produto_id`)
) ENGINE=InnoDB AUTO_INCREMENT=17 DEFAULT CHARSET=utf8mb4 COLLATE=utf8mb4_0900_ai_ci;

--
-- Dumping data for table `caracteristica_produto_bar`
--

INSERT INTO `caracteristica_produto_bar` (`id`, `produto_id`, `caracteristica`) VALUES
(1, 1, 'doce'),
(2, 2, 'salgado'),
(3, 3, 'doce'),
(4, 4, 'doce'),
(5, 5, 'doce'),
(6, 6, 'frio'),
(7, 7, 'doce'),
(8, 8, 'doce'),
(9, 9, 'salgado'),
(10, 10, 'doce'),
(11, 11, 'salgado'),
(12, 12, 'frio'),
(13, 13, 'frio'),
(14, 6, 'doce'),
(15, 14, 'salgado'),
(16, 16, 'frio');

-- --------------------------------------------------------

--
-- Table structure for table `cinemas`
--

DROP TABLE IF EXISTS `cinemas`;
CREATE TABLE IF NOT EXISTS `cinemas` (
  `id` int NOT NULL AUTO_INCREMENT,
  `nome` varchar(100) NOT NULL,
  `localizacao` varchar(150) DEFAULT NULL,
  `email` varchar(100) DEFAULT NULL,
  `regiao` varchar(50) DEFAULT NULL,
  `imagem` varchar(255) DEFAULT NULL,
  PRIMARY KEY (`id`)
) ENGINE=InnoDB AUTO_INCREMENT=26 DEFAULT CHARSET=utf8mb4 COLLATE=utf8mb4_0900_ai_ci;

--
-- Dumping data for table `cinemas`
--

INSERT INTO `cinemas` (`id`, `nome`, `localizacao`, `email`, `regiao`, `imagem`) VALUES
(1, 'CineVibe Lisboa', 'Lisboa', NULL, 'Grande Lisboa', 'imgs/cinemas/CineVibe_Lisboa.png'),
(2, 'CineVibe Porto', 'Porto', NULL, 'Grande Porto', 'imgs/cinemas/CineVibe_Porto.png'),
(3, 'CineVibe Montijo', 'Montijo', NULL, 'Grande Lisboa', 'imgs/cinemas/CineVibe_Montijo.png'),
(4, 'CineVibe Setúbal', 'Setúbal', NULL, 'Grande Lisboa', 'imgs/cinemas/CineVibe_Setubal.png'),
(5, 'CineVibe Faro', 'Faro', NULL, 'Sul', 'imgs/cinemas/CineVibe_Faro.png'),
(6, 'CineVibe Braga', 'Braga', '', 'Norte', 'imgs/cinemas/cinema_1c635b33.png'),
(7, 'CineVibe Coimbra', 'Coimbra', NULL, 'Centro', 'imgs/cinemas/CineVibe_Coimbra_v2.png'),
(8, 'CineVibe Aveiro', 'Aveiro', '', 'Centro', 'imgs/cinemas/cinema_552777a2.png'),
(9, 'CineVibe Viseu', 'Viseu', NULL, 'Grande Porto', 'imgs/cinemas/CineVibe_Viseu.png'),
(10, 'CineVibe Évora', 'Évora', NULL, 'Sul', 'imgs/cinemas/CineVibe_Evora.png'),
(11, 'CineVibe Leiria', 'Leiria', NULL, 'Grande Lisboa', 'imgs/cinemas/CineVibe_Leiria.png'),
(12, 'CineVibe Santarém', 'Santarém', NULL, 'Grande Lisboa', 'imgs/cinemas/CineVibe_Santarem_v2.png'),
(13, 'CineVibe Portimão', 'Portimão', NULL, 'Sul', 'imgs/cinemas/CineVibe_Portimao.png'),
(14, 'CineVibe Funchal', 'Funchal', NULL, 'Madeira', 'imgs/cinemas/CineVibe_Funchal.png'),
(15, 'CineVibe São Miguel', 'Rua da Cultura, Ponta Delgada', 'contacto@cineacores.pt', 'Açores', 'imgs\\cinemas\\cinevibe_sao_miguel.png\"');

-- --------------------------------------------------------

--
-- Table structure for table `cinemas_favoritos`
--

DROP TABLE IF EXISTS `cinemas_favoritos`;
CREATE TABLE IF NOT EXISTS `cinemas_favoritos` (
  `id` int NOT NULL AUTO_INCREMENT,
  `usuario_id` int NOT NULL,
  `cinema_id` int NOT NULL,
  `data_adicao` timestamp NULL DEFAULT CURRENT_TIMESTAMP,
  PRIMARY KEY (`id`),
  UNIQUE KEY `unique_user_cinema` (`usuario_id`,`cinema_id`),
  KEY `fk_favorito_cinema` (`cinema_id`)
) ENGINE=InnoDB AUTO_INCREMENT=11 DEFAULT CHARSET=utf8mb4 COLLATE=utf8mb4_0900_ai_ci;

--
-- Dumping data for table `cinemas_favoritos`
--

INSERT INTO `cinemas_favoritos` (`id`, `usuario_id`, `cinema_id`, `data_adicao`) VALUES
(2, 1, 3, '2025-11-19 10:06:03'),
(6, 1, 8, '2026-02-08 17:04:14'),
(7, 1, 7, '2026-02-11 08:45:01'),
(9, 14, 8, '2026-02-15 22:27:45'),
(10, 14, 7, '2026-02-15 22:27:46');

-- --------------------------------------------------------

--
-- Table structure for table `codigos_desconto`
--

DROP TABLE IF EXISTS `codigos_desconto`;
CREATE TABLE IF NOT EXISTS `codigos_desconto` (
  `id` int NOT NULL AUTO_INCREMENT,
  `codigo` varchar(20) NOT NULL,
  `usuario_id` int NOT NULL,
  `premio_id` int NOT NULL,
  `premio_nome` varchar(100) NOT NULL,
  `premio_valor` decimal(10,2) DEFAULT '0.00',
  `tipo_desconto` enum('percentual','valor_fixo','produto_gratis') NOT NULL DEFAULT 'valor_fixo',
  `valor_desconto` decimal(10,2) NOT NULL,
  `usado` tinyint(1) DEFAULT '0',
  `data_criacao` timestamp NULL DEFAULT CURRENT_TIMESTAMP,
  `data_uso` timestamp NULL DEFAULT NULL,
  `data_expiracao` timestamp NOT NULL,
  PRIMARY KEY (`id`),
  UNIQUE KEY `codigo` (`codigo`),
  KEY `idx_codigo` (`codigo`),
  KEY `idx_usuario` (`usuario_id`)
) ENGINE=InnoDB AUTO_INCREMENT=29 DEFAULT CHARSET=utf8mb4 COLLATE=utf8mb4_0900_ai_ci;

--
-- Dumping data for table `codigos_desconto`
--

INSERT INTO `codigos_desconto` (`id`, `codigo`, `usuario_id`, `premio_id`, `premio_nome`, `premio_valor`, `tipo_desconto`, `valor_desconto`, `usado`, `data_criacao`, `data_uso`, `data_expiracao`) VALUES
(1, 'WCGVFCDH', 1, 1, 'Coca Cola pequena', 0.00, 'valor_fixo', 2.50, 0, '2026-01-29 19:26:28', NULL, '2026-02-28 19:26:29'),
(2, 'X1ULK9KE', 1, 1, 'Coca Cola pequena', 0.00, 'valor_fixo', 2.50, 0, '2026-01-29 19:27:20', NULL, '2026-02-28 19:27:20'),
(3, 'N2I77ZW8', 1, 1, 'Coca Cola pequena', 0.00, 'valor_fixo', 2.50, 0, '2026-01-29 19:39:01', NULL, '2026-02-28 19:39:01'),
(4, '304HUARK', 1, 1, 'Coca Cola pequena', 0.00, 'valor_fixo', 2.50, 0, '2026-01-30 12:55:27', NULL, '2026-03-01 12:55:28'),
(5, 'ZATYQ4Y2', 1, 1, 'Coca Cola pequena', 0.00, 'valor_fixo', 2.50, 0, '2026-02-02 07:13:05', NULL, '2026-03-04 07:13:05'),
(6, '8Y4XPMHD', 1, 2, 'Pipocas doces/Salgadas', 0.00, 'valor_fixo', 4.00, 0, '2026-02-02 08:33:23', NULL, '2026-03-04 08:33:23'),
(7, 'XFDVLQ01', 1, 8, 'Pretzel', 0.00, 'valor_fixo', 3.50, 0, '2026-02-02 08:35:41', NULL, '2026-03-04 08:35:42'),
(8, 'IKL03RDQ', 1, 5, 'Snickers', 0.00, 'valor_fixo', 3.00, 0, '2026-02-02 08:37:09', NULL, '2026-03-04 08:37:09'),
(9, 'QBURPNX5', 1, 2, 'Pipocas doces/Salgadas', 0.00, 'valor_fixo', 4.00, 0, '2026-02-02 08:38:37', NULL, '2026-03-04 08:38:38'),
(10, 'I6YHBW7C', 1, 1, 'Coca Cola pequena', 0.00, 'valor_fixo', 2.50, 0, '2026-02-02 10:17:27', NULL, '2026-03-04 10:17:28'),
(11, 'TYWM1LXZ', 1, 8, 'Pretzel', 0.00, 'valor_fixo', 3.50, 0, '2026-02-02 10:25:45', NULL, '2026-03-04 10:25:46'),
(12, '64T3SPK1', 1, 1, 'Coca Cola pequena', 0.00, 'valor_fixo', 2.50, 0, '2026-02-02 10:35:21', NULL, '2026-03-04 10:35:22'),
(13, 'DXHSAS06', 1, 5, 'Snickers', 0.00, 'valor_fixo', 3.00, 0, '2026-02-02 10:40:54', NULL, '2026-03-04 10:40:54'),
(14, 'N1JF0MPI', 1, 1, 'Coca Cola pequena', 0.00, 'valor_fixo', 2.50, 0, '2026-02-02 11:13:00', NULL, '2026-03-04 11:13:01'),
(15, 'TO02VEU6', 1, 8, 'Pretzel', 0.00, 'valor_fixo', 3.50, 0, '2026-02-03 17:05:55', NULL, '2026-03-05 17:05:56'),
(16, 'GJV5CEAZ', 1, 1, 'Coca Cola pequena', 0.00, 'valor_fixo', 2.50, 0, '2026-02-03 17:16:26', NULL, '2026-03-05 17:16:26'),
(17, 'NTOQTL6K', 1, 8, 'Pretzel', 0.00, 'valor_fixo', 3.50, 0, '2026-02-03 17:25:42', NULL, '2026-03-05 17:25:43'),
(18, '9MUYY1Z8', 1, 1, 'Coca Cola pequena', 0.00, 'valor_fixo', 2.50, 0, '2026-02-03 17:31:26', NULL, '2026-03-05 17:31:27'),
(19, '916QLAVR', 1, 1, 'Coca Cola pequena', 0.00, 'valor_fixo', 2.50, 0, '2026-02-03 17:39:58', NULL, '2026-03-05 17:39:59'),
(20, 'GI2C9IC6', 1, 1, 'Coca Cola pequena', 0.00, 'valor_fixo', 2.50, 0, '2026-02-03 17:55:49', NULL, '2026-03-05 17:55:49'),
(21, 'V7LA3XDF', 1, 6, 'Gomas(fini)', 0.00, 'valor_fixo', 3.00, 0, '2026-02-03 18:17:23', NULL, '2026-03-05 18:17:23'),
(22, 'ECMW6DWJ', 1, 1, 'Coca Cola pequena', 0.00, 'valor_fixo', 2.50, 0, '2026-02-03 18:17:37', NULL, '2026-03-05 18:17:37'),
(23, '4YHCU76A', 1, 1, 'Coca Cola pequena', 0.00, 'valor_fixo', 2.50, 0, '2026-02-03 18:25:11', NULL, '2026-03-05 18:25:12'),
(24, '6UB00E7X', 1, 5, 'Snickers', 0.00, 'valor_fixo', 3.00, 0, '2026-02-03 18:28:49', NULL, '2026-03-05 18:28:50'),
(25, 'MISTDN29', 1, 8, 'Pretzel', 0.00, 'valor_fixo', 3.50, 1, '2026-02-03 18:32:04', '2026-02-03 18:36:09', '2026-03-05 18:32:05'),
(26, 'Q3NGFS3T', 14, 8, 'Pretzel', 0.00, 'valor_fixo', 3.50, 1, '2026-02-10 20:56:09', '2026-02-10 20:58:08', '2026-03-12 20:56:09'),
(27, 'C4D84HBZ', 1, 1, 'Coca Cola pequena', 0.00, 'valor_fixo', 2.50, 1, '2026-02-15 19:48:43', '2026-02-15 19:50:39', '2026-03-17 19:48:44'),
(28, 'NVB3M0B3', 1, 2, 'Pipocas doces/Salgadas', 0.00, 'valor_fixo', 4.00, 1, '2026-02-15 22:41:07', '2026-02-15 22:43:18', '2026-03-17 22:41:08');

-- --------------------------------------------------------

--
-- Table structure for table `filmes`
--

DROP TABLE IF EXISTS `filmes`;
CREATE TABLE IF NOT EXISTS `filmes` (
  `id` int NOT NULL AUTO_INCREMENT,
  `titulo` varchar(200) NOT NULL,
  `sinopse` text,
  `diretor` varchar(100) DEFAULT NULL,
  `idioma_original` varchar(50) DEFAULT NULL,
  `pais_origem` varchar(100) DEFAULT NULL,
  `data_lancamento` date DEFAULT NULL,
  `duracao` int DEFAULT NULL,
  `poster_url` varchar(255) DEFAULT NULL,
  `imagem_grande` varchar(255) DEFAULT NULL,
  `trailer_url` varchar(255) DEFAULT NULL,
  `estado` enum('em_exibicao','brevemente','fora_cartaz') NOT NULL DEFAULT 'em_exibicao',
  `rotten_tomatoes_score` int DEFAULT NULL COMMENT 'Score 0-100',
  `rotten_tomatoes_url` varchar(255) DEFAULT NULL COMMENT 'Link para página RT',
  `imdb_rating` decimal(3,1) DEFAULT NULL COMMENT 'Rating IMDb 0.0-10.0',
  `imdb_url` varchar(255) DEFAULT NULL COMMENT 'Link para página IMDb',
  `idade_recomendada` int DEFAULT NULL,
  `poster_hover` varchar(100) DEFAULT NULL,
  PRIMARY KEY (`id`)
) ENGINE=InnoDB AUTO_INCREMENT=56 DEFAULT CHARSET=utf8mb4 COLLATE=utf8mb4_0900_ai_ci;

--
-- Dumping data for table `filmes`
--

INSERT INTO `filmes` (`id`, `titulo`, `sinopse`, `diretor`, `idioma_original`, `pais_origem`, `data_lancamento`, `duracao`, `poster_url`, `imagem_grande`, `trailer_url`, `estado`, `rotten_tomatoes_score`, `rotten_tomatoes_url`, `imdb_rating`, `imdb_url`, `idade_recomendada`, `poster_hover`) VALUES
(1, 'Rambo III', 'Rambo vai ao Afeganistão para resgatar o Coronel Trautman.', 'Peter MacDonald', 'Inglês', 'Estados Unidos', '1988-05-25', 102, 'imgs/filmes/65a1bc5c8311e.jpg', 'imgs/filmes/rambo-iii.jpg', 'https://www.youtube.com/watch?v=9eJvyU7C2UQ', 'em_exibicao', 44, 'https://www.rottentomatoes.com/m/test_movie', 5.8, 'https://www.imdb.com/title/tt1234567/', 16, 'imgs/f7af5df66f18568592a37aad7268acaf.jpg'),
(2, 'Superman (2025)', 'Num mundo onde o super‑herói mais icónico voltou a aterrar, Clark Kent/Superman enfrenta as consequências das suas intervenções em crises internacionais. Quando a confiança pública vacila, o bilionário brilhante e manipulador Lex Luthor aproveita para desafiar o Homem de Aço. Agora, com o apoio da intrépida jornalista Lois Lane e dos que ainda acreditam no ideal de verdade, justiça e humanidade, Superman terá de provar que a esperança ainda tem lugar neste novo universo', 'James Gunn', 'Inglês', 'Estados Unidos', '2025-07-11', 150, 'imgs/filmes/Superman.jpg', 'imgs/filmes/Superman-2025-Official-Teaser-Trailer.jpg', 'https://www.youtube.com/embed/uhUht6vAsMY?si=Yq3CfJ1KdX_x6LIR&start=83&end=101&autoplay=1&mute=1&controls=0&showinfo=0&rel=0&modestbranding=1', 'em_exibicao', 83, 'https://www.rottentomatoes.com/m/superman_2025', 7.4, 'https://www.imdb.com/title/tt5950044/?ref_=nv_sr_srsg_0_tt_8_nm_0_in_0_q_superman', 12, 'imgs\\3a3d65c1cd6cbd1b722e1159d8057d3e - Cópia.jpg\"'),
(3, 'E.T. the Extra-Terrestrial', 'Um menino faz amizade com um extraterrestre perdido na Terra.', 'Steven Spielberg', 'Inglês', 'Estados Unidos', '1982-06-11', 115, 'imgs/filmes/ET.jpg', 'imgs/filmes/image.jpg', 'https://www.youtube.com/watch?v=FkT-LM8JxCs', 'em_exibicao', 99, 'https://www.rottentomatoes.com/m/et_the_extraterrestrial', 7.9, 'https://www.imdb.com/title/tt0083866/', 10, 'imgs\\de9936fc768350dc3f9ec4efb1d027ed - Cópia.jpg\"'),
(4, 'Back to the Future', 'Um adolescente viaja no tempo e conhece os seus pais quando jovens.', 'Robert Zemeckis', 'Inglês', 'Estados Unidos', '1985-07-03', 116, 'imgs/filmes/Back to the future.jpg', 'imgs/filmes/back-to-the-future-official-40th-anniversary-re-release-trai_1qa1.1200.webp', 'https://www.youtube.com/watch?v=qvsgGtivCgs', 'em_exibicao', 93, 'https://www.rottentomatoes.com/m/back_to_the_future', 8.5, 'https://www.imdb.com/title/tt0088763/', 10, 'imgs/1926836d80bf22cd02e5099a4584bca6.jpg'),
(5, 'Jurassic Park', 'Um parque temático com dinossauros clonados sofre um desastre.', 'Steven Spielberg', 'Inglês', 'Estados Unidos', '1993-06-11', 127, 'imgs/filmes/Jurassic park.jpg', 'imgs/filmes/jurassic-park-rexy-1024x576-e1542845722946.jpg', 'https://www.youtube.com/embed/QWBKEmWWL38?si=jkl012&start=25&end=44&autoplay=1&mute=1&controls=0&showinfo=0&rel=0&modestbranding=1', 'em_exibicao', 92, 'https://www.rottentomatoes.com/m/jurassic_park', 8.2, 'https://www.imdb.com/title/tt0107290/', 13, 'imgs\\ffc21b65aa3b4d849363115a55310ed7 - Cópia.jpg\"'),
(6, 'Scream', 'Um assassino mascarado aterroriza adolescentes de uma pequena cidade.', 'Wes Craven', 'Inglês', 'Estados Unidos', '1996-12-20', 111, 'imgs/filmes/Scream.jpg', 'imgs/filmes/OIP.webp', 'https://www.youtube.com/watch?v=U0LETmDvuXc', 'em_exibicao', 78, 'https://www.rottentomatoes.com/m/1074316-scream', 7.4, 'https://www.imdb.com/title/tt0117571/', 16, 'imgs\\aed55bcc4dbaf6042673164630022dc9 - Cópia.jpg\"'),
(7, 'The Karate Kid', 'Um adolescente aprende karaté com um mestre para enfrentar os seus rivais.', 'John G. Avildsen', 'Inglês', 'Estados Unidos', '1984-06-22', 126, 'imgs/filmes/Karate kid.webp', 'imgs/filmes/R.jpeg', 'https://www.youtube.com/watch?v=r_8Rw16uscg', 'em_exibicao', 89, 'https://www.rottentomatoes.com/m/karate_kid', 7.3, 'https://www.imdb.com/title/tt0087538/', 10, 'imgs/bd63774c72706745b5bdc6a47c0cd252.jpg'),
(8, 'The Shawshank Redemption', 'Dois prisioneiros criam um laço profundo durante anos de prisão.', 'Frank Darabont', 'Inglês', 'Estados Unidos', '1994-09-23', 142, 'imgs/filmes/Shawshank redmption.jpg', 'imgs/filmes/Shawshank-Featured.jpg', 'https://www.youtube.com/watch?v=PLl99DlL6b4', 'em_exibicao', 91, 'https://www.rottentomatoes.com/m/shawshank_redemption', 9.3, 'https://www.imdb.com/title/tt0111161/', 16, 'imgs/0736e316f455a0422a4da65be1c9e9a3.jpg'),
(9, 'Homem-Aranha: No Aranhaverso', 'Miles Morales descobre que existem múltiplos Homens-Aranha no multiverso.', 'Bob Persichetti, Peter Ramsey, Rodney Rothman', 'Inglês', 'Estados Unidos', '2018-12-14', 117, 'imgs/filmes/spider-man-into-the-spider-verse.jpg', 'imgs/filmes/R (1).jpeg', 'https://www.youtube.com/watch?v=g4Hbz2jLxvQ&t=15s', 'em_exibicao', 97, 'https://www.rottentomatoes.com/m/spider_man_into_the_spider_verse', 8.4, 'https://www.imdb.com/title/tt4633694/', 10, 'imgs\\582f3977ea299969fcb3544fe59675ab - Cópia.jpg\"'),
(10, 'Seven', 'Dois detectives perseguem um serial killer que baseia seus crimes nos sete pecados capitais.', 'David Fincher', 'Inglês', 'Estados Unidos', '1995-09-22', 127, 'imgs/filmes/Seven.jpg', 'imgs/filmes/635801.jpg', 'https://www.youtube.com/watch?v=KPOuJGkpblk', 'em_exibicao', 83, 'https://www.rottentomatoes.com/m/seven', 8.6, 'https://www.imdb.com/title/tt0114369/', 16, 'imgs\\983710f239516f59ff5b216fa60a714b - Cópia.jpg\"'),
(11, 'The Hangover', 'Três amigos tentam descobrir o que aconteceu na despedida de solteiro em Las Vegas.', 'Todd Phillips', 'Inglês', 'Estados Unidos', '2009-06-05', 100, 'imgs/filmes/hangouver.jpg', 'imgs/filmes/know-these-20-facts-hangover.webp', 'https://www.youtube.com/watch?v=tlize92ffnY', 'em_exibicao', 79, 'https://www.rottentomatoes.com/m/hangover', 7.7, 'https://www.imdb.com/title/tt1119646/', 16, 'imgs\\a42674bc_8b09dcdda85982aed429747b0c90eb29.jpg\"'),
(12, 'Como Treinares o Teu Dragão 3', 'Hiccup e Toothless descobrem um mundo de dragões selvagens.', 'Dean DeBlois', 'Inglês', 'Estados Unidos', '2019-02-22', 104, 'imgs/filmes/How to train your dragon.jpg', 'imgs/filmes/mv5bmzi3mtc2ndy4mv5bml5banbnxkftztgwndu3nti2njm-v1-sx1777-cr001777736-al.avif', 'https://www.youtube.com/watch?v=SkcucKDrbOI', 'em_exibicao', 90, 'https://www.rottentomatoes.com/m/how_to_train_your_dragon_the_hidden_world', 7.5, 'https://www.imdb.com/title/tt2386490/', 10, 'imgs\\119a16babbb09895cfcc3f58ce3a6f97 - Cópia.jpg\"'),
(13, 'The Black Phone 2', 'Após os eventos do primeiro filme, Finn e Gwen enfrentam novos horrores quando o misterioso telefone preto volta a tocar, revelando segredos sombrios de seu passado.', 'Scott Derrickson', 'Inglês', 'Estados Unidos', '2025-10-17', 114, 'imgs/filmes/The Black Phone 2.jpg', 'imgs/filmes/black_phone_2.jpg', 'https://www.youtube.com/watch?v=DdR-gzFZoDk', 'em_exibicao', 72, 'https://www.rottentomatoes.com/m/black_phone_2', 6.4, 'https://www.imdb.com/title/tt29644189/', 16, 'imgs\\67b3159994a9c0a182be805994933b78 - Cópia.jpg\"'),
(14, 'The Conjuring: Last Rites', 'Investigadores paranormais Ed e Lorraine Warren enfrentam seu caso mais aterrador, com entidades que desafiam sua experiência, no capítulo final da saga iniciada em 2013.', 'Michael Chaves', 'Inglês', 'Estados Unidos', '2025-09-05', 135, 'imgs/filmes/24TTrTCttPJnBNVC0NFGj9P0dMb.webp', 'imgs/filmes/l-intro-1760718440.jpg', 'https://www.youtube.com/watch?v=bMgfsdYoEEo', 'em_exibicao', 59, 'https://www.rottentomatoes.com/m/the_conjuring_last_rites', 6.2, 'https://www.imdb.com/title/tt22898462/', 16, 'imgs\\96d13790ba1eea310128da223a1efe26 - Cópia.jpg\"'),
(15, 'Demon Slayer – Infinity Castle', 'Tanjiro e os Caçadores enfrentam Muzan no arco final.', 'Haruo Sotozaki', 'Japonês', 'Japão', '2025-07-18', 155, 'imgs/filmes/film-demon-slayer-la-forteresse-infinie-visuel-2.webp', 'imgs/filmes/demon-slayer-infinity-castle.webp', 'https://www.youtube.com/watch?v=x7uLutVRBfI', 'em_exibicao', 98, 'https://www.rottentomatoes.com/m/demon_slayer_kimetsu_no_yaiba_infinity_castle', 8.5, 'https://www.imdb.com/title/tt32820897/', 12, 'imgs\\1025eb3d_1e5db40d62965c506d471c8c806b0da2.jpg\"'),
(16, 'The Smashing Machine', 'A história do lutador de MMA Mark Kerr, enfrentando desafios dentro e fora do ringue.', 'Benny Safdie', 'Inglês', 'Estados Unidos', '2025-10-03', 123, 'imgs/filmes/the-smashing-machine-official-poster.avif', 'imgs/filmes/the-smashing-machine-a24.webp', 'https://www.youtube.com/watch?v=aRpnP3LZ99g', 'em_exibicao', 70, 'https://www.rottentomatoes.com/m/the_smashing_machine_2025', 6.6, 'https://www.imdb.com/title/tt11214558/', 16, 'imgs/The_Smashing_Machine_Thumb_d86d918480.jpg'),
(17, 'Rocky IV', 'Após a morte do seu amigo Apollo Creed numa luta contra o boxeador russo Ivan Drago, Rocky Balboa decide enfrentá-lo numa luta épica em Moscovo, colocando a honra e o orgulho em jogo durante a Guerra Fria.', 'Sylvester Stallone', 'Inglês', 'Estados Unidos', '1985-11-27', 91, 'imgs/filmes/jmvpwgW5M2kduR9zB0q8qGFC4zM.webp', 'imgs/filmes/MKWEioPFtFOtcSUrLe6dhzDizldbkqRNykVde66L6HQ.webp', 'https://www.youtube.com/watch?v=4qjV0bB2V0Q', 'em_exibicao', 79, 'https://www.rottentomatoes.com/m/rocky_iv', 6.9, 'https://www.imdb.com/title/tt0089927/', 10, 'imgs\\474696ab5c5ddcc3005f8d974fc1a073 - Cópia.jpg\"'),
(18, 'Sinners', 'Ambientado em 1932 no Delta do Mississippi, os irmãos gêmeos Smoke e Stack retornam à sua cidade natal para recomeçar, mas descobrem que um mal ainda maior os espera.', 'Ryan Coogler', 'Inglês', 'Estados Unidos', '2025-04-18', 138, 'imgs/filmes/sinners-official-poster.jpg', 'imgs/filmes/sinners-hed.jpg', 'https://www.youtube.com/watch?v=bKGxHflevuk', 'em_exibicao', 97, 'https://www.rottentomatoes.com/m/sinners_2025', 8.2, 'https://www.imdb.com/title/tt31193180/', 16, 'imgs/b01a2671a2aee6e6acc1efb91bdc11c2.jpg'),
(19, 'Gladiator II', 'O filme segue Lucius Verus, sobrinho de Cómodo, que após as invasões romanas é forçado a tornar-se gladiador e enfrenta uma nova era de lutas e conspirações em Roma.', 'Ridley Scott', 'Inglês', 'Estados Unidos', '2024-11-22', 148, 'imgs/filmes/fedce497491780e5a5d856d0602eebc0_original.jpg', 'imgs/filmes/1094465-gladiator-2-paul-mescal-est-lucius.jpg', 'https://www.youtube.com/watch?v=4rgYUipGJNo', 'em_exibicao', 70, 'https://www.rottentomatoes.com/m/gladiator_ii', 6.5, 'https://www.imdb.com/title/tt9218128/', 16, 'imgs/410de0484f85d5213a869b017cc1b137.jpg'),
(20, 'The Batman', 'Quando o crime se espalha por Gotham City e um assassino sádico deixa um rastro de enigmas, Batman mergulha nas profundezas da corrupção e descobre segredos sombrios que podem mudar tudo.', 'Matt Reeves', 'Inglês', 'Estados Unidos', '2022-03-04', 176, 'imgs/filmes/Batman.jpg', 'imgs/filmes/196-The-Batman-Dest-scaled.jpg', 'https://www.youtube.com/embed/mqqft2x_Aa4?si=abc123&start=45&end=65&autoplay=1&mute=1&controls=0&showinfo=0&rel=0&modestbranding=1', 'em_exibicao', 85, 'https://www.rottentomatoes.com/m/the_batman', 7.8, 'https://www.imdb.com/title/tt1877830/', 14, 'imgs\\98cfc504d0b12fc81303a01c2b7405dd - Cópia.jpg\"'),
(22, 'Odisseia', 'Uma epopeia visual e emocional onde um astronauta atravessa dimensões do tempo e da memória para salvar aquilo que mais ama. À medida que a missão se desenrola, segredos do seu passado e do universo põem em causa o próprio conceito de realidade.', 'Christopher Nolan', 'Inglês', 'Estados Unidos', '2026-12-04', 165, 'imgs/filmes/image001.avif', 'imgs/filmes/matt-damon-in-the-odyssey.avif', 'https://www.youtube.com/watch?v=EXEMPLO_ODISSEIA', 'brevemente', NULL, NULL, NULL, NULL, 13, NULL),
(23, 'Five Nights at Freddy\'s 2', 'Sequência sombria onde um novo segurança nocturno descobre que os animatrónicos reencenderam as suas memórias — e a sua sede por sangue. À medida que as noites passam a entidade que habita a fábrica fica mais inteligente e vingativa.', 'Emma Tammi', 'Inglês', 'Estados Unidos', '2025-12-04', 105, 'imgs/filmes/five-nights-at-freddy-s-2-the-movie-fan-casting-poster-408632-large.jpg', 'imgs/filmes/may-has-broken-a-major-five-nights-at-freddy-s-tradition.avif', 'https://www.youtube.com/watch?v=dSDpoobO6yM&t=2s', 'em_exibicao', NULL, NULL, NULL, NULL, 16, 'imgs/4e3e7e45b809a8f37d85ba9072f70b0c.jpg'),
(24, '28 Years Later: The Bone Temple', 'Anos após uma vaga de terror que varreu o país, um pequeno grupo de sobreviventes segue pistas até ao mítico \"Bone Temple\". À medida que a noite cai, segredos do passado ressurgem e a linha entre sã consciência e loucura desvanece.', 'Ava Richardson', 'Inglês', 'Reino Unido', '2026-01-16', 110, 'imgs/filmes/28-years-later_-the-bone-temple-poster.avif', 'imgs/filmes/M1tfi8TCyk2tubfoP57iwA.jpg', 'https://www.youtube.com/watch?v=EOwTdTZA8D8', 'em_exibicao', NULL, NULL, NULL, NULL, 16, 'imgs\\d428b9ca592a2b47ca8623d17ce8767d.jpg\"'),
(25, 'Mortal Kombat 2', 'Após os eventos do primeiro torneio, os guerreiros da Terra enfrentam uma nova ameaça quando Shao Kahn decide invadir o seu mundo. Novos campeões entram em combate, e as alianças serão postas à prova enquanto o destino dos reinos é decidido.', 'Simon McQuoid', 'Inglês', 'Estados Unidos', '2026-05-08', 118, 'imgs/filmes/mortal-kombat-2-poster.avif', 'imgs/filmes/spieleverfilmungen-featured-mortal-kombat-2-cast-warner-bros-960x540.jpg', 'https://www.youtube.com/watch?v=YOOPPPM2mB8', 'brevemente', NULL, NULL, NULL, NULL, 16, NULL),
(26, 'Spider-Man: Brand New Day', 'Após os eventos do Multiverso, Peter Parker tenta reconstruir a sua vida enquanto enfrenta as consequências de um mundo que o esqueceu. Quando um novo vilão surge com o poder de manipular memórias, Peter é forçado a lutar não só pelo futuro de Nova Iorque, mas também pela sua própria identidade.', 'Jon Watts', NULL, NULL, '2026-07-10', 142, 'imgs/filmes/SPIDER-MAN-BRAND-NEW-DAY.jpg', 'imgs/filmes/no-way-home-final-swing-v0-ptw4d7fv6h1b1.webp', 'https://www.youtube.com/embed/JfVOs4VSpmA?si=def456&start=30&end=46&autoplay=1&mute=1&controls=0&showinfo=0&rel=0&modestbranding=1', 'brevemente', NULL, NULL, NULL, NULL, NULL, NULL),
(27, 'Supergirl: Woman of Tomorrow', 'Kara Zor-El, prima de Superman, embarca numa jornada de vingança e autodescoberta através da galáxia. Após testemunhar uma tragédia pessoal, Supergirl é forçada a enfrentar o lado mais sombrio do universo — e de si própria — enquanto decide que tipo de heroína deseja ser.', 'Craig Gillespie', 'Inglês', 'Estados Unidos', '2026-06-26', 135, 'imgs/filmes/5Yx1evq4mvo3eOKvcYq8BtnnIp1.webp', 'imgs/filmes/6m3jGKVlYGTZ4IwAYU2tI6HdjN4-1200-1200-675-675-crop-000000.jpg', 'https://www.youtube.com/watch?v=EXEMPLO_SUPERGIRL', 'brevemente', NULL, NULL, NULL, NULL, 12, 'https://www.youtube.com/watch?v=YqdAEdkHrwo'),
(28, 'Cantando na Chuva', 'Um astro do cinema mudo enfrenta dificuldades na transição para os filmes falados. Musical icónico que celebra a era dourada de Hollywood.', 'Stanley Donen, Gene Kelly', 'Inglês', 'EUA', '1952-04-11', 103, 'imgs/filmes/singing in the rain.jpg', NULL, 'https://www.youtube.com/watch?v=lSE8sl2-PZg', 'em_exibicao', 100, 'https://www.rottentomatoes.com/m/singin_in_the_rain', 8.3, 'https://www.imdb.com/title/tt0045152/', 0, 'imgs/ec89d1f3e0b55b7529730229c71c5111.jpg'),
(29, 'Sunset Boulevard', 'Joe Gillis, um roteirista em dificuldades, encontra refúgio na mansão de Norma Desmond, uma antiga estrela do cinema mudo que vive isolada e sonha com o seu retorno triunfal. À medida que Joe se envolve na vida dela, descobre um mundo de ilusões, solidão e decadência, onde a fronteira entre fama e loucura se desvanece.', 'Billy Wilder', 'Inglês', 'EUA', '1850-08-10', 112, 'imgs/filmes/Sunset-Boulevard-film-images-246a2c53-2878-414c-9eb8-065564e64a4.jpg', 'imgs/filmes/sunsetboulevard1950.4254.webp', 'https://www.youtube.com/watch?v=_dY0SVxnHjQ', 'em_exibicao', 98, 'https://www.rottentomatoes.com/m/sunset_boulevard', 8.4, 'https://www.imdb.com/title/tt0043014/', 10, 'imgs/d494a7f2c7fd77bfeb2da8431cc3ed56.jpg'),
(30, 'Psycho', 'Uma secretária rouba dinheiro e foge, parando num motel isolado gerido por Norman Bates. O que se segue é um dos thrillers mais icónicos da história do cinema.', 'Alfred Hitchcock', 'Inglês', 'EUA', '1960-09-08', 109, 'imgs/filmes/Psycho-1960-film-images-fe8c0937-1b83-4cd5-994e-9a31ee9657e.jpg', 'imgs/filmes/psycho.avif', 'https://www.youtube.com/watch?v=Wz719b9QUqY', 'em_exibicao', 96, 'https://www.rottentomatoes.com/m/psycho', 8.5, 'https://www.imdb.com/title/tt0054215/', 0, 'imgs/e5426ab9b5a4be2f1f134274c50b7704.jpg'),
(31, 'Lawrence da Arábia', 'A história épica de T.E. Lawrence, um oficial britânico que uniu tribos árabes durante a Primeira Guerra Mundial. Vencedor de 7 Óscares.', 'David Lean', 'Inglês', 'Reino Unido', '1962-12-16', 216, 'imgs/filmes/0937b63d234e2b38313f7530908b376c_XL.jpg', 'imgs/filmes/vised-lawrence-of-arabia-wide-screen-camels.jpg', 'https://www.youtube.com/watch?v=vOlRhGEhG7k', 'em_exibicao', 94, 'https://www.rottentomatoes.com/m/lawrence_of_arabia', 8.3, 'https://www.imdb.com/title/tt0056172/', 0, 'imgs/69e25fe0c71ea0db2c89c39baf6ec6c6.jpg'),
(32, '2001: Odisseia no Espaço', 'Uma viagem épica através do espaço e do tempo, explorando a evolução humana e o encontro com inteligência artificial. Obra-prima visionária de Kubrick.', 'Stanley Kubrick', 'Inglês', 'Reino Unido / EUA', '1968-04-02', 149, 'imgs/filmes/R.jpg', 'imgs/filmes/R (1).jpg', 'https://www.youtube.com/watch?v=7E9CD3Hucws', 'em_exibicao', 92, 'https://www.rottentomatoes.com/m/2001_a_space_odyssey', 8.3, 'https://www.imdb.com/title/tt0062622/', 0, 'imgs/691047e85c11d004b4ddacabc2869c69.jpg'),
(33, 'Star Wars: Episódio IV - Uma Nova Esperança', 'Luke Skywalker junta-se à Aliança Rebelde para destruir a Estrela da Morte e salvar a Princesa Leia das garras do Império Galáctico.', 'George Lucas', 'Inglês', 'EUA', '1977-05-25', 121, 'imgs/filmes/star wars.jpg', 'imgs/filmes/a.jpg', 'https://www.youtube.com/watch?v=vZ734NWnAHA', 'em_exibicao', 93, 'https://www.rottentomatoes.com/m/star_wars', 8.6, 'https://www.imdb.com/title/tt0076759/', 0, 'imgs/70076f7dd43959aa4f9a5326bc2c9bb6.jpg'),
(34, 'Taxi Driver', 'Um veterano de guerra solitário trabalha como taxista em Nova Iorque e planeja salvar uma jovem prostituta da vida nas ruas. Drama psicológico intenso.', 'Martin Scorsese', NULL, NULL, '1976-02-08', 114, 'imgs\\filme_34_6f914397.jpg\"', 'imgs/filmes/taxi-driver-filmi.jpg', 'https://www.youtube.com/watch?v=T5IligQP7Fo', 'em_exibicao', NULL, 'https://www.rottentomatoes.com/m/taxi_driver', NULL, 'https://www.imdb.com/title/tt0075314/', 0, 'imgs\\526106c0ccce111d7600a01348980485.jpg\"'),
(35, 'O Exorcista', 'Uma menina de 12 anos é possuída por uma entidade demoníaca. Dois padres tentam salvá-la através de um exorcismo. Um dos filmes de terror mais assustadores de sempre.', 'William Friedkin', 'Inglês', 'EUA', '1973-12-26', 122, 'imgs/filmes/exorcista.webp', 'imgs/filmes/o-exorcista-1973-filme-cena.jpg', 'https://www.youtube.com/watch?v=4x6a6igB1AQ', 'em_exibicao', 84, 'https://www.rottentomatoes.com/m/exorcist', 8.1, 'https://www.imdb.com/title/tt0070047/', 16, 'imgs/83d3b65f715d93f31a1eb5d358602ace.jpg'),
(38, 'Os Caçadores da Arca Perdida', 'O arqueólogo Indiana Jones é contratado pelo governo americano para encontrar a Arca da Aliança antes dos nazis. Aventura épica cheia de ação.', 'Steven Spielberg', NULL, NULL, '1986-05-08', 115, 'imgs\\filmes\\indiana jones.webp\"', 'imgs/filmes/3026122-indy.jpg', 'https://www.youtube.com/watch?v=XkkzKHCx154', 'em_exibicao', NULL, 'https://www.rottentomatoes.com/m/raiders_of_the_lost_ark', NULL, 'https://www.imdb.com/title/tt0082971/', 10, 'imgs/eb54a5dac4861b4908a9f9a2ab8f2d32.jpg'),
(39, 'La La Land', 'Uma atriz aspirante e um pianista de jazz lutam para alcançar os seus sonhos em Los Angeles, enquanto vivem um romance marcado por escolhas difíceis.', 'Damien Chazelle', NULL, NULL, '2016-12-09', 128, 'imgs/filmes/la.jpg', 'imgs/filmes/la2.jpg', 'https://www.youtube.com/watch?v=0pdqf4P9MB8', 'em_exibicao', NULL, 'https://www.rottentomatoes.com/m/la_la_land', NULL, 'https://www.imdb.com/title/tt3783958/', 0, 'imgs/0d82d8434adc4352e1e7b6c1f61dc5f7.jpg'),
(40, 'Casablanca', 'Durante a Segunda Guerra Mundial, o dono de um bar em Casablanca reencontra um grande amor do passado, levando a escolhas difíceis num clima de resistência e sacrifício.', 'Michael Curtiz', 'Inglês', 'Estados Unidos', '1950-11-25', 102, 'imgs/filmes/casablanca.jpg', 'imgs/filmes/casablanca-photo1.jpg', 'https://www.youtube.com/watch?v=MF7JH_54d8c', 'em_exibicao', 99, 'https://www.rottentomatoes.com/m/casablanca', 8.5, 'https://www.imdb.com/title/tt0034583/', 12, 'imgs/fef6c149f363ad038ad59e2dff2b7957.jpg'),
(42, 'Materialists', 'Lucy (Dakota Johnson) é uma casamenteira de luxo em Nova Iorque que se envolve num triângulo amoroso entre o seu ex-namorado John (Chris Evans), que é ator e vive em dificuldades, e Harry (Pedro Pascal), um milionário atraente.', 'Celine Song', 'Inglês', 'Estados Unidos', '2025-06-13', 117, 'imgs/filmes/OIP (6).webp', 'imgs/filmes/9mMslH0Bn3agSQTrR6vQBvzUYHt.webp', 'https://www.youtube.com/watch?v=4A_kmjtsJ7c', 'em_exibicao', 79, 'https://www.rottentomatoes.com/m/materialists', 6.3, 'https://www.imdb.com/title/tt30253473/?ref_=nv_sr_srsg_0_tt_8_nm_0_in_0_q_mater', 12, 'imgs/6bf9914c0531c3a6ed1ab8d1401cbc01.jpg'),
(43, 'Super Mario Galaxy', 'O filme será uma sequência de The Super Mario Bros. Movie (2023) e adapta elementos do videojogo Super Mario Galaxy.', 'Aaron Horvath', NULL, NULL, '2026-03-02', 120, 'imgs/filmes/SupermariogalaxymovieBig59901.webp', NULL, 'https://www.youtube.com/watch?v=FdL2GorGdKc', 'brevemente', NULL, '', NULL, '', 0, NULL),
(55, 'Avenger\'s Doomsday', 'gay', 'A definir', NULL, NULL, '2024-01-01', 300, 'imgs/filmes/e93a7cd7_doomsday.jpg', NULL, '', 'brevemente', NULL, '', NULL, '', 0, NULL);

-- --------------------------------------------------------

--
-- Table structure for table `filmes_cinemas`
--

DROP TABLE IF EXISTS `filmes_cinemas`;
CREATE TABLE IF NOT EXISTS `filmes_cinemas` (
  `id` int NOT NULL AUTO_INCREMENT,
  `filme_id` int NOT NULL,
  `cinema_id` int NOT NULL,
  PRIMARY KEY (`id`),
  KEY `fk_filmes_cinemas_filme` (`filme_id`),
  KEY `fk_filmes_cinemas_cinema` (`cinema_id`)
) ENGINE=InnoDB AUTO_INCREMENT=236 DEFAULT CHARSET=utf8mb4 COLLATE=utf8mb4_0900_ai_ci;

--
-- Dumping data for table `filmes_cinemas`
--

INSERT INTO `filmes_cinemas` (`id`, `filme_id`, `cinema_id`) VALUES
(1, 1, 1),
(2, 1, 2),
(3, 1, 3),
(4, 1, 7),
(5, 1, 8),
(6, 2, 1),
(7, 2, 3),
(8, 2, 4),
(9, 2, 5),
(10, 2, 7),
(11, 2, 8),
(12, 3, 1),
(13, 3, 3),
(14, 3, 4),
(15, 3, 5),
(16, 3, 7),
(17, 3, 8),
(18, 4, 1),
(19, 4, 3),
(20, 4, 4),
(21, 4, 5),
(22, 4, 7),
(23, 4, 8),
(24, 5, 1),
(25, 5, 3),
(26, 5, 4),
(27, 5, 5),
(28, 5, 7),
(29, 5, 8),
(30, 6, 1),
(31, 6, 3),
(32, 6, 4),
(33, 6, 5),
(34, 6, 7),
(35, 6, 8),
(36, 7, 1),
(37, 7, 3),
(38, 7, 4),
(39, 7, 5),
(40, 7, 7),
(41, 7, 8),
(42, 8, 1),
(43, 8, 3),
(44, 8, 4),
(45, 8, 5),
(46, 8, 7),
(47, 8, 8),
(48, 9, 1),
(49, 9, 3),
(50, 9, 4),
(51, 9, 5),
(52, 9, 7),
(53, 9, 8),
(54, 10, 1),
(55, 10, 3),
(56, 10, 4),
(57, 10, 5),
(58, 10, 7),
(59, 10, 8),
(60, 11, 1),
(61, 11, 3),
(62, 11, 4),
(63, 11, 5),
(64, 11, 7),
(65, 11, 8),
(66, 12, 1),
(67, 12, 3),
(68, 12, 4),
(69, 12, 5),
(70, 12, 7),
(71, 12, 8),
(72, 13, 1),
(73, 13, 3),
(74, 13, 4),
(75, 13, 5),
(76, 13, 7),
(77, 13, 8),
(78, 14, 1),
(79, 14, 3),
(80, 14, 4),
(81, 14, 5),
(82, 14, 7),
(83, 14, 8),
(84, 15, 1),
(85, 15, 3),
(86, 15, 4),
(87, 15, 5),
(88, 15, 7),
(89, 15, 8),
(90, 16, 1),
(91, 16, 3),
(92, 16, 4),
(93, 16, 5),
(94, 16, 7),
(95, 16, 8),
(96, 17, 1),
(97, 17, 3),
(98, 17, 4),
(99, 17, 5),
(100, 17, 7),
(101, 17, 8),
(102, 18, 1),
(103, 18, 3),
(104, 18, 4),
(105, 18, 5),
(106, 18, 7),
(107, 18, 8),
(108, 19, 1),
(109, 19, 3),
(110, 19, 4),
(111, 19, 5),
(112, 19, 7),
(113, 19, 8),
(114, 20, 1),
(115, 20, 3),
(116, 20, 4),
(117, 20, 5),
(118, 20, 7),
(119, 20, 8),
(120, 28, 1),
(121, 28, 2),
(122, 28, 3),
(123, 28, 4),
(124, 28, 7),
(125, 28, 9),
(126, 28, 12),
(127, 28, 14),
(128, 28, 15),
(129, 29, 1),
(130, 29, 2),
(131, 29, 3),
(132, 30, 1),
(133, 30, 2),
(134, 30, 3),
(135, 31, 1),
(136, 31, 2),
(137, 31, 3),
(138, 32, 1),
(139, 32, 2),
(140, 32, 3),
(141, 33, 1),
(142, 33, 2),
(143, 33, 3),
(144, 34, 1),
(145, 34, 2),
(146, 34, 3),
(147, 35, 1),
(148, 35, 2),
(149, 35, 3),
(150, 38, 1),
(151, 38, 2),
(152, 38, 3),
(153, 39, 1),
(154, 39, 2),
(155, 39, 3),
(156, 40, 1),
(157, 40, 2),
(158, 40, 3),
(159, 42, 1),
(160, 42, 2),
(161, 42, 3),
(162, 39, 7),
(163, 39, 13),
(164, 39, 12),
(165, 38, 4),
(166, 38, 14),
(167, 38, 15),
(168, 38, 12),
(169, 38, 6),
(170, 35, 5),
(171, 35, 4),
(172, 35, 15),
(173, 35, 14),
(175, 34, 4),
(176, 34, 8),
(177, 34, 15),
(178, 34, 13),
(180, 33, 9),
(181, 33, 6),
(182, 33, 11),
(183, 33, 15),
(184, 33, 14),
(185, 42, 4),
(186, 42, 14),
(187, 42, 15),
(188, 32, 4),
(189, 32, 15),
(190, 32, 14),
(191, 32, 11),
(192, 31, 14),
(193, 31, 4),
(194, 31, 13),
(195, 31, 11),
(196, 31, 14),
(197, 31, 15),
(198, 30, 15),
(199, 30, 8),
(200, 30, 14),
(201, 30, 4),
(202, 30, 14),
(203, 30, 12),
(204, 30, 5),
(205, 29, 15),
(206, 29, 14),
(207, 29, 4),
(208, 40, 15),
(209, 40, 4),
(210, 40, 14),
(211, 38, 10),
(216, 35, 6),
(218, 23, 1),
(223, 38, 5),
(228, 31, 8),
(235, 55, 7);

-- --------------------------------------------------------

--
-- Table structure for table `filme_atores`
--

DROP TABLE IF EXISTS `filme_atores`;
CREATE TABLE IF NOT EXISTS `filme_atores` (
  `id` int NOT NULL AUTO_INCREMENT,
  `filme_id` int DEFAULT NULL,
  `ator_id` int DEFAULT NULL,
  `papel` varchar(100) DEFAULT NULL,
  PRIMARY KEY (`id`),
  KEY `fk_filme_atores_filme` (`filme_id`),
  KEY `fk_filme_atores_ator` (`ator_id`)
) ENGINE=InnoDB AUTO_INCREMENT=215 DEFAULT CHARSET=utf8mb4 COLLATE=utf8mb4_0900_ai_ci;

--
-- Dumping data for table `filme_atores`
--

INSERT INTO `filme_atores` (`id`, `filme_id`, `ator_id`, `papel`) VALUES
(74, 1, 2, 'Coronel Trautman'),
(75, 1, 3, 'Zaysen'),
(76, 2, 4, 'Clark Kent / Superman'),
(77, 2, 5, 'Lois Lane'),
(78, 2, 6, 'Lex Luthor'),
(79, 3, 7, 'Elliott'),
(80, 3, 8, 'Gertie'),
(81, 3, 9, 'Mary'),
(82, 4, 10, 'Marty McFly'),
(83, 4, 11, 'Dr. Emmett Brown'),
(84, 4, 12, 'Lorraine Baines'),
(85, 5, 13, 'Dr. Alan Grant'),
(86, 5, 14, 'Dr. Ellie Sattler'),
(87, 5, 15, 'Dr. Ian Malcolm'),
(88, 6, 16, 'Sidney Prescott'),
(89, 6, 17, 'Gale Weathers'),
(90, 6, 18, 'Dewey Riley'),
(91, 7, 19, 'Daniel LaRusso'),
(92, 7, 20, 'Sr. Miyagi'),
(93, 7, 21, 'Ali Mills'),
(94, 8, 22, 'Andy Dufresne'),
(95, 8, 23, 'Ellis Boyd Redding'),
(96, 8, 24, 'Warden Norton'),
(97, 9, 25, 'Miles Morales / Spider-Man'),
(98, 9, 26, 'Peter B. Parker / Spider-Man'),
(99, 9, 27, 'Gwen Stacy / Spider-Woman'),
(100, 10, 28, 'Detetive David Mills'),
(101, 10, 23, 'Detetive William Somerset'),
(102, 10, 29, 'John Doe'),
(103, 11, 30, 'Phil Wenneck'),
(104, 11, 31, 'Alan Garner'),
(105, 11, 32, 'Stu Price'),
(106, 12, 33, 'Hiccup Horrendous Haddock III'),
(107, 12, 34, 'Astrid Hofferson'),
(109, 13, 47, 'Finney Blake'),
(110, 13, 48, 'The Grabber'),
(111, 13, 49, 'Gwen Blake'),
(114, 15, 52, 'Tanjiro Kamado'),
(115, 15, 53, 'Inosuke Hashibira'),
(116, 15, 54, 'Zenitsu Agatsuma'),
(118, 18, 56, 'Smoke/Stack'),
(120, 18, 27, 'Mary'),
(121, 18, 57, 'Sammie Moore'),
(122, 14, 58, 'Lorraine Warren'),
(125, 19, 61, 'Lucius'),
(126, 19, 62, 'Macrinus'),
(127, 19, 63, 'Marcus Acacius'),
(128, 20, 64, 'Bruce Wayne / Batman'),
(129, 20, 65, 'Selina Kyle / Catwoman'),
(130, 20, 66, 'Oswald Cobblepot / The Penguin'),
(132, 17, 67, 'Apollo Creed'),
(133, 17, 68, 'Ivan Drago'),
(134, 16, 69, 'Mark Kerr'),
(135, 16, 70, 'Dawn Staples'),
(136, 16, 71, 'Mark Coleman'),
(137, 12, 35, 'Stoick'),
(138, 22, 72, 'Odysseus'),
(139, 22, 73, 'Telemachus'),
(140, 22, 74, 'Penelope'),
(141, 23, 75, 'Mike Schmidt'),
(142, 23, 76, 'Elizabeth Afton'),
(143, 23, 77, 'William Afton / Purple Guy'),
(144, 28, 78, 'Don Lockwood'),
(145, 28, 80, 'Cosmo Brown'),
(146, 28, 81, 'Kathy Selden'),
(148, 39, 83, 'Sebastian'),
(149, 39, 85, 'Mia'),
(150, 39, 84, 'Tracy'),
(151, 42, 87, 'Lucy'),
(152, 42, 86, 'John'),
(154, 40, 88, 'Rick Blaine'),
(155, 40, 89, 'Ilsa Lund'),
(156, 40, 90, 'Victor Laszlo'),
(159, 38, 93, 'Short Round'),
(160, 35, 94, 'Chris MacNeil'),
(161, 35, 95, 'Father Merrin'),
(162, 35, 96, 'LT. Kinderman'),
(163, 34, 99, 'Travis Bickle'),
(164, 34, 98, 'Betsy'),
(165, 34, 97, 'Wizard'),
(166, 33, 101, 'Luke Skywalker'),
(167, 33, 100, 'Leia Organa'),
(168, 33, 91, 'Han Solo'),
(169, 31, 104, 'Lawrance'),
(170, 31, 102, 'Auda Abu Taiy'),
(171, 31, 103, 'Prince Faisal'),
(172, 14, 60, NULL),
(173, 30, 106, 'Norman Bates'),
(174, 30, 107, 'Lila Crane'),
(175, 30, 105, 'Sam Loomies'),
(176, 32, 108, 'Dr. Dave Borman'),
(177, 32, 109, 'Dr. Frank Poole'),
(178, 32, 110, 'Dr. Heywood R Floyd'),
(179, 29, 113, 'Joe Gillis'),
(180, 29, 112, 'Norma Desmond'),
(181, 29, 111, 'Max Von Mayerling'),
(182, 14, 59, 'Ed Warren'),
(183, 38, 91, 'Indiana Jones'),
(184, 42, 63, 'Harry'),
(189, 38, 92, 'Willie Scot'),
(212, 17, 120, 'Rocky Balboa'),
(213, 1, 120, 'John Rambo');

-- --------------------------------------------------------

--
-- Table structure for table `filme_generos`
--

DROP TABLE IF EXISTS `filme_generos`;
CREATE TABLE IF NOT EXISTS `filme_generos` (
  `id` int NOT NULL AUTO_INCREMENT,
  `filme_id` int NOT NULL,
  `genero_id` int NOT NULL,
  PRIMARY KEY (`id`),
  UNIQUE KEY `filme_id` (`filme_id`,`genero_id`),
  KEY `fk_filme_generos_genero` (`genero_id`)
) ENGINE=InnoDB AUTO_INCREMENT=144 DEFAULT CHARSET=utf8mb4 COLLATE=utf8mb4_0900_ai_ci;

--
-- Dumping data for table `filme_generos`
--

INSERT INTO `filme_generos` (`id`, `filme_id`, `genero_id`) VALUES
(1, 1, 1),
(2, 1, 2),
(67, 1, 12),
(3, 2, 1),
(118, 2, 2),
(5, 2, 3),
(6, 3, 2),
(7, 3, 3),
(8, 3, 7),
(68, 3, 12),
(9, 4, 2),
(10, 4, 3),
(11, 4, 7),
(66, 4, 12),
(12, 5, 1),
(13, 5, 2),
(14, 5, 3),
(69, 5, 12),
(15, 6, 5),
(70, 6, 12),
(16, 7, 1),
(17, 7, 4),
(18, 7, 7),
(71, 7, 12),
(19, 8, 4),
(72, 8, 12),
(20, 9, 1),
(21, 9, 2),
(22, 9, 3),
(46, 9, 8),
(23, 10, 1),
(24, 10, 4),
(25, 10, 5),
(65, 10, 9),
(73, 10, 12),
(26, 11, 6),
(27, 12, 2),
(28, 12, 3),
(29, 12, 7),
(44, 12, 8),
(48, 13, 5),
(47, 13, 9),
(49, 13, 10),
(50, 14, 5),
(30, 15, 1),
(31, 15, 2),
(32, 15, 3),
(45, 15, 8),
(51, 16, 4),
(52, 16, 11),
(126, 16, 15),
(53, 17, 1),
(54, 17, 4),
(55, 17, 11),
(74, 17, 12),
(56, 18, 4),
(57, 18, 9),
(58, 18, 10),
(59, 19, 1),
(60, 19, 2),
(61, 19, 4),
(62, 20, 1),
(63, 20, 9),
(64, 20, 10),
(33, 22, 2),
(34, 22, 3),
(35, 23, 5),
(36, 24, 5),
(37, 25, 1),
(38, 25, 2),
(39, 26, 1),
(40, 26, 3),
(41, 27, 1),
(42, 27, 2),
(43, 27, 3),
(87, 28, 6),
(75, 28, 12),
(88, 28, 13),
(89, 28, 14),
(90, 29, 4),
(91, 29, 9),
(76, 29, 12),
(95, 30, 5),
(97, 30, 9),
(96, 30, 10),
(77, 30, 12),
(98, 31, 2),
(99, 31, 4),
(78, 31, 12),
(100, 32, 3),
(101, 32, 4),
(102, 32, 10),
(79, 32, 12),
(103, 33, 1),
(104, 33, 2),
(105, 33, 3),
(80, 33, 12),
(92, 34, 4),
(93, 34, 9),
(81, 34, 12),
(94, 34, 16),
(107, 35, 4),
(106, 35, 5),
(108, 35, 9),
(121, 35, 12),
(109, 38, 1),
(110, 38, 2),
(83, 38, 12),
(111, 39, 4),
(84, 39, 13),
(112, 39, 14),
(113, 40, 4),
(86, 40, 12),
(85, 40, 13),
(115, 43, 2),
(116, 43, 6),
(117, 43, 7),
(114, 43, 8),
(142, 55, 1);

-- --------------------------------------------------------

--
-- Table structure for table `generos`
--

DROP TABLE IF EXISTS `generos`;
CREATE TABLE IF NOT EXISTS `generos` (
  `id` int NOT NULL AUTO_INCREMENT,
  `nome` varchar(50) NOT NULL,
  PRIMARY KEY (`id`),
  UNIQUE KEY `nome` (`nome`)
) ENGINE=InnoDB AUTO_INCREMENT=17 DEFAULT CHARSET=utf8mb4 COLLATE=utf8mb4_0900_ai_ci;

--
-- Dumping data for table `generos`
--

INSERT INTO `generos` (`id`, `nome`) VALUES
(1, 'Ação'),
(8, 'Animação'),
(2, 'Aventura'),
(15, 'Biografia'),
(6, 'Comédia'),
(16, 'Crime'),
(11, 'Desporto'),
(4, 'Drama'),
(7, 'Família'),
(3, 'Ficção Científica'),
(10, 'Mistério'),
(14, 'Musical'),
(13, 'Romance'),
(5, 'Terror'),
(9, 'Thriller'),
(12, 'Vintage');

-- --------------------------------------------------------

--
-- Table structure for table `horarios`
--

DROP TABLE IF EXISTS `horarios`;
CREATE TABLE IF NOT EXISTS `horarios` (
  `id` int NOT NULL AUTO_INCREMENT,
  `hora` time NOT NULL,
  PRIMARY KEY (`id`)
) ENGINE=InnoDB AUTO_INCREMENT=33 DEFAULT CHARSET=utf8mb4 COLLATE=utf8mb4_0900_ai_ci;

--
-- Dumping data for table `horarios`
--

INSERT INTO `horarios` (`id`, `hora`) VALUES
(1, '10:00:00'),
(2, '10:30:00'),
(3, '11:00:00'),
(4, '11:30:00'),
(5, '12:00:00'),
(6, '12:30:00'),
(7, '13:00:00'),
(8, '13:30:00'),
(9, '14:00:00'),
(10, '14:30:00'),
(11, '15:00:00'),
(12, '15:30:00'),
(13, '16:00:00'),
(14, '16:30:00'),
(15, '17:00:00'),
(16, '17:30:00'),
(17, '18:00:00'),
(18, '18:30:00'),
(19, '19:00:00'),
(20, '19:30:00'),
(21, '20:00:00'),
(22, '20:30:00'),
(23, '21:00:00'),
(24, '21:30:00'),
(25, '22:00:00'),
(26, '22:30:00'),
(27, '23:00:00'),
(28, '23:30:00'),
(29, '23:12:00'),
(30, '16:12:00'),
(31, '12:12:00'),
(32, '14:17:00');

-- --------------------------------------------------------

--
-- Table structure for table `horarios_sessao`
--

DROP TABLE IF EXISTS `horarios_sessao`;
CREATE TABLE IF NOT EXISTS `horarios_sessao` (
  `id` int NOT NULL AUTO_INCREMENT,
  `id_filme` int NOT NULL,
  `id_cinema` int NOT NULL,
  `id_tipo_sessao` int NOT NULL,
  `id_horario` int NOT NULL,
  `id_sala` int NOT NULL,
  PRIMARY KEY (`id`),
  KEY `fk_horario_filme` (`id_filme`),
  KEY `fk_horario_cinema` (`id_cinema`),
  KEY `fk_horario_tipo_sessao` (`id_tipo_sessao`),
  KEY `fk_horario_horario` (`id_horario`)
) ENGINE=InnoDB AUTO_INCREMENT=37036 DEFAULT CHARSET=utf8mb4 COLLATE=utf8mb4_0900_ai_ci;

--
-- Dumping data for table `horarios_sessao`
--

INSERT INTO `horarios_sessao` (`id`, `id_filme`, `id_cinema`, `id_tipo_sessao`, `id_horario`, `id_sala`) VALUES
(155, 2, 1, 1, 2, 7),
(156, 2, 1, 1, 7, 7),
(157, 2, 1, 2, 3, 122),
(158, 2, 1, 2, 8, 122),
(161, 2, 1, 4, 5, 8),
(162, 2, 1, 4, 10, 8),
(163, 2, 1, 5, 1, 121),
(164, 2, 1, 5, 6, 121),
(165, 2, 1, 6, 16, 123),
(166, 2, 1, 6, 20, 123),
(167, 2, 1, 7, 17, 124),
(168, 2, 1, 7, 21, 124),
(169, 2, 1, 8, 18, 125),
(170, 2, 1, 8, 22, 125),
(171, 2, 3, 1, 3, 23),
(172, 2, 3, 1, 8, 23),
(173, 2, 3, 2, 4, 138),
(174, 2, 3, 2, 9, 138),
(179, 2, 3, 5, 1, 137),
(180, 2, 3, 5, 7, 137),
(181, 2, 3, 6, 16, 139),
(182, 2, 3, 6, 20, 139),
(183, 2, 3, 7, 17, 140),
(184, 2, 3, 7, 21, 140),
(185, 2, 3, 8, 18, 141),
(186, 2, 3, 8, 22, 141),
(187, 2, 4, 1, 4, 31),
(188, 2, 4, 1, 9, 31),
(189, 2, 4, 2, 5, 146),
(190, 2, 4, 2, 10, 146),
(195, 2, 4, 5, 2, 145),
(196, 2, 4, 5, 8, 145),
(197, 2, 4, 6, 16, 147),
(198, 2, 4, 6, 20, 147),
(199, 2, 4, 7, 17, 148),
(200, 2, 4, 7, 21, 148),
(201, 2, 4, 8, 18, 149),
(202, 2, 4, 8, 22, 149),
(203, 2, 5, 1, 5, 39),
(204, 2, 5, 1, 10, 39),
(205, 2, 5, 2, 6, 154),
(206, 2, 5, 2, 11, 154),
(211, 2, 5, 5, 3, 153),
(212, 2, 5, 5, 9, 153),
(213, 2, 5, 6, 16, 155),
(214, 2, 5, 6, 20, 155),
(215, 2, 5, 7, 17, 156),
(216, 2, 5, 7, 21, 156),
(217, 2, 5, 8, 18, 157),
(218, 2, 5, 8, 22, 157),
(219, 2, 7, 1, 1, 55),
(220, 2, 7, 1, 6, 55),
(221, 2, 7, 2, 2, 170),
(222, 2, 7, 2, 7, 170),
(227, 2, 7, 5, 5, 169),
(228, 2, 7, 5, 10, 169),
(229, 2, 7, 6, 16, 171),
(230, 2, 7, 6, 20, 171),
(231, 2, 7, 7, 17, 172),
(232, 2, 7, 7, 21, 172),
(233, 2, 7, 8, 18, 173),
(234, 2, 7, 8, 22, 173),
(235, 2, 8, 1, 2, 63),
(236, 2, 8, 1, 7, 63),
(237, 2, 8, 2, 3, 178),
(238, 2, 8, 2, 8, 178),
(243, 2, 8, 5, 1, 177),
(244, 2, 8, 5, 6, 177),
(245, 2, 8, 6, 16, 179),
(246, 2, 8, 6, 20, 179),
(247, 2, 8, 7, 17, 180),
(248, 2, 8, 7, 21, 180),
(249, 2, 8, 8, 18, 181),
(250, 2, 8, 8, 22, 181),
(251, 3, 1, 1, 1, 7),
(252, 3, 1, 1, 6, 7),
(253, 3, 1, 2, 2, 122),
(254, 3, 1, 2, 7, 122),
(259, 3, 1, 5, 5, 121),
(260, 3, 1, 5, 10, 121),
(261, 3, 1, 6, 16, 123),
(262, 3, 1, 6, 20, 123),
(263, 3, 1, 7, 17, 124),
(264, 3, 1, 7, 21, 124),
(265, 3, 1, 8, 18, 125),
(266, 3, 1, 8, 22, 125),
(267, 3, 3, 1, 2, 23),
(268, 3, 3, 1, 7, 23),
(269, 3, 3, 2, 3, 138),
(270, 3, 3, 2, 8, 138),
(275, 3, 3, 5, 1, 137),
(276, 3, 3, 5, 6, 137),
(277, 3, 3, 6, 16, 139),
(278, 3, 3, 6, 20, 139),
(279, 3, 3, 7, 17, 140),
(280, 3, 3, 7, 21, 140),
(281, 3, 3, 8, 18, 141),
(282, 3, 3, 8, 22, 141),
(283, 3, 4, 1, 3, 31),
(284, 3, 4, 1, 8, 31),
(285, 3, 4, 2, 4, 146),
(286, 3, 4, 2, 9, 146),
(291, 3, 4, 5, 1, 145),
(292, 3, 4, 5, 7, 145),
(293, 3, 4, 6, 16, 147),
(294, 3, 4, 6, 20, 147),
(295, 3, 4, 7, 17, 148),
(296, 3, 4, 7, 21, 148),
(297, 3, 4, 8, 18, 149),
(298, 3, 4, 8, 22, 149),
(299, 3, 5, 1, 2, 39),
(300, 3, 5, 1, 7, 39),
(301, 3, 5, 2, 3, 154),
(302, 3, 5, 2, 8, 154),
(307, 3, 5, 5, 1, 153),
(308, 3, 5, 5, 6, 153),
(309, 3, 5, 6, 16, 155),
(310, 3, 5, 6, 20, 155),
(311, 3, 5, 7, 17, 156),
(312, 3, 5, 7, 21, 156),
(313, 3, 5, 8, 18, 157),
(314, 3, 5, 8, 22, 157),
(315, 3, 7, 1, 1, 55),
(316, 3, 7, 1, 6, 55),
(317, 3, 7, 2, 2, 170),
(318, 3, 7, 2, 7, 170),
(323, 3, 7, 5, 5, 169),
(324, 3, 7, 5, 10, 169),
(325, 3, 7, 6, 16, 171),
(326, 3, 7, 6, 20, 171),
(327, 3, 7, 7, 17, 172),
(328, 3, 7, 7, 21, 172),
(329, 3, 7, 8, 18, 173),
(330, 3, 7, 8, 22, 173),
(331, 3, 8, 1, 2, 63),
(332, 3, 8, 1, 7, 63),
(333, 3, 8, 2, 3, 178),
(334, 3, 8, 2, 8, 178),
(339, 3, 8, 5, 1, 177),
(340, 3, 8, 5, 6, 177),
(341, 3, 8, 6, 16, 179),
(342, 3, 8, 6, 20, 179),
(343, 3, 8, 7, 17, 180),
(344, 3, 8, 7, 21, 180),
(345, 3, 8, 8, 18, 181),
(346, 3, 8, 8, 22, 181),
(443, 4, 1, 1, 1, 7),
(444, 4, 1, 1, 6, 7),
(445, 4, 1, 2, 2, 122),
(446, 4, 1, 2, 7, 122),
(449, 4, 1, 4, 4, 8),
(451, 4, 1, 5, 5, 121),
(452, 4, 1, 5, 10, 121),
(453, 4, 1, 6, 16, 123),
(454, 4, 1, 6, 20, 123),
(455, 4, 1, 7, 17, 124),
(456, 4, 1, 7, 21, 124),
(457, 4, 1, 8, 18, 125),
(458, 4, 1, 8, 22, 125),
(459, 4, 3, 1, 2, 23),
(460, 4, 3, 1, 7, 23),
(461, 4, 3, 2, 3, 138),
(462, 4, 3, 2, 8, 138),
(467, 4, 3, 5, 1, 137),
(468, 4, 3, 5, 6, 137),
(469, 4, 3, 6, 16, 139),
(470, 4, 3, 6, 20, 139),
(471, 4, 3, 7, 17, 140),
(472, 4, 3, 7, 21, 140),
(473, 4, 3, 8, 18, 141),
(474, 4, 3, 8, 22, 141),
(475, 4, 4, 1, 3, 31),
(476, 4, 4, 1, 8, 31),
(477, 4, 4, 2, 4, 146),
(478, 4, 4, 2, 9, 146),
(483, 4, 4, 5, 1, 145),
(484, 4, 4, 5, 7, 145),
(485, 4, 4, 6, 16, 147),
(486, 4, 4, 6, 20, 147),
(487, 4, 4, 7, 17, 148),
(488, 4, 4, 7, 21, 148),
(489, 4, 4, 8, 18, 149),
(490, 4, 4, 8, 22, 149),
(491, 5, 1, 1, 1, 7),
(492, 5, 1, 1, 6, 7),
(493, 5, 1, 2, 2, 122),
(494, 5, 1, 2, 7, 122),
(497, 5, 1, 4, 4, 8),
(498, 5, 1, 4, 9, 8),
(499, 5, 1, 5, 5, 121),
(500, 5, 1, 5, 10, 121),
(501, 5, 1, 6, 16, 123),
(502, 5, 1, 6, 20, 123),
(503, 5, 1, 7, 17, 124),
(504, 5, 1, 7, 21, 124),
(505, 5, 1, 8, 18, 125),
(506, 5, 1, 8, 22, 125),
(507, 5, 3, 1, 2, 23),
(508, 5, 3, 1, 7, 23),
(509, 5, 3, 2, 3, 138),
(510, 5, 3, 2, 8, 138),
(513, 5, 3, 4, 5, 24),
(515, 5, 3, 5, 1, 137),
(516, 5, 3, 5, 6, 137),
(517, 5, 3, 6, 16, 139),
(518, 5, 3, 6, 20, 139),
(519, 5, 3, 7, 17, 140),
(520, 5, 3, 7, 21, 140),
(521, 5, 3, 8, 18, 141),
(522, 5, 3, 8, 22, 141),
(523, 6, 1, 1, 1, 7),
(524, 6, 1, 1, 6, 7),
(525, 6, 1, 2, 2, 122),
(526, 6, 1, 2, 7, 122),
(529, 6, 1, 4, 4, 8),
(530, 6, 1, 4, 9, 8),
(531, 6, 1, 5, 5, 121),
(532, 6, 1, 5, 10, 121),
(533, 6, 1, 6, 16, 123),
(534, 6, 1, 6, 20, 123),
(535, 6, 1, 7, 17, 124),
(536, 6, 1, 7, 21, 124),
(537, 6, 1, 8, 18, 125),
(538, 6, 1, 8, 22, 125),
(539, 6, 3, 1, 2, 23),
(540, 6, 3, 1, 7, 23),
(541, 6, 3, 2, 3, 138),
(542, 6, 3, 2, 8, 138),
(545, 6, 3, 4, 5, 24),
(547, 6, 3, 5, 1, 137),
(548, 6, 3, 5, 6, 137),
(549, 6, 3, 6, 16, 139),
(550, 6, 3, 6, 20, 139),
(551, 6, 3, 7, 17, 140),
(552, 6, 3, 7, 21, 140),
(553, 6, 3, 8, 18, 141),
(554, 6, 3, 8, 22, 141),
(555, 4, 5, 1, 1, 39),
(556, 4, 5, 1, 6, 39),
(557, 4, 5, 2, 2, 154),
(558, 4, 5, 2, 7, 154),
(563, 4, 5, 5, 5, 153),
(564, 4, 5, 5, 10, 153),
(565, 4, 5, 6, 16, 155),
(566, 4, 5, 6, 20, 155),
(567, 4, 5, 7, 17, 156),
(568, 4, 5, 7, 21, 156),
(569, 4, 5, 8, 18, 157),
(570, 4, 5, 8, 22, 157),
(571, 4, 7, 1, 2, 55),
(572, 4, 7, 1, 7, 55),
(573, 4, 7, 2, 3, 170),
(574, 4, 7, 2, 8, 170),
(579, 4, 7, 5, 1, 169),
(580, 4, 7, 5, 6, 169),
(581, 4, 7, 6, 16, 171),
(582, 4, 7, 6, 20, 171),
(583, 4, 7, 7, 17, 172),
(584, 4, 7, 7, 21, 172),
(585, 4, 7, 8, 18, 173),
(586, 4, 7, 8, 22, 173),
(587, 4, 8, 1, 3, 63),
(588, 4, 8, 1, 8, 63),
(589, 4, 8, 2, 4, 178),
(590, 4, 8, 2, 9, 178),
(595, 4, 8, 5, 1, 177),
(596, 4, 8, 5, 7, 177),
(597, 4, 8, 6, 16, 179),
(598, 4, 8, 6, 20, 179),
(599, 4, 8, 7, 17, 180),
(600, 4, 8, 7, 21, 180),
(601, 4, 8, 8, 18, 181),
(602, 4, 8, 8, 22, 181),
(674, 4, 5, 1, 2, 39),
(675, 4, 5, 1, 7, 39),
(676, 4, 5, 2, 3, 154),
(677, 4, 5, 2, 8, 154),
(682, 4, 5, 5, 1, 153),
(683, 4, 5, 5, 6, 153),
(687, 4, 7, 1, 3, 55),
(688, 4, 7, 1, 8, 55),
(689, 4, 7, 2, 4, 170),
(690, 4, 7, 2, 9, 170),
(696, 4, 7, 5, 7, 169),
(700, 4, 8, 1, 4, 63),
(701, 4, 8, 1, 9, 63),
(702, 4, 8, 2, 5, 178),
(703, 4, 8, 2, 10, 178),
(708, 4, 8, 5, 2, 177),
(709, 4, 8, 5, 8, 177),
(739, 5, 4, 1, 3, 31),
(740, 5, 4, 1, 8, 31),
(741, 5, 4, 2, 4, 146),
(742, 5, 4, 2, 9, 146),
(747, 5, 4, 5, 1, 145),
(748, 5, 4, 5, 7, 145),
(749, 5, 4, 6, 16, 147),
(750, 5, 4, 7, 17, 148),
(751, 5, 4, 8, 18, 149),
(752, 5, 7, 1, 4, 55),
(753, 5, 7, 1, 9, 55),
(754, 5, 7, 2, 5, 170),
(755, 5, 7, 2, 10, 170),
(760, 5, 7, 5, 2, 169),
(761, 5, 7, 5, 8, 169),
(762, 5, 7, 6, 16, 171),
(763, 5, 7, 7, 17, 172),
(764, 5, 7, 8, 18, 173),
(765, 5, 8, 1, 5, 63),
(766, 5, 8, 1, 10, 63),
(767, 5, 8, 2, 6, 178),
(768, 5, 8, 2, 11, 178),
(773, 5, 8, 5, 3, 177),
(774, 5, 8, 5, 9, 177),
(775, 5, 8, 6, 16, 179),
(776, 5, 8, 7, 17, 180),
(777, 5, 8, 8, 18, 181),
(778, 5, 5, 1, 1, 39),
(779, 5, 5, 1, 6, 39),
(780, 5, 5, 2, 2, 154),
(781, 5, 5, 2, 7, 154),
(786, 5, 5, 5, 5, 153),
(787, 5, 5, 5, 10, 153),
(788, 5, 5, 6, 16, 155),
(789, 5, 5, 7, 17, 156),
(790, 5, 5, 8, 18, 157),
(804, 6, 3, 1, 1, 23),
(805, 6, 3, 1, 6, 23),
(806, 6, 3, 2, 2, 138),
(807, 6, 3, 2, 7, 138),
(812, 6, 3, 5, 5, 137),
(813, 6, 3, 5, 10, 137),
(817, 6, 4, 1, 1, 31),
(818, 6, 4, 1, 6, 31),
(819, 6, 4, 2, 2, 146),
(820, 6, 4, 2, 7, 146),
(825, 6, 4, 5, 5, 145),
(826, 6, 4, 5, 10, 145),
(827, 6, 4, 6, 16, 147),
(828, 6, 4, 7, 17, 148),
(829, 6, 4, 8, 18, 149),
(830, 6, 7, 1, 1, 55),
(831, 6, 7, 1, 6, 55),
(832, 6, 7, 2, 2, 170),
(833, 6, 7, 2, 7, 170),
(838, 6, 7, 5, 5, 169),
(839, 6, 7, 5, 10, 169),
(840, 6, 7, 6, 16, 171),
(841, 6, 7, 7, 17, 172),
(842, 6, 7, 8, 18, 173),
(843, 6, 8, 1, 1, 63),
(844, 6, 8, 1, 6, 63),
(845, 6, 8, 2, 2, 178),
(846, 6, 8, 2, 7, 178),
(851, 6, 8, 5, 5, 177),
(852, 6, 8, 5, 10, 177),
(853, 6, 8, 6, 16, 179),
(854, 6, 8, 7, 17, 180),
(855, 6, 8, 8, 18, 181),
(856, 6, 5, 1, 1, 39),
(857, 6, 5, 1, 6, 39),
(858, 6, 5, 2, 2, 154),
(859, 6, 5, 2, 7, 154),
(864, 6, 5, 5, 5, 153),
(865, 6, 5, 5, 10, 153),
(866, 6, 5, 6, 16, 155),
(867, 6, 5, 7, 17, 156),
(868, 6, 5, 8, 18, 157),
(869, 7, 1, 1, 1, 7),
(870, 7, 1, 1, 6, 7),
(871, 7, 1, 2, 2, 122),
(872, 7, 1, 2, 7, 122),
(875, 7, 1, 4, 4, 8),
(876, 7, 1, 4, 9, 8),
(877, 7, 1, 5, 5, 121),
(878, 7, 1, 5, 10, 121),
(879, 7, 1, 6, 16, 123),
(880, 7, 1, 7, 17, 124),
(881, 7, 1, 8, 18, 125),
(882, 7, 3, 1, 1, 23),
(883, 7, 3, 1, 6, 23),
(884, 7, 3, 2, 2, 138),
(885, 7, 3, 2, 7, 138),
(890, 7, 3, 5, 5, 137),
(891, 7, 3, 5, 10, 137),
(892, 7, 3, 6, 16, 139),
(893, 7, 3, 7, 17, 140),
(894, 7, 3, 8, 18, 141),
(895, 7, 4, 1, 1, 31),
(896, 7, 4, 1, 6, 31),
(897, 7, 4, 2, 2, 146),
(898, 7, 4, 2, 7, 146),
(903, 7, 4, 5, 5, 145),
(904, 7, 4, 5, 10, 145),
(905, 7, 4, 6, 16, 147),
(906, 7, 4, 7, 17, 148),
(907, 7, 4, 8, 18, 149),
(908, 7, 5, 1, 1, 39),
(909, 7, 5, 1, 6, 39),
(910, 7, 5, 2, 2, 154),
(911, 7, 5, 2, 7, 154),
(916, 7, 5, 5, 5, 153),
(917, 7, 5, 5, 10, 153),
(918, 7, 5, 6, 16, 155),
(919, 7, 5, 7, 17, 156),
(920, 7, 5, 8, 18, 157),
(921, 7, 7, 1, 1, 55),
(922, 7, 7, 1, 6, 55),
(923, 7, 7, 2, 2, 170),
(924, 7, 7, 2, 7, 170),
(929, 7, 7, 5, 5, 169),
(930, 7, 7, 5, 10, 169),
(931, 7, 7, 6, 16, 171),
(932, 7, 7, 7, 17, 172),
(933, 7, 7, 8, 18, 173),
(934, 7, 8, 1, 1, 63),
(935, 7, 8, 1, 6, 63),
(936, 7, 8, 2, 2, 178),
(937, 7, 8, 2, 7, 178),
(941, 7, 8, 4, 9, 64),
(942, 7, 8, 5, 5, 177),
(943, 7, 8, 5, 10, 177),
(944, 7, 8, 6, 16, 179),
(945, 7, 8, 7, 17, 180),
(946, 7, 8, 8, 18, 181),
(947, 8, 1, 1, 1, 7),
(948, 8, 1, 1, 6, 7),
(949, 8, 1, 2, 2, 122),
(950, 8, 1, 2, 7, 122),
(953, 8, 1, 4, 4, 8),
(954, 8, 1, 4, 9, 8),
(955, 8, 1, 5, 5, 121),
(956, 8, 1, 5, 10, 121),
(957, 8, 1, 6, 16, 123),
(958, 8, 1, 7, 17, 124),
(959, 8, 1, 8, 18, 125),
(960, 8, 3, 1, 1, 23),
(961, 8, 3, 1, 6, 23),
(962, 8, 3, 2, 2, 138),
(963, 8, 3, 2, 7, 138),
(966, 8, 3, 4, 4, 24),
(968, 8, 3, 5, 5, 137),
(969, 8, 3, 5, 10, 137),
(970, 8, 3, 6, 16, 139),
(971, 8, 3, 7, 17, 140),
(972, 8, 3, 8, 18, 141),
(973, 8, 4, 1, 1, 31),
(974, 8, 4, 1, 6, 31),
(975, 8, 4, 2, 2, 146),
(976, 8, 4, 2, 7, 146),
(981, 8, 4, 5, 5, 145),
(982, 8, 4, 5, 10, 145),
(983, 8, 4, 6, 16, 147),
(984, 8, 4, 7, 17, 148),
(985, 8, 4, 8, 18, 149),
(986, 8, 5, 1, 1, 39),
(987, 8, 5, 1, 6, 39),
(988, 8, 5, 2, 2, 154),
(989, 8, 5, 2, 7, 154),
(994, 8, 5, 5, 5, 153),
(995, 8, 5, 5, 10, 153),
(996, 8, 5, 6, 16, 155),
(997, 8, 5, 7, 17, 156),
(998, 8, 5, 8, 18, 157),
(999, 8, 7, 1, 1, 55),
(1000, 8, 7, 1, 6, 55),
(1001, 8, 7, 2, 2, 170),
(1002, 8, 7, 2, 7, 170),
(1007, 8, 7, 5, 5, 169),
(1008, 8, 7, 5, 10, 169),
(1009, 8, 7, 6, 16, 171),
(1010, 8, 7, 7, 17, 172),
(1011, 8, 7, 8, 18, 173),
(1012, 8, 8, 1, 1, 63),
(1013, 8, 8, 1, 6, 63),
(1014, 8, 8, 2, 2, 178),
(1015, 8, 8, 2, 7, 178),
(1020, 8, 8, 5, 5, 177),
(1021, 8, 8, 5, 10, 177),
(1022, 8, 8, 6, 16, 179),
(1023, 8, 8, 7, 17, 180),
(1024, 8, 8, 8, 18, 181),
(2602, 10, 1, 1, 1, 7),
(2603, 10, 1, 1, 5, 7),
(2604, 10, 1, 1, 9, 7),
(2605, 10, 1, 2, 2, 122),
(2606, 10, 1, 2, 6, 122),
(2607, 10, 1, 2, 10, 122),
(2611, 10, 1, 4, 4, 8),
(2612, 10, 1, 4, 8, 8),
(2614, 10, 1, 5, 5, 121),
(2615, 10, 1, 5, 10, 121),
(2616, 10, 1, 5, 13, 121),
(2617, 10, 1, 6, 14, 123),
(2618, 10, 1, 6, 18, 123),
(2619, 10, 1, 6, 22, 123),
(2620, 10, 1, 7, 15, 124),
(2621, 10, 1, 7, 19, 124),
(2622, 10, 1, 7, 23, 124),
(2623, 10, 1, 8, 16, 125),
(2624, 10, 1, 8, 20, 125),
(2625, 10, 1, 8, 24, 125),
(2626, 10, 3, 1, 2, 23),
(2627, 10, 3, 1, 6, 23),
(2628, 10, 3, 1, 10, 23),
(2629, 10, 3, 2, 3, 138),
(2630, 10, 3, 2, 7, 138),
(2631, 10, 3, 2, 11, 138),
(2638, 10, 3, 5, 1, 137),
(2639, 10, 3, 5, 7, 137),
(2640, 10, 3, 5, 14, 137),
(2641, 10, 3, 6, 15, 139),
(2642, 10, 3, 6, 19, 139),
(2643, 10, 3, 6, 23, 139),
(2644, 10, 3, 7, 16, 140),
(2645, 10, 3, 7, 20, 140),
(2646, 10, 3, 7, 24, 140),
(2647, 10, 3, 8, 17, 141),
(2648, 10, 3, 8, 21, 141),
(2649, 10, 3, 8, 25, 141),
(2650, 10, 4, 1, 3, 31),
(2651, 10, 4, 1, 7, 31),
(2652, 10, 4, 1, 11, 31),
(2653, 10, 4, 2, 4, 146),
(2654, 10, 4, 2, 8, 146),
(2655, 10, 4, 2, 12, 146),
(2662, 10, 4, 5, 2, 145),
(2663, 10, 4, 5, 7, 145),
(2664, 10, 4, 5, 14, 145),
(2665, 10, 4, 6, 15, 147),
(2666, 10, 4, 6, 18, 147),
(2667, 10, 4, 6, 22, 147),
(2668, 10, 4, 7, 16, 148),
(2669, 10, 4, 7, 19, 148),
(2670, 10, 4, 7, 23, 148),
(2671, 10, 4, 8, 17, 149),
(2672, 10, 4, 8, 20, 149),
(2673, 10, 4, 8, 24, 149),
(2674, 10, 5, 1, 2, 39),
(2675, 10, 5, 1, 6, 39),
(2676, 10, 5, 1, 10, 39),
(2677, 10, 5, 2, 3, 154),
(2678, 10, 5, 2, 7, 154),
(2679, 10, 5, 2, 11, 154),
(2686, 10, 5, 5, 1, 153),
(2687, 10, 5, 5, 7, 153),
(2688, 10, 5, 5, 14, 153),
(2689, 10, 5, 6, 15, 155),
(2690, 10, 5, 6, 18, 155),
(2691, 10, 5, 6, 22, 155),
(2692, 10, 5, 7, 16, 156),
(2693, 10, 5, 7, 19, 156),
(2694, 10, 5, 7, 23, 156),
(2695, 10, 5, 8, 17, 157),
(2696, 10, 5, 8, 20, 157),
(2697, 10, 5, 8, 24, 157),
(2698, 10, 7, 1, 3, 55),
(2699, 10, 7, 1, 7, 55),
(2700, 10, 7, 1, 11, 55),
(2701, 10, 7, 2, 4, 170),
(2702, 10, 7, 2, 8, 170),
(2703, 10, 7, 2, 12, 170),
(2710, 10, 7, 5, 2, 169),
(2711, 10, 7, 5, 7, 169),
(2712, 10, 7, 5, 14, 169),
(2713, 10, 7, 6, 15, 171),
(2714, 10, 7, 6, 18, 171),
(2715, 10, 7, 6, 22, 171),
(2716, 10, 7, 7, 16, 172),
(2717, 10, 7, 7, 19, 172),
(2718, 10, 7, 7, 23, 172),
(2719, 10, 7, 8, 17, 173),
(2720, 10, 7, 8, 20, 173),
(2721, 10, 7, 8, 24, 173),
(2722, 10, 8, 1, 2, 63),
(2723, 10, 8, 1, 6, 63),
(2724, 10, 8, 1, 10, 63),
(2725, 10, 8, 2, 3, 178),
(2726, 10, 8, 2, 7, 178),
(2727, 10, 8, 2, 11, 178),
(2734, 10, 8, 5, 1, 177),
(2735, 10, 8, 5, 7, 177),
(2736, 10, 8, 5, 14, 177),
(2737, 10, 8, 6, 15, 179),
(2738, 10, 8, 6, 18, 179),
(2739, 10, 8, 6, 22, 179),
(2740, 10, 8, 7, 16, 180),
(2741, 10, 8, 7, 19, 180),
(2742, 10, 8, 7, 23, 180),
(2743, 10, 8, 8, 17, 181),
(2744, 10, 8, 8, 20, 181),
(2745, 10, 8, 8, 24, 181),
(2746, 11, 1, 1, 1, 7),
(2747, 11, 1, 1, 5, 7),
(2748, 11, 1, 1, 9, 7),
(2749, 11, 1, 2, 2, 122),
(2750, 11, 1, 2, 6, 122),
(2751, 11, 1, 2, 10, 122),
(2755, 11, 1, 4, 4, 8),
(2756, 11, 1, 4, 8, 8),
(2757, 11, 1, 4, 12, 8),
(2758, 11, 1, 5, 5, 121),
(2759, 11, 1, 5, 10, 121),
(2760, 11, 1, 5, 13, 121),
(2761, 11, 1, 6, 14, 123),
(2762, 11, 1, 6, 18, 123),
(2763, 11, 1, 6, 22, 123),
(2764, 11, 1, 7, 15, 124),
(2765, 11, 1, 7, 19, 124),
(2766, 11, 1, 7, 23, 124),
(2767, 11, 1, 8, 16, 125),
(2768, 11, 1, 8, 20, 125),
(2769, 11, 1, 8, 24, 125),
(2770, 11, 3, 1, 2, 23),
(2771, 11, 3, 1, 6, 23),
(2772, 11, 3, 1, 10, 23),
(2773, 11, 3, 2, 3, 138),
(2774, 11, 3, 2, 7, 138),
(2775, 11, 3, 2, 11, 138),
(2782, 11, 3, 5, 1, 137),
(2783, 11, 3, 5, 7, 137),
(2784, 11, 3, 5, 14, 137),
(2785, 11, 3, 6, 15, 139),
(2786, 11, 3, 6, 19, 139),
(2787, 11, 3, 6, 23, 139),
(2788, 11, 3, 7, 16, 140),
(2789, 11, 3, 7, 20, 140),
(2790, 11, 3, 7, 24, 140),
(2791, 11, 3, 8, 17, 141),
(2792, 11, 3, 8, 21, 141),
(2793, 11, 3, 8, 25, 141),
(2794, 11, 4, 1, 3, 31),
(2795, 11, 4, 1, 7, 31),
(2796, 11, 4, 1, 11, 31),
(2797, 11, 4, 2, 4, 146),
(2798, 11, 4, 2, 8, 146),
(2799, 11, 4, 2, 12, 146),
(2806, 11, 4, 5, 2, 145),
(2807, 11, 4, 5, 7, 145),
(2808, 11, 4, 5, 14, 145),
(2809, 11, 4, 6, 15, 147),
(2810, 11, 4, 6, 18, 147),
(2811, 11, 4, 6, 22, 147),
(2812, 11, 4, 7, 16, 148),
(2813, 11, 4, 7, 19, 148),
(2814, 11, 4, 7, 23, 148),
(2815, 11, 4, 8, 17, 149),
(2816, 11, 4, 8, 20, 149),
(2817, 11, 4, 8, 24, 149),
(2818, 11, 5, 1, 2, 39),
(2819, 11, 5, 1, 6, 39),
(2820, 11, 5, 1, 10, 39),
(2821, 11, 5, 2, 3, 154),
(2822, 11, 5, 2, 7, 154),
(2823, 11, 5, 2, 11, 154),
(2830, 11, 5, 5, 1, 153),
(2831, 11, 5, 5, 7, 153),
(2832, 11, 5, 5, 14, 153),
(2833, 11, 5, 6, 15, 155),
(2834, 11, 5, 6, 18, 155),
(2835, 11, 5, 6, 22, 155),
(2836, 11, 5, 7, 16, 156),
(2837, 11, 5, 7, 19, 156),
(2838, 11, 5, 7, 23, 156),
(2839, 11, 5, 8, 17, 157),
(2840, 11, 5, 8, 20, 157),
(2841, 11, 5, 8, 24, 157),
(2842, 11, 7, 1, 3, 55),
(2843, 11, 7, 1, 7, 55),
(2844, 11, 7, 1, 11, 55),
(2845, 11, 7, 2, 4, 170),
(2846, 11, 7, 2, 8, 170),
(2847, 11, 7, 2, 12, 170),
(2854, 11, 7, 5, 2, 169),
(2855, 11, 7, 5, 7, 169),
(2856, 11, 7, 5, 14, 169),
(2857, 11, 7, 6, 15, 171),
(2858, 11, 7, 6, 18, 171),
(2859, 11, 7, 6, 22, 171),
(2860, 11, 7, 7, 16, 172),
(2861, 11, 7, 7, 19, 172),
(2862, 11, 7, 7, 23, 172),
(2863, 11, 7, 8, 17, 173),
(2864, 11, 7, 8, 20, 173),
(2865, 11, 7, 8, 24, 173),
(2866, 11, 8, 1, 2, 63),
(2867, 11, 8, 1, 6, 63),
(2868, 11, 8, 1, 10, 63),
(2869, 11, 8, 2, 3, 178),
(2870, 11, 8, 2, 7, 178),
(2871, 11, 8, 2, 11, 178),
(2878, 11, 8, 5, 1, 177),
(2879, 11, 8, 5, 7, 177),
(2880, 11, 8, 5, 14, 177),
(2881, 11, 8, 6, 15, 179),
(2882, 11, 8, 6, 18, 179),
(2883, 11, 8, 6, 22, 179),
(2884, 11, 8, 7, 16, 180),
(2885, 11, 8, 7, 19, 180),
(2886, 11, 8, 7, 23, 180),
(2887, 11, 8, 8, 17, 181),
(2888, 11, 8, 8, 20, 181),
(2889, 11, 8, 8, 24, 181),
(3466, 9, 1, 1, 2, 7),
(3467, 9, 1, 1, 7, 7),
(3468, 9, 1, 2, 3, 122),
(3469, 9, 1, 2, 8, 122),
(3472, 9, 1, 4, 5, 8),
(3473, 9, 1, 4, 10, 8),
(3474, 9, 1, 5, 1, 121),
(3475, 9, 1, 5, 6, 121),
(3476, 9, 1, 6, 16, 123),
(3477, 9, 1, 6, 20, 123),
(3478, 9, 1, 7, 17, 124),
(3479, 9, 1, 7, 21, 124),
(3480, 9, 1, 8, 18, 125),
(3481, 9, 1, 8, 22, 125),
(3482, 9, 3, 1, 3, 23),
(3483, 9, 3, 1, 8, 23),
(3484, 9, 3, 2, 4, 138),
(3485, 9, 3, 2, 9, 138),
(3490, 9, 3, 5, 1, 137),
(3491, 9, 3, 5, 7, 137),
(3492, 9, 3, 6, 16, 139),
(3493, 9, 3, 6, 20, 139),
(3494, 9, 3, 7, 17, 140),
(3495, 9, 3, 7, 21, 140),
(3496, 9, 3, 8, 18, 141),
(3497, 9, 3, 8, 22, 141),
(3498, 9, 4, 1, 4, 31),
(3499, 9, 4, 1, 9, 31),
(3500, 9, 4, 2, 5, 146),
(3501, 9, 4, 2, 10, 146),
(3506, 9, 4, 5, 2, 145),
(3507, 9, 4, 5, 8, 145),
(3508, 9, 4, 6, 16, 147),
(3509, 9, 4, 6, 20, 147),
(3510, 9, 4, 7, 17, 148),
(3511, 9, 4, 7, 21, 148),
(3512, 9, 4, 8, 18, 149),
(3513, 9, 4, 8, 22, 149),
(3514, 9, 5, 1, 5, 39),
(3515, 9, 5, 1, 10, 39),
(3516, 9, 5, 2, 6, 154),
(3517, 9, 5, 2, 11, 154),
(3522, 9, 5, 5, 3, 153),
(3523, 9, 5, 5, 9, 153),
(3524, 9, 5, 6, 16, 155),
(3525, 9, 5, 6, 20, 155),
(3526, 9, 5, 7, 17, 156),
(3527, 9, 5, 7, 21, 156),
(3528, 9, 5, 8, 18, 157),
(3529, 9, 5, 8, 22, 157),
(3530, 9, 7, 1, 1, 55),
(3531, 9, 7, 1, 6, 55),
(3532, 9, 7, 2, 2, 170),
(3533, 9, 7, 2, 7, 170),
(3538, 9, 7, 5, 5, 169),
(3539, 9, 7, 5, 10, 169),
(3540, 9, 7, 6, 16, 171),
(3541, 9, 7, 6, 20, 171),
(3542, 9, 7, 7, 17, 172),
(3543, 9, 7, 7, 21, 172),
(3544, 9, 7, 8, 18, 173),
(3545, 9, 7, 8, 22, 173),
(3546, 9, 8, 1, 2, 63),
(3547, 9, 8, 1, 7, 63),
(3548, 9, 8, 2, 3, 178),
(3549, 9, 8, 2, 8, 178),
(3554, 9, 8, 5, 1, 177),
(3555, 9, 8, 5, 6, 177),
(3556, 9, 8, 6, 16, 179),
(3557, 9, 8, 6, 20, 179),
(3558, 9, 8, 7, 17, 180),
(3559, 9, 8, 7, 21, 180),
(3560, 9, 8, 8, 18, 181),
(3561, 9, 8, 8, 22, 181),
(3706, 12, 1, 1, 1, 7),
(3707, 12, 1, 1, 4, 7),
(3708, 12, 1, 1, 7, 7),
(3709, 12, 1, 2, 2, 122),
(3710, 12, 1, 2, 5, 122),
(3711, 12, 1, 2, 8, 122),
(3715, 12, 1, 4, 10, 8),
(3716, 12, 1, 4, 13, 8),
(3718, 12, 1, 5, 11, 121),
(3719, 12, 1, 5, 14, 121),
(3720, 12, 1, 5, 17, 121),
(3721, 12, 1, 6, 12, 123),
(3722, 12, 1, 6, 15, 123),
(3723, 12, 1, 6, 18, 123),
(3724, 12, 1, 7, 19, 124),
(3725, 12, 1, 7, 21, 124),
(3726, 12, 1, 7, 23, 124),
(3727, 12, 1, 8, 20, 125),
(3728, 12, 1, 8, 22, 125),
(3729, 12, 1, 8, 24, 125),
(3730, 12, 3, 1, 1, 23),
(3731, 12, 3, 1, 5, 23),
(3732, 12, 3, 1, 9, 23),
(3733, 12, 3, 2, 2, 138),
(3734, 12, 3, 2, 6, 138),
(3735, 12, 3, 2, 10, 138),
(3742, 12, 3, 5, 1, 137),
(3743, 12, 3, 5, 5, 137),
(3744, 12, 3, 5, 9, 137),
(3745, 12, 3, 6, 13, 139),
(3746, 12, 3, 6, 16, 139),
(3747, 12, 3, 6, 19, 139),
(3748, 12, 3, 7, 14, 140),
(3749, 12, 3, 7, 17, 140),
(3750, 12, 3, 7, 20, 140),
(3751, 12, 3, 8, 15, 141),
(3752, 12, 3, 8, 18, 141),
(3753, 12, 3, 8, 21, 141),
(3754, 12, 4, 1, 2, 31),
(3755, 12, 4, 1, 6, 31),
(3756, 12, 4, 1, 10, 31),
(3757, 12, 4, 2, 3, 146),
(3758, 12, 4, 2, 7, 146),
(3759, 12, 4, 2, 11, 146),
(3766, 12, 4, 5, 1, 145),
(3767, 12, 4, 5, 4, 145),
(3768, 12, 4, 5, 7, 145),
(3769, 12, 4, 6, 14, 147),
(3770, 12, 4, 6, 17, 147),
(3771, 12, 4, 6, 20, 147),
(3772, 12, 4, 7, 15, 148),
(3773, 12, 4, 7, 18, 148),
(3774, 12, 4, 7, 21, 148),
(3775, 12, 4, 8, 16, 149),
(3776, 12, 4, 8, 19, 149),
(3777, 12, 4, 8, 22, 149),
(3778, 12, 5, 1, 1, 39),
(3779, 12, 5, 1, 5, 39),
(3780, 12, 5, 1, 9, 39),
(3781, 12, 5, 2, 2, 154),
(3782, 12, 5, 2, 6, 154),
(3783, 12, 5, 2, 10, 154),
(3790, 12, 5, 5, 1, 153),
(3791, 12, 5, 5, 4, 153),
(3792, 12, 5, 5, 7, 153),
(3793, 12, 5, 6, 13, 155),
(3794, 12, 5, 6, 16, 155),
(3795, 12, 5, 6, 19, 155),
(3796, 12, 5, 7, 14, 156),
(3797, 12, 5, 7, 17, 156),
(3798, 12, 5, 7, 20, 156),
(3799, 12, 5, 8, 15, 157),
(3800, 12, 5, 8, 18, 157),
(3801, 12, 5, 8, 21, 157),
(3802, 12, 7, 1, 2, 55),
(3803, 12, 7, 1, 6, 55),
(3804, 12, 7, 1, 10, 55),
(3805, 12, 7, 2, 3, 170),
(3806, 12, 7, 2, 7, 170),
(3807, 12, 7, 2, 11, 170),
(3814, 12, 7, 5, 1, 169),
(3815, 12, 7, 5, 4, 169),
(3816, 12, 7, 5, 7, 169),
(3817, 12, 7, 6, 14, 171),
(3818, 12, 7, 6, 17, 171),
(3819, 12, 7, 6, 20, 171),
(3820, 12, 7, 7, 15, 172),
(3821, 12, 7, 7, 18, 172),
(3822, 12, 7, 7, 21, 172),
(3823, 12, 7, 8, 16, 173),
(3824, 12, 7, 8, 19, 173),
(3825, 12, 7, 8, 22, 173),
(3826, 12, 8, 1, 1, 63),
(3827, 12, 8, 1, 4, 63),
(3828, 12, 8, 1, 7, 63),
(3829, 12, 8, 2, 2, 178),
(3830, 12, 8, 2, 5, 178),
(3831, 12, 8, 2, 8, 178),
(3838, 12, 8, 5, 11, 177),
(3839, 12, 8, 5, 14, 177),
(3840, 12, 8, 5, 17, 177),
(3841, 12, 8, 6, 12, 179),
(3842, 12, 8, 6, 15, 179),
(3843, 12, 8, 6, 18, 179),
(3844, 12, 8, 7, 19, 180),
(3845, 12, 8, 7, 21, 180),
(3846, 12, 8, 7, 23, 180),
(3847, 12, 8, 8, 20, 181),
(3848, 12, 8, 8, 22, 181),
(3849, 12, 8, 8, 24, 181),
(3850, 13, 1, 1, 1, 7),
(3851, 13, 1, 1, 4, 7),
(3852, 13, 1, 1, 7, 7),
(3853, 13, 1, 2, 2, 122),
(3854, 13, 1, 2, 5, 122),
(3855, 13, 1, 2, 8, 122),
(3859, 13, 1, 4, 10, 8),
(3860, 13, 1, 4, 13, 8),
(3861, 13, 1, 4, 16, 8),
(3862, 13, 1, 5, 11, 121),
(3863, 13, 1, 5, 14, 121),
(3864, 13, 1, 5, 17, 121),
(3865, 13, 1, 6, 12, 123),
(3866, 13, 1, 6, 15, 123),
(3867, 13, 1, 6, 18, 123),
(3868, 13, 1, 7, 19, 124),
(3869, 13, 1, 7, 21, 124),
(3870, 13, 1, 7, 23, 124),
(3871, 13, 1, 8, 20, 125),
(3872, 13, 1, 8, 22, 125),
(3873, 13, 1, 8, 24, 125),
(3874, 13, 3, 1, 2, 23),
(3875, 13, 3, 1, 6, 23),
(3876, 13, 3, 1, 10, 23),
(3877, 13, 3, 2, 3, 138),
(3878, 13, 3, 2, 7, 138),
(3879, 13, 3, 2, 11, 138),
(3886, 13, 3, 5, 14, 137),
(3887, 13, 3, 5, 17, 137),
(3888, 13, 3, 5, 20, 137),
(3889, 13, 3, 6, 15, 139),
(3890, 13, 3, 6, 18, 139),
(3891, 13, 3, 6, 21, 139),
(3892, 13, 3, 7, 16, 140),
(3893, 13, 3, 7, 19, 140),
(3894, 13, 3, 7, 22, 140),
(3895, 13, 3, 8, 23, 141),
(3896, 13, 3, 8, 24, 141),
(3897, 13, 3, 8, 25, 141),
(3898, 13, 4, 1, 1, 31),
(3899, 13, 4, 1, 5, 31),
(3900, 13, 4, 1, 9, 31),
(3901, 13, 4, 2, 2, 146),
(3902, 13, 4, 2, 6, 146),
(3903, 13, 4, 2, 10, 146),
(3910, 13, 4, 5, 13, 145),
(3911, 13, 4, 5, 16, 145),
(3912, 13, 4, 5, 19, 145),
(3913, 13, 4, 6, 14, 147),
(3914, 13, 4, 6, 17, 147),
(3915, 13, 4, 6, 20, 147),
(3916, 13, 4, 7, 15, 148),
(3917, 13, 4, 7, 18, 148),
(3918, 13, 4, 7, 21, 148),
(3919, 13, 4, 8, 22, 149),
(3920, 13, 4, 8, 23, 149),
(3921, 13, 4, 8, 24, 149),
(3922, 13, 5, 1, 2, 39),
(3923, 13, 5, 1, 6, 39),
(3924, 13, 5, 1, 10, 39),
(3925, 13, 5, 2, 3, 154),
(3926, 13, 5, 2, 7, 154),
(3927, 13, 5, 2, 11, 154),
(3934, 13, 5, 5, 14, 153),
(3935, 13, 5, 5, 17, 153),
(3936, 13, 5, 5, 20, 153),
(3937, 13, 5, 6, 15, 155),
(3938, 13, 5, 6, 18, 155),
(3939, 13, 5, 6, 21, 155),
(3940, 13, 5, 7, 16, 156),
(3941, 13, 5, 7, 19, 156),
(3942, 13, 5, 7, 22, 156),
(3943, 13, 5, 8, 23, 157),
(3944, 13, 5, 8, 24, 157),
(3945, 13, 5, 8, 25, 157),
(3946, 13, 7, 1, 1, 55),
(3947, 13, 7, 1, 5, 55),
(3948, 13, 7, 1, 9, 55),
(3949, 13, 7, 2, 2, 170),
(3950, 13, 7, 2, 6, 170),
(3951, 13, 7, 2, 10, 170),
(3958, 13, 7, 5, 13, 169),
(3959, 13, 7, 5, 16, 169),
(3960, 13, 7, 5, 19, 169),
(3961, 13, 7, 6, 14, 171),
(3962, 13, 7, 6, 17, 171),
(3963, 13, 7, 6, 20, 171),
(3964, 13, 7, 7, 15, 172),
(3965, 13, 7, 7, 18, 172),
(3966, 13, 7, 7, 21, 172),
(3967, 13, 7, 8, 22, 173),
(3968, 13, 7, 8, 23, 173),
(3969, 13, 7, 8, 24, 173),
(3970, 13, 8, 1, 2, 63),
(3971, 13, 8, 1, 6, 63),
(3972, 13, 8, 1, 10, 63),
(3973, 13, 8, 2, 3, 178),
(3974, 13, 8, 2, 7, 178),
(3975, 13, 8, 2, 11, 178),
(3982, 13, 8, 5, 14, 177),
(3983, 13, 8, 5, 17, 177),
(3984, 13, 8, 5, 20, 177),
(3985, 13, 8, 6, 15, 179),
(3986, 13, 8, 6, 18, 179),
(3987, 13, 8, 6, 21, 179),
(3988, 13, 8, 7, 16, 180),
(3989, 13, 8, 7, 19, 180),
(3990, 13, 8, 7, 22, 180),
(3991, 13, 8, 8, 23, 181),
(3992, 13, 8, 8, 24, 181),
(3993, 13, 8, 8, 25, 181),
(4570, 14, 1, 1, 2, 7),
(4571, 14, 1, 1, 6, 7),
(4572, 14, 1, 1, 10, 7),
(4573, 14, 1, 2, 3, 122),
(4574, 14, 1, 2, 7, 122),
(4575, 14, 1, 2, 11, 122),
(4579, 14, 1, 4, 5, 8),
(4580, 14, 1, 4, 9, 8),
(4581, 14, 1, 4, 13, 8),
(4582, 14, 1, 5, 1, 121),
(4583, 14, 1, 5, 4, 121),
(4584, 14, 1, 5, 7, 121),
(4585, 14, 1, 6, 14, 123),
(4586, 14, 1, 6, 17, 123),
(4587, 14, 1, 6, 20, 123),
(4588, 14, 1, 7, 15, 124),
(4589, 14, 1, 7, 18, 124),
(4590, 14, 1, 7, 21, 124),
(4591, 14, 1, 8, 16, 125),
(4592, 14, 1, 8, 19, 125),
(4593, 14, 1, 8, 22, 125),
(4594, 14, 3, 1, 1, 23),
(4595, 14, 3, 1, 5, 23),
(4596, 14, 3, 1, 9, 23),
(4597, 14, 3, 2, 2, 138),
(4598, 14, 3, 2, 6, 138),
(4599, 14, 3, 2, 10, 138),
(4606, 14, 3, 5, 13, 137),
(4607, 14, 3, 5, 16, 137),
(4608, 14, 3, 5, 19, 137),
(4609, 14, 3, 6, 14, 139),
(4610, 14, 3, 6, 17, 139),
(4611, 14, 3, 6, 20, 139),
(4612, 14, 3, 7, 15, 140),
(4613, 14, 3, 7, 18, 140),
(4614, 14, 3, 7, 21, 140),
(4615, 14, 3, 8, 22, 141),
(4616, 14, 3, 8, 23, 141),
(4617, 14, 3, 8, 24, 141),
(4618, 14, 4, 1, 3, 31),
(4619, 14, 4, 1, 6, 31),
(4620, 14, 4, 1, 9, 31),
(4621, 14, 4, 2, 4, 146),
(4622, 14, 4, 2, 7, 146),
(4623, 14, 4, 2, 10, 146),
(4630, 14, 4, 5, 13, 145),
(4631, 14, 4, 5, 16, 145),
(4632, 14, 4, 5, 19, 145),
(4633, 14, 4, 6, 14, 147),
(4634, 14, 4, 6, 17, 147),
(4635, 14, 4, 6, 20, 147),
(4636, 14, 4, 7, 21, 148),
(4637, 14, 4, 7, 22, 148),
(4638, 14, 4, 7, 23, 148),
(4639, 14, 4, 8, 24, 149),
(4640, 14, 4, 8, 1, 149),
(4641, 14, 4, 8, 2, 149),
(4642, 14, 5, 1, 2, 39),
(4643, 14, 5, 1, 5, 39),
(4644, 14, 5, 1, 8, 39),
(4645, 14, 5, 2, 3, 154),
(4646, 14, 5, 2, 6, 154),
(4647, 14, 5, 2, 9, 154),
(4654, 14, 5, 5, 12, 153),
(4655, 14, 5, 5, 15, 153),
(4656, 14, 5, 5, 18, 153),
(4657, 14, 5, 6, 13, 155),
(4658, 14, 5, 6, 16, 155),
(4659, 14, 5, 6, 19, 155),
(4660, 14, 5, 7, 20, 156),
(4661, 14, 5, 7, 22, 156),
(4662, 14, 5, 7, 24, 156),
(4663, 14, 5, 8, 21, 157),
(4664, 14, 5, 8, 23, 157),
(4665, 14, 5, 8, 1, 157),
(4666, 14, 7, 1, 3, 55),
(4667, 14, 7, 1, 7, 55),
(4668, 14, 7, 1, 11, 55),
(4669, 14, 7, 2, 4, 170),
(4670, 14, 7, 2, 8, 170),
(4671, 14, 7, 2, 12, 170),
(4678, 14, 7, 5, 15, 169),
(4679, 14, 7, 5, 18, 169),
(4680, 14, 7, 5, 21, 169),
(4681, 14, 7, 6, 16, 171),
(4682, 14, 7, 6, 19, 171),
(4683, 14, 7, 6, 22, 171),
(4684, 14, 7, 7, 17, 172),
(4685, 14, 7, 7, 20, 172),
(4686, 14, 7, 7, 23, 172),
(4687, 14, 7, 8, 18, 173),
(4688, 14, 7, 8, 21, 173),
(4689, 14, 7, 8, 24, 173),
(4690, 14, 8, 1, 1, 63),
(4691, 14, 8, 1, 5, 63),
(4692, 14, 8, 1, 9, 63),
(4693, 14, 8, 2, 2, 178),
(4694, 14, 8, 2, 6, 178),
(4695, 14, 8, 2, 10, 178),
(4702, 14, 8, 5, 13, 177),
(4703, 14, 8, 5, 16, 177),
(4704, 14, 8, 5, 19, 177),
(4705, 14, 8, 6, 14, 179),
(4706, 14, 8, 6, 17, 179),
(4707, 14, 8, 6, 20, 179),
(4708, 14, 8, 7, 15, 180),
(4709, 14, 8, 7, 18, 180),
(4710, 14, 8, 7, 21, 180),
(4711, 14, 8, 8, 22, 181),
(4712, 14, 8, 8, 23, 181),
(4713, 14, 8, 8, 24, 181),
(5434, 15, 1, 1, 1, 7),
(5435, 15, 1, 1, 6, 7),
(5436, 15, 1, 1, 11, 7),
(5437, 15, 1, 2, 2, 122),
(5438, 15, 1, 2, 7, 122),
(5439, 15, 1, 2, 12, 122),
(5443, 15, 1, 4, 4, 8),
(5444, 15, 1, 4, 9, 8),
(5445, 15, 1, 4, 14, 8),
(5446, 15, 1, 5, 5, 121),
(5447, 15, 1, 5, 10, 121),
(5448, 15, 1, 5, 15, 121),
(5449, 15, 1, 6, 16, 123),
(5450, 15, 1, 6, 17, 123),
(5451, 15, 1, 6, 18, 123),
(5452, 15, 1, 7, 19, 124),
(5453, 15, 1, 7, 21, 124),
(5454, 15, 1, 7, 23, 124),
(5455, 15, 1, 8, 20, 125),
(5456, 15, 1, 8, 22, 125),
(5457, 15, 1, 8, 24, 125),
(5458, 15, 3, 1, 2, 23),
(5459, 15, 3, 1, 8, 23),
(5460, 15, 3, 1, 14, 23),
(5461, 15, 3, 2, 3, 138),
(5462, 15, 3, 2, 9, 138),
(5463, 15, 3, 2, 15, 138),
(5470, 15, 3, 5, 6, 137),
(5471, 15, 3, 5, 12, 137),
(5472, 15, 3, 5, 18, 137),
(5473, 15, 3, 6, 1, 139),
(5474, 15, 3, 6, 7, 139),
(5475, 15, 3, 6, 13, 139),
(5476, 15, 3, 7, 19, 140),
(5477, 15, 3, 7, 22, 140),
(5478, 15, 3, 7, 24, 140),
(5479, 15, 3, 8, 20, 141),
(5480, 15, 3, 8, 21, 141),
(5481, 15, 3, 8, 23, 141),
(5482, 15, 4, 1, 3, 31),
(5483, 15, 4, 1, 9, 31),
(5484, 15, 4, 1, 15, 31),
(5485, 15, 4, 2, 4, 146),
(5486, 15, 4, 2, 10, 146),
(5487, 15, 4, 2, 16, 146),
(5494, 15, 4, 5, 7, 145),
(5495, 15, 4, 5, 13, 145),
(5496, 15, 4, 5, 19, 145),
(5497, 15, 4, 6, 8, 147),
(5498, 15, 4, 6, 14, 147),
(5499, 15, 4, 6, 20, 147),
(5500, 15, 4, 7, 21, 148),
(5501, 15, 4, 7, 23, 148),
(5502, 15, 4, 7, 24, 148),
(5503, 15, 4, 8, 1, 149),
(5504, 15, 4, 8, 2, 149),
(5505, 15, 4, 8, 22, 149),
(5506, 15, 5, 1, 4, 39),
(5507, 15, 5, 1, 10, 39),
(5508, 15, 5, 1, 16, 39),
(5509, 15, 5, 2, 5, 154),
(5510, 15, 5, 2, 11, 154),
(5511, 15, 5, 2, 17, 154),
(5518, 15, 5, 5, 8, 153),
(5519, 15, 5, 5, 14, 153),
(5520, 15, 5, 5, 20, 153),
(5521, 15, 5, 6, 9, 155),
(5522, 15, 5, 6, 15, 155),
(5523, 15, 5, 6, 21, 155),
(5524, 15, 5, 7, 22, 156),
(5525, 15, 5, 7, 23, 156),
(5526, 15, 5, 7, 24, 156),
(5527, 15, 5, 8, 1, 157),
(5528, 15, 5, 8, 2, 157),
(5529, 15, 5, 8, 3, 157),
(5530, 15, 7, 1, 5, 55),
(5531, 15, 7, 1, 11, 55),
(5532, 15, 7, 1, 17, 55),
(5533, 15, 7, 2, 6, 170),
(5534, 15, 7, 2, 12, 170),
(5535, 15, 7, 2, 18, 170),
(5542, 15, 7, 5, 9, 169),
(5543, 15, 7, 5, 15, 169),
(5544, 15, 7, 5, 21, 169),
(5545, 15, 7, 6, 10, 171),
(5546, 15, 7, 6, 16, 171),
(5547, 15, 7, 6, 22, 171),
(5548, 15, 7, 7, 23, 172),
(5549, 15, 7, 7, 24, 172),
(5550, 15, 7, 7, 1, 172),
(5551, 15, 7, 8, 2, 173),
(5552, 15, 7, 8, 3, 173),
(5553, 15, 7, 8, 4, 173),
(5554, 15, 8, 1, 6, 63),
(5555, 15, 8, 1, 12, 63),
(5556, 15, 8, 1, 18, 63),
(5557, 15, 8, 2, 7, 178),
(5558, 15, 8, 2, 13, 178),
(5559, 15, 8, 2, 19, 178),
(5566, 15, 8, 5, 10, 177),
(5567, 15, 8, 5, 16, 177),
(5568, 15, 8, 5, 22, 177),
(5569, 15, 8, 6, 11, 179),
(5570, 15, 8, 6, 17, 179),
(5571, 15, 8, 6, 23, 179),
(5572, 15, 8, 7, 24, 180),
(5573, 15, 8, 7, 1, 180),
(5574, 15, 8, 7, 2, 180),
(5575, 15, 8, 8, 3, 181),
(5576, 15, 8, 8, 4, 181),
(5577, 15, 8, 8, 5, 181),
(5578, 16, 1, 1, 2, 7),
(5579, 16, 1, 1, 7, 7),
(5580, 16, 1, 1, 13, 7),
(5581, 16, 1, 2, 3, 122),
(5582, 16, 1, 2, 9, 122),
(5583, 16, 1, 2, 14, 122),
(5587, 16, 1, 4, 5, 8),
(5588, 16, 1, 4, 11, 8),
(5589, 16, 1, 4, 16, 8),
(5590, 16, 1, 5, 6, 121),
(5591, 16, 1, 5, 12, 121),
(5592, 16, 1, 5, 17, 121),
(5593, 16, 1, 6, 1, 123),
(5594, 16, 1, 6, 8, 123),
(5595, 16, 1, 6, 18, 123),
(5596, 16, 1, 7, 19, 124),
(5597, 16, 1, 7, 20, 124),
(5598, 16, 1, 7, 21, 124),
(5599, 16, 1, 8, 22, 125),
(5600, 16, 1, 8, 23, 125),
(5601, 16, 1, 8, 24, 125),
(5602, 16, 3, 1, 3, 23),
(5603, 16, 3, 1, 10, 23),
(5604, 16, 3, 1, 17, 23),
(5605, 16, 3, 2, 4, 138),
(5606, 16, 3, 2, 11, 138),
(5607, 16, 3, 2, 18, 138),
(5614, 16, 3, 5, 7, 137),
(5615, 16, 3, 5, 14, 137),
(5616, 16, 3, 5, 21, 137),
(5617, 16, 3, 6, 8, 139),
(5618, 16, 3, 6, 15, 139),
(5619, 16, 3, 6, 22, 139),
(5620, 16, 3, 7, 9, 140),
(5621, 16, 3, 7, 16, 140),
(5622, 16, 3, 7, 23, 140),
(5623, 16, 3, 8, 1, 141),
(5624, 16, 3, 8, 2, 141),
(5625, 16, 3, 8, 24, 141),
(5626, 16, 4, 1, 4, 31),
(5627, 16, 4, 1, 11, 31),
(5628, 16, 4, 1, 19, 31),
(5629, 16, 4, 2, 5, 146),
(5630, 16, 4, 2, 12, 146),
(5631, 16, 4, 2, 20, 146),
(5638, 16, 4, 5, 8, 145),
(5639, 16, 4, 5, 15, 145),
(5640, 16, 4, 5, 23, 145),
(5641, 16, 4, 6, 9, 147),
(5642, 16, 4, 6, 16, 147),
(5643, 16, 4, 6, 24, 147),
(5644, 16, 4, 7, 10, 148),
(5645, 16, 4, 7, 17, 148),
(5646, 16, 4, 7, 1, 148),
(5647, 16, 4, 8, 2, 149),
(5648, 16, 4, 8, 3, 149),
(5649, 16, 4, 8, 18, 149),
(5650, 16, 5, 1, 5, 39),
(5651, 16, 5, 1, 12, 39),
(5652, 16, 5, 1, 20, 39),
(5653, 16, 5, 2, 6, 154),
(5654, 16, 5, 2, 13, 154),
(5655, 16, 5, 2, 21, 154),
(5662, 16, 5, 5, 9, 153),
(5663, 16, 5, 5, 16, 153),
(5664, 16, 5, 5, 24, 153),
(5665, 16, 5, 6, 10, 155),
(5666, 16, 5, 6, 17, 155),
(5667, 16, 5, 6, 1, 155),
(5668, 16, 5, 7, 11, 156),
(5669, 16, 5, 7, 18, 156),
(5670, 16, 5, 7, 2, 156),
(5671, 16, 5, 8, 3, 157),
(5672, 16, 5, 8, 4, 157),
(5673, 16, 5, 8, 19, 157),
(5674, 16, 7, 1, 6, 55),
(5675, 16, 7, 1, 13, 55),
(5676, 16, 7, 1, 20, 55),
(5677, 16, 7, 2, 7, 170),
(5678, 16, 7, 2, 14, 170),
(5679, 16, 7, 2, 21, 170),
(5686, 16, 7, 5, 10, 169),
(5687, 16, 7, 5, 17, 169),
(5688, 16, 7, 5, 24, 169),
(5689, 16, 7, 6, 11, 171),
(5690, 16, 7, 6, 18, 171),
(5691, 16, 7, 6, 1, 171),
(5692, 16, 7, 7, 12, 172),
(5693, 16, 7, 7, 19, 172),
(5694, 16, 7, 7, 2, 172),
(5695, 16, 7, 8, 3, 173),
(5696, 16, 7, 8, 4, 173),
(5697, 16, 7, 8, 5, 173),
(5698, 16, 8, 1, 7, 63),
(5699, 16, 8, 1, 14, 63),
(5700, 16, 8, 1, 21, 63),
(5701, 16, 8, 2, 8, 178),
(5702, 16, 8, 2, 15, 178),
(5703, 16, 8, 2, 22, 178),
(5710, 16, 8, 5, 11, 177),
(5711, 16, 8, 5, 18, 177),
(5712, 16, 8, 5, 1, 177),
(5713, 16, 8, 6, 12, 179),
(5714, 16, 8, 6, 19, 179),
(5715, 16, 8, 6, 2, 179),
(5716, 16, 8, 7, 13, 180),
(5717, 16, 8, 7, 20, 180),
(5718, 16, 8, 7, 3, 180),
(5719, 16, 8, 8, 4, 181),
(5720, 16, 8, 8, 5, 181),
(5721, 16, 8, 8, 6, 181),
(5722, 17, 1, 1, 1, 7),
(5723, 17, 1, 1, 5, 7),
(5724, 17, 1, 1, 9, 7),
(5725, 17, 1, 2, 2, 122),
(5726, 17, 1, 2, 6, 122),
(5727, 17, 1, 2, 10, 122),
(5731, 17, 1, 4, 4, 8),
(5732, 17, 1, 4, 8, 8),
(5734, 17, 1, 5, 13, 121),
(5735, 17, 1, 5, 17, 121),
(5736, 17, 1, 5, 21, 121),
(5737, 17, 1, 6, 14, 123),
(5738, 17, 1, 6, 18, 123),
(5739, 17, 1, 6, 22, 123),
(5740, 17, 1, 7, 15, 124),
(5741, 17, 1, 7, 19, 124),
(5742, 17, 1, 7, 23, 124),
(5743, 17, 1, 8, 16, 125),
(5744, 17, 1, 8, 20, 125),
(5745, 17, 1, 8, 24, 125),
(5746, 17, 3, 1, 2, 23),
(5747, 17, 3, 1, 3, 23),
(5748, 17, 3, 1, 4, 23),
(5749, 17, 3, 2, 5, 138),
(5750, 17, 3, 2, 6, 138),
(5751, 17, 3, 2, 7, 138),
(5758, 17, 3, 5, 14, 137),
(5759, 17, 3, 5, 15, 137),
(5760, 17, 3, 5, 16, 137),
(5761, 17, 3, 6, 17, 139),
(5762, 17, 3, 6, 18, 139),
(5763, 17, 3, 6, 19, 139),
(5764, 17, 3, 7, 20, 140),
(5765, 17, 3, 7, 21, 140),
(5766, 17, 3, 7, 22, 140),
(5767, 17, 3, 8, 23, 141),
(5768, 17, 3, 8, 24, 141),
(5769, 17, 3, 8, 1, 141),
(5770, 17, 4, 1, 3, 31),
(5771, 17, 4, 1, 4, 31),
(5772, 17, 4, 1, 5, 31),
(5773, 17, 4, 2, 6, 146),
(5774, 17, 4, 2, 7, 146),
(5775, 17, 4, 2, 8, 146),
(5782, 17, 4, 5, 15, 145),
(5783, 17, 4, 5, 16, 145),
(5784, 17, 4, 5, 17, 145),
(5785, 17, 4, 6, 18, 147),
(5786, 17, 4, 6, 19, 147),
(5787, 17, 4, 6, 20, 147),
(5788, 17, 4, 7, 21, 148),
(5789, 17, 4, 7, 22, 148),
(5790, 17, 4, 7, 23, 148),
(5791, 17, 4, 8, 24, 149),
(5792, 17, 4, 8, 1, 149),
(5793, 17, 4, 8, 2, 149),
(5794, 17, 5, 1, 4, 39),
(5795, 17, 5, 1, 5, 39),
(5796, 17, 5, 1, 6, 39),
(5797, 17, 5, 2, 7, 154),
(5798, 17, 5, 2, 8, 154),
(5799, 17, 5, 2, 9, 154),
(5806, 17, 5, 5, 16, 153),
(5807, 17, 5, 5, 17, 153),
(5808, 17, 5, 5, 18, 153),
(5809, 17, 5, 6, 19, 155),
(5810, 17, 5, 6, 20, 155),
(5811, 17, 5, 6, 21, 155),
(5812, 17, 5, 7, 22, 156),
(5813, 17, 5, 7, 23, 156),
(5814, 17, 5, 7, 24, 156),
(5815, 17, 5, 8, 1, 157),
(5816, 17, 5, 8, 2, 157),
(5817, 17, 5, 8, 3, 157),
(5818, 17, 7, 1, 5, 55),
(5819, 17, 7, 1, 6, 55),
(5820, 17, 7, 1, 7, 55),
(5821, 17, 7, 2, 8, 170),
(5822, 17, 7, 2, 9, 170),
(5823, 17, 7, 2, 10, 170),
(5830, 17, 7, 5, 17, 169),
(5831, 17, 7, 5, 18, 169),
(5832, 17, 7, 5, 19, 169),
(5833, 17, 7, 6, 20, 171),
(5834, 17, 7, 6, 21, 171),
(5835, 17, 7, 6, 22, 171),
(5836, 17, 7, 7, 23, 172),
(5837, 17, 7, 7, 24, 172),
(5838, 17, 7, 7, 1, 172),
(5839, 17, 7, 8, 2, 173),
(5840, 17, 7, 8, 3, 173),
(5841, 17, 7, 8, 4, 173),
(5842, 17, 8, 1, 6, 63),
(5843, 17, 8, 1, 7, 63),
(5844, 17, 8, 1, 8, 63),
(5845, 17, 8, 2, 9, 178),
(5846, 17, 8, 2, 10, 178),
(5847, 17, 8, 2, 11, 178),
(5854, 17, 8, 5, 18, 177),
(5855, 17, 8, 5, 19, 177),
(5856, 17, 8, 5, 20, 177),
(5857, 17, 8, 6, 21, 179),
(5858, 17, 8, 6, 22, 179),
(5859, 17, 8, 6, 23, 179),
(5860, 17, 8, 7, 24, 180),
(5861, 17, 8, 7, 1, 180),
(5862, 17, 8, 7, 2, 180),
(5863, 17, 8, 8, 3, 181),
(5864, 17, 8, 8, 4, 181),
(5865, 17, 8, 8, 5, 181),
(5866, 18, 1, 1, 1, 7),
(5867, 18, 1, 1, 5, 7),
(5868, 18, 1, 1, 9, 7),
(5869, 18, 1, 2, 2, 122),
(5870, 18, 1, 2, 6, 122),
(5871, 18, 1, 2, 10, 122),
(5875, 18, 1, 4, 4, 8),
(5876, 18, 1, 4, 8, 8),
(5877, 18, 1, 4, 12, 8),
(5878, 18, 1, 5, 13, 121),
(5879, 18, 1, 5, 14, 121),
(5880, 18, 1, 5, 15, 121),
(5881, 18, 1, 6, 16, 123),
(5882, 18, 1, 6, 17, 123),
(5883, 18, 1, 6, 18, 123),
(5884, 18, 1, 7, 19, 124),
(5885, 18, 1, 7, 20, 124),
(5886, 18, 1, 7, 21, 124),
(5887, 18, 1, 8, 22, 125),
(5888, 18, 1, 8, 23, 125),
(5889, 18, 1, 8, 24, 125),
(5890, 18, 3, 1, 2, 23),
(5891, 18, 3, 1, 7, 23),
(5892, 18, 3, 1, 13, 23),
(5893, 18, 3, 2, 3, 138),
(5894, 18, 3, 2, 8, 138),
(5895, 18, 3, 2, 14, 138),
(5902, 18, 3, 5, 1, 137),
(5903, 18, 3, 5, 11, 137),
(5904, 18, 3, 5, 17, 137),
(5905, 18, 3, 6, 6, 139),
(5906, 18, 3, 6, 12, 139),
(5907, 18, 3, 6, 18, 139),
(5908, 18, 3, 7, 19, 140),
(5909, 18, 3, 7, 20, 140),
(5910, 18, 3, 7, 21, 140),
(5911, 18, 3, 8, 22, 141),
(5912, 18, 3, 8, 23, 141),
(5913, 18, 3, 8, 24, 141),
(5914, 18, 4, 1, 3, 31),
(5915, 18, 4, 1, 8, 31),
(5916, 18, 4, 1, 14, 31),
(5917, 18, 4, 2, 4, 146),
(5918, 18, 4, 2, 9, 146),
(5919, 18, 4, 2, 15, 146),
(5926, 18, 4, 5, 1, 145),
(5927, 18, 4, 5, 12, 145),
(5928, 18, 4, 5, 18, 145),
(5929, 18, 4, 6, 2, 147),
(5930, 18, 4, 6, 7, 147),
(5931, 18, 4, 6, 13, 147),
(5932, 18, 4, 7, 19, 148),
(5933, 18, 4, 7, 21, 148),
(5934, 18, 4, 7, 23, 148),
(5935, 18, 4, 8, 20, 149),
(5936, 18, 4, 8, 22, 149),
(5937, 18, 4, 8, 24, 149),
(5938, 18, 5, 1, 4, 39),
(5939, 18, 5, 1, 10, 39),
(5940, 18, 5, 1, 16, 39),
(5941, 18, 5, 2, 5, 154),
(5942, 18, 5, 2, 11, 154),
(5943, 18, 5, 2, 17, 154),
(5950, 18, 5, 5, 8, 153),
(5951, 18, 5, 5, 14, 153),
(5952, 18, 5, 5, 20, 153),
(5953, 18, 5, 6, 9, 155),
(5954, 18, 5, 6, 15, 155),
(5955, 18, 5, 6, 21, 155),
(5956, 18, 5, 7, 22, 156),
(5957, 18, 5, 7, 23, 156),
(5958, 18, 5, 7, 24, 156),
(5959, 18, 5, 8, 1, 157),
(5960, 18, 5, 8, 2, 157),
(5961, 18, 5, 8, 3, 157),
(5962, 18, 7, 1, 6, 55),
(5963, 18, 7, 1, 12, 55),
(5964, 18, 7, 1, 18, 55),
(5965, 18, 7, 2, 7, 170),
(5966, 18, 7, 2, 13, 170),
(5967, 18, 7, 2, 19, 170),
(5974, 18, 7, 5, 10, 169),
(5975, 18, 7, 5, 16, 169),
(5976, 18, 7, 5, 22, 169),
(5977, 18, 7, 6, 11, 171),
(5978, 18, 7, 6, 17, 171),
(5979, 18, 7, 6, 23, 171),
(5980, 18, 7, 7, 1, 172),
(5981, 18, 7, 7, 2, 172),
(5982, 18, 7, 7, 3, 172),
(5983, 18, 7, 8, 4, 173),
(5984, 18, 7, 8, 5, 173),
(5985, 18, 7, 8, 24, 173),
(5986, 18, 8, 1, 7, 63),
(5987, 18, 8, 1, 13, 63),
(5988, 18, 8, 1, 19, 63),
(5989, 18, 8, 2, 8, 178),
(5990, 18, 8, 2, 14, 178),
(5991, 18, 8, 2, 20, 178),
(5998, 18, 8, 5, 11, 177),
(5999, 18, 8, 5, 17, 177),
(6000, 18, 8, 5, 23, 177),
(6001, 18, 8, 6, 12, 179),
(6002, 18, 8, 6, 18, 179),
(6003, 18, 8, 6, 24, 179),
(6004, 18, 8, 7, 1, 180),
(6005, 18, 8, 7, 2, 180),
(6006, 18, 8, 7, 3, 180),
(6007, 18, 8, 8, 4, 181),
(6008, 18, 8, 8, 5, 181),
(6009, 18, 8, 8, 6, 181),
(6010, 19, 1, 1, 3, 7),
(6011, 19, 1, 1, 6, 7),
(6012, 19, 1, 1, 12, 7),
(6013, 19, 1, 2, 1, 122),
(6014, 19, 1, 2, 7, 122),
(6015, 19, 1, 2, 13, 122),
(6019, 19, 1, 4, 4, 8),
(6020, 19, 1, 4, 9, 8),
(6022, 19, 1, 5, 5, 121),
(6023, 19, 1, 5, 10, 121),
(6024, 19, 1, 5, 16, 121),
(6025, 19, 1, 6, 11, 123),
(6026, 19, 1, 6, 17, 123),
(6027, 19, 1, 6, 18, 123),
(6028, 19, 1, 7, 19, 124),
(6029, 19, 1, 7, 21, 124),
(6030, 19, 1, 7, 22, 124),
(6031, 19, 1, 8, 20, 125),
(6032, 19, 1, 8, 23, 125),
(6033, 19, 1, 8, 24, 125),
(6034, 19, 3, 1, 4, 23),
(6035, 19, 3, 1, 9, 23),
(6036, 19, 3, 1, 14, 23),
(6037, 19, 3, 2, 5, 138),
(6038, 19, 3, 2, 10, 138),
(6039, 19, 3, 2, 15, 138),
(6046, 19, 3, 5, 8, 137),
(6047, 19, 3, 5, 13, 137),
(6048, 19, 3, 5, 18, 137),
(6049, 19, 3, 6, 1, 139),
(6050, 19, 3, 6, 2, 139),
(6051, 19, 3, 6, 3, 139),
(6052, 19, 3, 7, 19, 140),
(6053, 19, 3, 7, 20, 140),
(6054, 19, 3, 7, 21, 140),
(6055, 19, 3, 8, 22, 141),
(6056, 19, 3, 8, 23, 141),
(6057, 19, 3, 8, 24, 141),
(6058, 19, 4, 1, 5, 31),
(6059, 19, 4, 1, 10, 31),
(6060, 19, 4, 1, 15, 31),
(6061, 19, 4, 2, 6, 146),
(6062, 19, 4, 2, 11, 146),
(6063, 19, 4, 2, 16, 146),
(6070, 19, 4, 5, 9, 145),
(6071, 19, 4, 5, 14, 145),
(6072, 19, 4, 5, 19, 145),
(6073, 19, 4, 6, 1, 147),
(6074, 19, 4, 6, 2, 147),
(6075, 19, 4, 6, 3, 147),
(6076, 19, 4, 7, 20, 148),
(6077, 19, 4, 7, 21, 148),
(6078, 19, 4, 7, 22, 148),
(6079, 19, 4, 8, 23, 149),
(6080, 19, 4, 8, 24, 149),
(6081, 19, 4, 8, 4, 149),
(6082, 19, 5, 1, 6, 39),
(6083, 19, 5, 1, 11, 39),
(6084, 19, 5, 1, 17, 39),
(6085, 19, 5, 2, 7, 154),
(6086, 19, 5, 2, 12, 154),
(6087, 19, 5, 2, 18, 154),
(6094, 19, 5, 5, 10, 153),
(6095, 19, 5, 5, 15, 153),
(6096, 19, 5, 5, 21, 153),
(6097, 19, 5, 6, 1, 155),
(6098, 19, 5, 6, 2, 155),
(6099, 19, 5, 6, 3, 155),
(6100, 19, 5, 7, 22, 156),
(6101, 19, 5, 7, 23, 156),
(6102, 19, 5, 7, 24, 156),
(6103, 19, 5, 8, 4, 157),
(6104, 19, 5, 8, 5, 157),
(6105, 19, 5, 8, 6, 157),
(6106, 19, 7, 1, 7, 55),
(6107, 19, 7, 1, 13, 55),
(6108, 19, 7, 1, 19, 55),
(6109, 19, 7, 2, 8, 170),
(6110, 19, 7, 2, 14, 170),
(6111, 19, 7, 2, 20, 170),
(6118, 19, 7, 5, 11, 169),
(6119, 19, 7, 5, 17, 169),
(6120, 19, 7, 5, 23, 169),
(6121, 19, 7, 6, 12, 171),
(6122, 19, 7, 6, 18, 171),
(6123, 19, 7, 6, 24, 171),
(6124, 19, 7, 7, 1, 172),
(6125, 19, 7, 7, 2, 172),
(6126, 19, 7, 7, 3, 172),
(6127, 19, 7, 8, 4, 173),
(6128, 19, 7, 8, 5, 173),
(6129, 19, 7, 8, 6, 173),
(6130, 19, 8, 1, 8, 63),
(6131, 19, 8, 1, 14, 63),
(6132, 19, 8, 1, 20, 63),
(6133, 19, 8, 2, 9, 178),
(6134, 19, 8, 2, 15, 178),
(6135, 19, 8, 2, 21, 178),
(6142, 19, 8, 5, 12, 177),
(6143, 19, 8, 5, 18, 177),
(6144, 19, 8, 5, 24, 177),
(6145, 19, 8, 6, 1, 179),
(6146, 19, 8, 6, 2, 179),
(6147, 19, 8, 6, 3, 179),
(6148, 19, 8, 7, 4, 180),
(6149, 19, 8, 7, 5, 180),
(6150, 19, 8, 7, 6, 180),
(6151, 19, 8, 8, 7, 181),
(6152, 19, 8, 8, 13, 181),
(6153, 19, 8, 8, 19, 181),
(6154, 20, 1, 1, 2, 7),
(6155, 20, 1, 1, 6, 7),
(6156, 20, 1, 1, 13, 7),
(6157, 20, 1, 2, 3, 122),
(6158, 20, 1, 2, 7, 122),
(6159, 20, 1, 2, 14, 122),
(6163, 20, 1, 4, 5, 8),
(6164, 20, 1, 4, 9, 8),
(6165, 20, 1, 4, 16, 8),
(6166, 20, 1, 5, 1, 121),
(6167, 20, 1, 5, 10, 121),
(6168, 20, 1, 5, 17, 121),
(6169, 20, 1, 6, 11, 123),
(6170, 20, 1, 6, 12, 123),
(6171, 20, 1, 6, 18, 123),
(6172, 20, 1, 7, 19, 124),
(6173, 20, 1, 7, 21, 124),
(6174, 20, 1, 7, 22, 124),
(6175, 20, 1, 8, 20, 125),
(6176, 20, 1, 8, 23, 125),
(6177, 20, 1, 8, 24, 125),
(6178, 20, 3, 1, 1, 23),
(6179, 20, 3, 1, 5, 23),
(6180, 20, 3, 1, 9, 23),
(6181, 20, 3, 2, 2, 138),
(6182, 20, 3, 2, 6, 138),
(6183, 20, 3, 2, 10, 138),
(6190, 20, 3, 5, 13, 137),
(6191, 20, 3, 5, 14, 137),
(6192, 20, 3, 5, 15, 137),
(6193, 20, 3, 6, 16, 139),
(6194, 20, 3, 6, 17, 139),
(6195, 20, 3, 6, 18, 139),
(6196, 20, 3, 7, 19, 140),
(6197, 20, 3, 7, 20, 140),
(6198, 20, 3, 7, 21, 140),
(6199, 20, 3, 8, 22, 141),
(6200, 20, 3, 8, 23, 141),
(6201, 20, 3, 8, 24, 141),
(6202, 20, 4, 1, 13, 31),
(6203, 20, 4, 1, 10, 31),
(6204, 20, 4, 1, 17, 31),
(6205, 20, 4, 2, 4, 146),
(6206, 20, 4, 2, 11, 146),
(6207, 20, 4, 2, 18, 146),
(6214, 20, 4, 5, 7, 145),
(6215, 20, 4, 5, 10, 145),
(6216, 20, 4, 5, 21, 145),
(6217, 20, 4, 6, 8, 147),
(6218, 20, 4, 6, 15, 147),
(6219, 20, 4, 6, 22, 147),
(6220, 20, 4, 7, 9, 148),
(6221, 20, 4, 7, 16, 148),
(6222, 20, 4, 7, 23, 148),
(6223, 20, 4, 8, 1, 149),
(6224, 20, 4, 8, 2, 149),
(6225, 20, 4, 8, 24, 149),
(6226, 20, 5, 1, 4, 39),
(6227, 20, 5, 1, 11, 39),
(6228, 20, 5, 1, 18, 39),
(6229, 20, 5, 2, 5, 154),
(6230, 20, 5, 2, 12, 154),
(6231, 20, 5, 2, 19, 154),
(6238, 20, 5, 5, 8, 153),
(6239, 20, 5, 5, 15, 153),
(6240, 20, 5, 5, 22, 153),
(6241, 20, 5, 6, 9, 155),
(6242, 20, 5, 6, 16, 155),
(6243, 20, 5, 6, 23, 155),
(6244, 20, 5, 7, 10, 156),
(6245, 20, 5, 7, 17, 156),
(6246, 20, 5, 7, 24, 156),
(6247, 20, 5, 8, 1, 157),
(6248, 20, 5, 8, 2, 157),
(6249, 20, 5, 8, 3, 157),
(6250, 20, 7, 1, 5, 55),
(6251, 20, 7, 1, 12, 55),
(6252, 20, 7, 1, 19, 55),
(6253, 20, 7, 2, 6, 170),
(6254, 20, 7, 2, 13, 170),
(6255, 20, 7, 2, 20, 170),
(6262, 20, 7, 5, 9, 169),
(6263, 20, 7, 5, 16, 169),
(6264, 20, 7, 5, 23, 169),
(6265, 20, 7, 6, 10, 171),
(6266, 20, 7, 6, 17, 171),
(6267, 20, 7, 6, 24, 171),
(6268, 20, 7, 7, 11, 172),
(6269, 20, 7, 7, 18, 172),
(6270, 20, 7, 7, 1, 172),
(6271, 20, 7, 8, 2, 173),
(6272, 20, 7, 8, 3, 173),
(6273, 20, 7, 8, 4, 173),
(6274, 20, 8, 1, 6, 63),
(6275, 20, 8, 1, 13, 63),
(6276, 20, 8, 1, 20, 63),
(6277, 20, 8, 2, 7, 178),
(6278, 20, 8, 2, 14, 178),
(6279, 20, 8, 2, 21, 178),
(6286, 20, 8, 5, 10, 177),
(6287, 20, 8, 5, 17, 177),
(6288, 20, 8, 5, 24, 177),
(6289, 20, 8, 6, 11, 179),
(6290, 20, 8, 6, 18, 179),
(6292, 20, 8, 7, 12, 180),
(6293, 20, 8, 7, 19, 180),
(6294, 20, 8, 7, 2, 180),
(6295, 20, 8, 8, 3, 181),
(6296, 20, 8, 8, 4, 181),
(6297, 20, 8, 8, 5, 181),
(6298, 1, 1, 1, 2, 7),
(6299, 1, 1, 1, 6, 7),
(6300, 1, 1, 1, 13, 7),
(6301, 1, 1, 2, 3, 122),
(6302, 1, 1, 2, 7, 122),
(6303, 1, 1, 2, 14, 122),
(6307, 1, 1, 4, 5, 8),
(6308, 1, 1, 4, 9, 8),
(6309, 1, 1, 4, 16, 8),
(6310, 1, 1, 5, 1, 121),
(6311, 1, 1, 5, 10, 121),
(6312, 1, 1, 5, 17, 121),
(6313, 1, 1, 6, 11, 123),
(6314, 1, 1, 6, 12, 123),
(6315, 1, 1, 6, 18, 123),
(6316, 1, 1, 7, 19, 124),
(6317, 1, 1, 7, 21, 124),
(6318, 1, 1, 7, 22, 124),
(6319, 1, 1, 8, 20, 125),
(6320, 1, 1, 8, 23, 125),
(6321, 1, 1, 8, 24, 125),
(6322, 1, 3, 1, 1, 23),
(6323, 1, 3, 1, 5, 23),
(6324, 1, 3, 1, 9, 23),
(6325, 1, 3, 2, 2, 138),
(6326, 1, 3, 2, 6, 138),
(6327, 1, 3, 2, 10, 138),
(6334, 1, 3, 5, 13, 137),
(6335, 1, 3, 5, 14, 137),
(6336, 1, 3, 5, 15, 137),
(6337, 1, 3, 6, 16, 139),
(6338, 1, 3, 6, 17, 139),
(6339, 1, 3, 6, 18, 139),
(6340, 1, 3, 7, 19, 140),
(6341, 1, 3, 7, 20, 140),
(6342, 1, 3, 7, 21, 140),
(6343, 1, 3, 8, 22, 141),
(6344, 1, 3, 8, 23, 141),
(6345, 1, 3, 8, 24, 141),
(6346, 1, 4, 1, 3, 31),
(6347, 1, 4, 1, 10, 31),
(6348, 1, 4, 1, 17, 31),
(6349, 1, 4, 2, 4, 146),
(6350, 1, 4, 2, 11, 146),
(6351, 1, 4, 2, 18, 146),
(6358, 1, 4, 5, 7, 145),
(6359, 1, 4, 5, 14, 145),
(6360, 1, 4, 5, 21, 145),
(6361, 1, 4, 6, 8, 147),
(6362, 1, 4, 6, 15, 147),
(6363, 1, 4, 6, 22, 147),
(6364, 1, 4, 7, 9, 148),
(6365, 1, 4, 7, 16, 148),
(6366, 1, 4, 7, 23, 148),
(6367, 1, 4, 8, 1, 149),
(6368, 1, 4, 8, 2, 149),
(6369, 1, 4, 8, 24, 149),
(6370, 1, 5, 1, 4, 39),
(6371, 1, 5, 1, 11, 39),
(6372, 1, 5, 1, 18, 39),
(6373, 1, 5, 2, 5, 154),
(6374, 1, 5, 2, 12, 154),
(6375, 1, 5, 2, 19, 154),
(6382, 1, 5, 5, 8, 153),
(6383, 1, 5, 5, 15, 153),
(6384, 1, 5, 5, 22, 153),
(6385, 1, 5, 6, 9, 155),
(6386, 1, 5, 6, 16, 155),
(6387, 1, 5, 6, 23, 155),
(6388, 1, 5, 7, 10, 156),
(6389, 1, 5, 7, 17, 156),
(6390, 1, 5, 7, 24, 156),
(6391, 1, 5, 8, 1, 157),
(6392, 1, 5, 8, 2, 157),
(6393, 1, 5, 8, 3, 157),
(6394, 1, 7, 1, 5, 55),
(6395, 1, 7, 1, 12, 55),
(6396, 1, 7, 1, 19, 55),
(6397, 1, 7, 2, 6, 170),
(6398, 1, 7, 2, 13, 170),
(6399, 1, 7, 2, 20, 170),
(6406, 1, 7, 5, 9, 169),
(6407, 1, 7, 5, 16, 169),
(6408, 1, 7, 5, 23, 169),
(6409, 1, 7, 6, 10, 171),
(6410, 1, 7, 6, 17, 171),
(6411, 1, 7, 6, 24, 171),
(6412, 1, 7, 7, 11, 172),
(6413, 1, 7, 7, 18, 172),
(6414, 1, 7, 7, 1, 172),
(6415, 1, 7, 8, 2, 173),
(6416, 1, 7, 8, 3, 173),
(6417, 1, 7, 8, 4, 173),
(6418, 1, 8, 1, 6, 63),
(6419, 1, 8, 1, 13, 63),
(6420, 1, 8, 1, 20, 63),
(6421, 1, 8, 2, 7, 178),
(6422, 1, 8, 2, 14, 178),
(6423, 1, 8, 2, 21, 178),
(6430, 1, 8, 5, 10, 177),
(6431, 1, 8, 5, 17, 177),
(6432, 1, 8, 5, 24, 177),
(6433, 1, 8, 6, 11, 179),
(6434, 1, 8, 6, 18, 179),
(6435, 1, 8, 6, 1, 179),
(6436, 1, 8, 7, 12, 180),
(6437, 1, 8, 7, 19, 180),
(6438, 1, 8, 7, 2, 180),
(6439, 1, 8, 8, 3, 181),
(6440, 1, 8, 8, 4, 181),
(6441, 1, 8, 8, 5, 181),
(6442, 1, 2, 1, 1, 15),
(6443, 1, 2, 1, 4, 15),
(6444, 1, 2, 1, 7, 15),
(6445, 1, 2, 2, 2, 130),
(6446, 1, 2, 2, 5, 130),
(6447, 1, 2, 2, 8, 130),
(6454, 1, 2, 5, 11, 129),
(6455, 1, 2, 5, 14, 129),
(6456, 1, 2, 5, 17, 129),
(6457, 1, 2, 6, 12, 131),
(6458, 1, 2, 6, 15, 131),
(6459, 1, 2, 6, 18, 131),
(6460, 1, 2, 7, 19, 132),
(6461, 1, 2, 7, 20, 132),
(6462, 1, 2, 7, 21, 132),
(6463, 1, 2, 8, 22, 133),
(6464, 1, 2, 8, 23, 133),
(6465, 1, 2, 8, 24, 133),
(6760, 22, 1, 1, 9, 7),
(6761, 22, 1, 2, 11, 122),
(6762, 22, 1, 1, 15, 7),
(6763, 22, 1, 2, 18, 122),
(6764, 22, 1, 1, 21, 7),
(6767, 22, 2, 1, 9, 15),
(6768, 22, 2, 2, 11, 130),
(6769, 22, 2, 1, 15, 15),
(6770, 22, 2, 1, 18, 15),
(6771, 22, 2, 1, 21, 15),
(6774, 22, 3, 1, 9, 23),
(6775, 22, 3, 2, 11, 138),
(6776, 22, 3, 1, 15, 23),
(6777, 22, 3, 1, 18, 23),
(6778, 22, 3, 1, 21, 23),
(6781, 22, 1, 1, 9, 7),
(6782, 22, 1, 2, 11, 122),
(6783, 22, 1, 1, 15, 7),
(6784, 22, 1, 2, 18, 122),
(6785, 22, 1, 1, 21, 7),
(6788, 22, 2, 1, 9, 15),
(6789, 22, 2, 2, 11, 130),
(6790, 22, 2, 1, 15, 15),
(6791, 22, 2, 2, 18, 130),
(6792, 22, 2, 1, 21, 15),
(6795, 22, 3, 1, 9, 23),
(6796, 22, 3, 2, 11, 138),
(6797, 22, 3, 5, 15, 137),
(6798, 22, 3, 2, 18, 138),
(6799, 22, 3, 5, 21, 137),
(6802, 22, 1, 5, 9, 121),
(6803, 22, 1, 2, 11, 122),
(6804, 22, 1, 5, 15, 121),
(6805, 22, 1, 2, 18, 122),
(6806, 22, 1, 5, 21, 121),
(6809, 22, 2, 5, 9, 129),
(6810, 22, 2, 2, 11, 130),
(6811, 22, 2, 5, 15, 129),
(6812, 22, 2, 2, 18, 130),
(6813, 22, 2, 5, 21, 129),
(6816, 22, 3, 5, 9, 137),
(6817, 22, 3, 1, 11, 23),
(6818, 22, 3, 5, 15, 137),
(6819, 22, 3, 2, 18, 138),
(6820, 22, 3, 5, 21, 137),
(6823, 22, 1, 5, 9, 121),
(6824, 22, 1, 2, 11, 122),
(6825, 22, 1, 5, 15, 121),
(6826, 22, 1, 2, 18, 122),
(6827, 22, 1, 5, 21, 121),
(6830, 22, 2, 5, 9, 129),
(6831, 22, 2, 2, 11, 130),
(6832, 22, 2, 5, 15, 129),
(6833, 22, 2, 2, 18, 130),
(6834, 22, 2, 5, 21, 129),
(6837, 22, 3, 5, 9, 137),
(6838, 22, 3, 2, 11, 138),
(6839, 22, 3, 5, 15, 137),
(6840, 22, 3, 2, 18, 138),
(6841, 22, 3, 5, 21, 137),
(6844, 22, 1, 5, 9, 121),
(6845, 22, 1, 2, 11, 122),
(6846, 22, 1, 5, 15, 121),
(6847, 22, 1, 2, 18, 122),
(6848, 22, 1, 5, 21, 121),
(6851, 22, 2, 5, 9, 129),
(6852, 22, 2, 2, 11, 130),
(6853, 22, 2, 5, 15, 129),
(6854, 22, 2, 2, 18, 130),
(6855, 22, 2, 5, 21, 129),
(6858, 22, 3, 5, 9, 137),
(6859, 22, 3, 2, 11, 138),
(6860, 22, 3, 5, 15, 137),
(6861, 22, 3, 2, 18, 138),
(6862, 22, 3, 5, 21, 137),
(6865, 22, 1, 5, 9, 121),
(6866, 22, 1, 2, 11, 122),
(6867, 22, 1, 5, 15, 121),
(6868, 22, 1, 2, 18, 122),
(6869, 22, 1, 5, 21, 121),
(6872, 22, 2, 5, 9, 129),
(6873, 22, 2, 2, 11, 130),
(6874, 22, 2, 5, 15, 129),
(6875, 22, 2, 1, 18, 15),
(6876, 22, 2, 5, 21, 129),
(6879, 22, 3, 5, 9, 137),
(6880, 22, 3, 2, 11, 138),
(6881, 22, 3, 5, 15, 137),
(6882, 22, 3, 2, 18, 138),
(6883, 22, 3, 5, 21, 137),
(6886, 22, 1, 5, 9, 121),
(6887, 22, 1, 2, 11, 122),
(6888, 22, 1, 5, 15, 121),
(6889, 22, 1, 2, 18, 122),
(6890, 22, 1, 5, 21, 121),
(6893, 22, 2, 5, 9, 129),
(6894, 22, 2, 2, 11, 130),
(6895, 22, 2, 5, 15, 129),
(6896, 22, 2, 2, 18, 130),
(6897, 22, 2, 5, 21, 129),
(6900, 22, 3, 5, 9, 137),
(6901, 22, 3, 2, 11, 138),
(6902, 22, 3, 5, 15, 137),
(6903, 22, 3, 1, 18, 23),
(6904, 22, 3, 5, 21, 137),
(6907, 22, 1, 5, 9, 121),
(6908, 22, 1, 2, 11, 122),
(6909, 22, 1, 5, 15, 121),
(6910, 22, 1, 2, 18, 122),
(6911, 22, 1, 5, 21, 121),
(6914, 22, 2, 5, 9, 129),
(6915, 22, 2, 2, 11, 130),
(6916, 22, 2, 5, 15, 129),
(6917, 22, 2, 2, 18, 130),
(6918, 22, 2, 5, 21, 129),
(6921, 22, 3, 5, 9, 137),
(6922, 22, 3, 1, 11, 23),
(6923, 22, 3, 5, 15, 137),
(6924, 22, 3, 2, 18, 138),
(6925, 22, 3, 5, 21, 137),
(6928, 22, 1, 5, 9, 121),
(6929, 22, 1, 2, 11, 122),
(6930, 22, 1, 5, 15, 121),
(6931, 22, 1, 2, 18, 122),
(6932, 22, 1, 5, 21, 121),
(6935, 22, 2, 5, 9, 129),
(6936, 22, 2, 2, 11, 130),
(6937, 22, 2, 5, 15, 129),
(6938, 22, 2, 1, 18, 15),
(6939, 22, 2, 5, 21, 129),
(6942, 22, 3, 5, 9, 137),
(6943, 22, 3, 2, 11, 138),
(6944, 22, 3, 5, 15, 137),
(6945, 22, 3, 2, 18, 138),
(6946, 22, 3, 5, 21, 137),
(6949, 22, 1, 5, 9, 121),
(6950, 22, 1, 2, 11, 122),
(6951, 22, 1, 5, 15, 121),
(6952, 22, 1, 2, 18, 122),
(6953, 22, 1, 5, 21, 121),
(6956, 22, 2, 5, 9, 129),
(6957, 22, 2, 1, 11, 15),
(6958, 22, 2, 5, 15, 129),
(6959, 22, 2, 2, 18, 130),
(6960, 22, 2, 5, 21, 129),
(6963, 22, 3, 5, 9, 137),
(6964, 22, 3, 2, 11, 138),
(6965, 22, 3, 5, 15, 137),
(6966, 22, 3, 1, 18, 23),
(6967, 22, 3, 5, 21, 137),
(6970, 22, 1, 5, 9, 121),
(6971, 22, 1, 2, 11, 122),
(6972, 22, 1, 5, 15, 121),
(6973, 22, 1, 2, 18, 122),
(6974, 22, 1, 5, 21, 121),
(6977, 22, 2, 5, 9, 129),
(6978, 22, 2, 1, 11, 15),
(6979, 22, 2, 5, 15, 129),
(6980, 22, 2, 2, 18, 130),
(6981, 22, 2, 5, 21, 129),
(6984, 22, 3, 5, 9, 137),
(6985, 22, 3, 2, 11, 138),
(6986, 22, 3, 5, 15, 137),
(6987, 22, 3, 2, 18, 138),
(6988, 22, 3, 5, 21, 137),
(6991, 22, 1, 5, 9, 121),
(6992, 22, 1, 2, 11, 122),
(6993, 22, 1, 5, 15, 121),
(6994, 22, 1, 2, 18, 122),
(6995, 22, 1, 5, 21, 121),
(6998, 22, 2, 5, 9, 129),
(6999, 22, 2, 2, 11, 130),
(7000, 22, 2, 5, 15, 129),
(7001, 22, 2, 2, 18, 130),
(7002, 22, 2, 5, 21, 129),
(7005, 22, 3, 5, 9, 137),
(7006, 22, 3, 2, 11, 138),
(7007, 22, 3, 5, 15, 137),
(7008, 22, 3, 1, 18, 23),
(7009, 22, 3, 5, 21, 137),
(7012, 22, 1, 5, 9, 121),
(7013, 22, 1, 2, 11, 122),
(7014, 22, 1, 5, 15, 121),
(7015, 22, 1, 2, 18, 122),
(7016, 22, 1, 5, 21, 121),
(7019, 22, 2, 5, 9, 129),
(7020, 22, 2, 2, 11, 130),
(7021, 22, 2, 5, 15, 129),
(7022, 22, 2, 2, 18, 130),
(7023, 22, 2, 5, 21, 129),
(7026, 22, 3, 5, 9, 137),
(7027, 22, 3, 2, 11, 138),
(7028, 22, 3, 5, 15, 137);
INSERT INTO `horarios_sessao` (`id`, `id_filme`, `id_cinema`, `id_tipo_sessao`, `id_horario`, `id_sala`) VALUES
(7029, 22, 3, 2, 18, 138),
(7030, 22, 3, 5, 21, 137),
(7033, 22, 1, 5, 9, 121),
(7034, 22, 1, 2, 11, 122),
(7035, 22, 1, 5, 15, 121),
(7036, 22, 1, 2, 18, 122),
(7037, 22, 1, 5, 21, 121),
(7040, 22, 2, 5, 9, 129),
(7041, 22, 2, 2, 11, 130),
(7042, 22, 2, 5, 15, 129),
(7043, 22, 2, 2, 18, 130),
(7044, 22, 2, 5, 21, 129),
(7047, 22, 3, 5, 9, 137),
(7048, 22, 3, 2, 11, 138),
(7049, 22, 3, 5, 15, 137),
(7050, 22, 3, 2, 18, 138),
(7051, 22, 3, 5, 21, 137),
(7061, 23, 2, 5, 9, 129),
(7062, 23, 2, 2, 11, 130),
(7063, 23, 2, 5, 15, 129),
(7064, 23, 2, 2, 18, 130),
(7065, 23, 2, 5, 21, 129),
(7068, 23, 3, 5, 9, 137),
(7069, 23, 3, 2, 11, 138),
(7070, 23, 3, 5, 15, 137),
(7071, 23, 3, 1, 18, 23),
(7072, 23, 3, 5, 21, 137),
(7082, 23, 2, 5, 9, 129),
(7083, 23, 2, 2, 11, 130),
(7084, 23, 2, 5, 15, 129),
(7085, 23, 2, 2, 18, 130),
(7086, 23, 2, 5, 21, 129),
(7089, 23, 3, 5, 9, 137),
(7090, 23, 3, 2, 11, 138),
(7091, 23, 3, 5, 15, 137),
(7092, 23, 3, 2, 18, 138),
(7093, 23, 3, 5, 21, 137),
(7103, 23, 2, 5, 9, 129),
(7104, 23, 2, 2, 11, 130),
(7105, 23, 2, 5, 15, 129),
(7106, 23, 2, 2, 18, 130),
(7107, 23, 2, 5, 21, 129),
(7110, 23, 3, 5, 9, 137),
(7111, 23, 3, 2, 11, 138),
(7112, 23, 3, 5, 15, 137),
(7113, 23, 3, 2, 18, 138),
(7114, 23, 3, 5, 21, 137),
(7124, 23, 2, 5, 9, 129),
(7125, 23, 2, 2, 11, 130),
(7126, 23, 2, 5, 15, 129),
(7127, 23, 2, 2, 18, 130),
(7128, 23, 2, 5, 21, 129),
(7131, 23, 3, 5, 9, 137),
(7132, 23, 3, 2, 11, 138),
(7133, 23, 3, 5, 15, 137),
(7134, 23, 3, 2, 18, 138),
(7135, 23, 3, 5, 21, 137),
(7145, 23, 2, 5, 9, 129),
(7146, 23, 2, 2, 11, 130),
(7147, 23, 2, 5, 15, 129),
(7148, 23, 2, 2, 18, 130),
(7149, 23, 2, 5, 21, 129),
(7152, 23, 3, 5, 9, 137),
(7153, 23, 3, 2, 11, 138),
(7154, 23, 3, 5, 15, 137),
(7155, 23, 3, 2, 18, 138),
(7156, 23, 3, 5, 21, 137),
(7166, 23, 2, 5, 9, 129),
(7167, 23, 2, 2, 11, 130),
(7168, 23, 2, 5, 15, 129),
(7169, 23, 2, 2, 18, 130),
(7170, 23, 2, 5, 21, 129),
(7173, 23, 3, 5, 9, 137),
(7174, 23, 3, 1, 11, 23),
(7175, 23, 3, 5, 15, 137),
(7176, 23, 3, 2, 18, 138),
(7177, 23, 3, 5, 21, 137),
(7187, 23, 2, 5, 9, 129),
(7188, 23, 2, 2, 11, 130),
(7189, 23, 2, 5, 15, 129),
(7190, 23, 2, 2, 18, 130),
(7191, 23, 2, 5, 21, 129),
(7194, 23, 3, 5, 9, 137),
(7195, 23, 3, 2, 11, 138),
(7196, 23, 3, 5, 15, 137),
(7197, 23, 3, 1, 18, 23),
(7198, 23, 3, 5, 21, 137),
(7208, 23, 2, 5, 9, 129),
(7209, 23, 2, 2, 11, 130),
(7210, 23, 2, 5, 15, 129),
(7211, 23, 2, 2, 18, 130),
(7212, 23, 2, 5, 21, 129),
(7215, 23, 3, 5, 9, 137),
(7216, 23, 3, 2, 11, 138),
(7217, 23, 3, 5, 15, 137),
(7218, 23, 3, 2, 18, 138),
(7219, 23, 3, 5, 21, 137),
(7229, 23, 2, 5, 9, 129),
(7230, 23, 2, 2, 11, 130),
(7231, 23, 2, 5, 15, 129),
(7232, 23, 2, 2, 18, 130),
(7233, 23, 2, 5, 21, 129),
(7236, 23, 3, 5, 9, 137),
(7237, 23, 3, 1, 11, 23),
(7238, 23, 3, 5, 15, 137),
(7239, 23, 3, 1, 18, 23),
(7240, 23, 3, 5, 21, 137),
(7250, 23, 2, 5, 9, 129),
(7251, 23, 2, 2, 11, 130),
(7252, 23, 2, 5, 15, 129),
(7253, 23, 2, 2, 18, 130),
(7254, 23, 2, 5, 21, 129),
(7257, 23, 3, 5, 9, 137),
(7258, 23, 3, 2, 11, 138),
(7259, 23, 3, 5, 15, 137),
(7260, 23, 3, 2, 18, 138),
(7261, 23, 3, 5, 21, 137),
(7271, 23, 2, 5, 9, 129),
(7272, 23, 2, 2, 11, 130),
(7273, 23, 2, 5, 15, 129),
(7274, 23, 2, 2, 18, 130),
(7275, 23, 2, 5, 21, 129),
(7278, 23, 3, 5, 9, 137),
(7279, 23, 3, 2, 11, 138),
(7280, 23, 3, 5, 15, 137),
(7281, 23, 3, 1, 18, 23),
(7282, 23, 3, 5, 21, 137),
(7292, 23, 2, 5, 9, 129),
(7293, 23, 2, 2, 11, 130),
(7294, 23, 2, 5, 15, 129),
(7295, 23, 2, 2, 18, 130),
(7296, 23, 2, 5, 21, 129),
(7299, 23, 3, 5, 9, 137),
(7300, 23, 3, 2, 11, 138),
(7301, 23, 3, 5, 15, 137),
(7302, 23, 3, 2, 18, 138),
(7303, 23, 3, 5, 21, 137),
(7313, 23, 2, 5, 9, 129),
(7314, 23, 2, 2, 11, 130),
(7315, 23, 2, 5, 15, 129),
(7316, 23, 2, 2, 18, 130),
(7317, 23, 2, 5, 21, 129),
(7320, 23, 3, 5, 9, 137),
(7321, 23, 3, 2, 11, 138),
(7322, 23, 3, 5, 15, 137),
(7323, 23, 3, 2, 18, 138),
(7324, 23, 3, 5, 21, 137),
(7334, 23, 2, 5, 9, 129),
(7335, 23, 2, 2, 11, 130),
(7336, 23, 2, 5, 15, 129),
(7337, 23, 2, 2, 18, 130),
(7338, 23, 2, 5, 21, 129),
(7341, 23, 3, 5, 9, 137),
(7342, 23, 3, 2, 11, 138),
(7343, 23, 3, 5, 15, 137),
(7344, 23, 3, 2, 18, 138),
(7345, 23, 3, 5, 21, 137),
(7348, 24, 1, 5, 9, 121),
(7349, 24, 1, 2, 11, 122),
(7350, 24, 1, 5, 15, 121),
(7351, 24, 1, 1, 18, 7),
(7352, 24, 1, 5, 21, 121),
(7355, 24, 2, 5, 9, 129),
(7356, 24, 2, 2, 11, 130),
(7357, 24, 2, 5, 15, 129),
(7358, 24, 2, 1, 18, 15),
(7359, 24, 2, 5, 21, 129),
(7362, 24, 3, 5, 9, 137),
(7363, 24, 3, 1, 11, 23),
(7364, 24, 3, 5, 15, 137),
(7365, 24, 3, 2, 18, 138),
(7366, 24, 3, 5, 21, 137),
(7369, 24, 1, 5, 9, 121),
(7370, 24, 1, 2, 11, 122),
(7371, 24, 1, 5, 15, 121),
(7372, 24, 1, 2, 18, 122),
(7373, 24, 1, 5, 21, 121),
(7376, 24, 2, 5, 9, 129),
(7377, 24, 2, 2, 11, 130),
(7378, 24, 2, 5, 15, 129),
(7379, 24, 2, 2, 18, 130),
(7380, 24, 2, 5, 21, 129),
(7383, 24, 3, 5, 9, 137),
(7384, 24, 3, 2, 11, 138),
(7385, 24, 3, 5, 15, 137),
(7386, 24, 3, 2, 18, 138),
(7387, 24, 3, 5, 21, 137),
(7390, 24, 1, 5, 9, 121),
(7391, 24, 1, 2, 11, 122),
(7392, 24, 1, 5, 15, 121),
(7393, 24, 1, 2, 18, 122),
(7394, 24, 1, 5, 21, 121),
(7397, 24, 2, 5, 9, 129),
(7398, 24, 2, 2, 11, 130),
(7399, 24, 2, 5, 15, 129),
(7400, 24, 2, 2, 18, 130),
(7401, 24, 2, 5, 21, 129),
(7404, 24, 3, 5, 9, 137),
(7405, 24, 3, 2, 11, 138),
(7406, 24, 3, 5, 15, 137),
(7407, 24, 3, 2, 18, 138),
(7408, 24, 3, 5, 21, 137),
(7411, 24, 1, 5, 9, 121),
(7412, 24, 1, 2, 11, 122),
(7413, 24, 1, 5, 15, 121),
(7414, 24, 1, 2, 18, 122),
(7415, 24, 1, 5, 21, 121),
(7418, 24, 2, 5, 9, 129),
(7419, 24, 2, 2, 11, 130),
(7420, 24, 2, 5, 15, 129),
(7421, 24, 2, 2, 18, 130),
(7422, 24, 2, 5, 21, 129),
(7425, 24, 3, 5, 9, 137),
(7426, 24, 3, 2, 11, 138),
(7427, 24, 3, 5, 15, 137),
(7428, 24, 3, 2, 18, 138),
(7429, 24, 3, 5, 21, 137),
(7432, 24, 1, 5, 9, 121),
(7433, 24, 1, 1, 11, 7),
(7434, 24, 1, 5, 15, 121),
(7435, 24, 1, 1, 18, 7),
(7436, 24, 1, 5, 21, 121),
(7439, 24, 2, 5, 9, 129),
(7440, 24, 2, 2, 11, 130),
(7441, 24, 2, 5, 15, 129),
(7442, 24, 2, 2, 18, 130),
(7443, 24, 2, 5, 21, 129),
(7446, 24, 3, 5, 9, 137),
(7447, 24, 3, 2, 11, 138),
(7448, 24, 3, 5, 15, 137),
(7449, 24, 3, 2, 18, 138),
(7450, 24, 3, 5, 21, 137),
(7453, 24, 1, 5, 9, 121),
(7454, 24, 1, 2, 11, 122),
(7455, 24, 1, 5, 15, 121),
(7456, 24, 1, 2, 18, 122),
(7457, 24, 1, 5, 21, 121),
(7460, 24, 2, 5, 9, 129),
(7461, 24, 2, 2, 11, 130),
(7462, 24, 2, 5, 15, 129),
(7463, 24, 2, 2, 18, 130),
(7464, 24, 2, 5, 21, 129),
(7467, 24, 3, 5, 9, 137),
(7468, 24, 3, 2, 11, 138),
(7469, 24, 3, 5, 15, 137),
(7470, 24, 3, 2, 18, 138),
(7471, 24, 3, 5, 21, 137),
(7474, 24, 1, 5, 9, 121),
(7475, 24, 1, 2, 11, 122),
(7476, 24, 1, 5, 15, 121),
(7477, 24, 1, 2, 18, 122),
(7478, 24, 1, 5, 21, 121),
(7481, 24, 2, 5, 9, 129),
(7482, 24, 2, 2, 11, 130),
(7483, 24, 2, 5, 15, 129),
(7484, 24, 2, 2, 18, 130),
(7485, 24, 2, 5, 21, 129),
(7488, 24, 3, 5, 9, 137),
(7489, 24, 3, 2, 11, 138),
(7490, 24, 3, 5, 15, 137),
(7491, 24, 3, 2, 18, 138),
(7492, 24, 3, 5, 21, 137),
(7495, 24, 1, 5, 9, 121),
(7496, 24, 1, 2, 11, 122),
(7497, 24, 1, 5, 15, 121),
(7498, 24, 1, 2, 18, 122),
(7499, 24, 1, 5, 21, 121),
(7502, 24, 2, 5, 9, 129),
(7503, 24, 2, 2, 11, 130),
(7504, 24, 2, 5, 15, 129),
(7505, 24, 2, 2, 18, 130),
(7506, 24, 2, 5, 21, 129),
(7509, 24, 3, 5, 9, 137),
(7510, 24, 3, 2, 11, 138),
(7511, 24, 3, 5, 15, 137),
(7512, 24, 3, 2, 18, 138),
(7513, 24, 3, 5, 21, 137),
(7516, 24, 1, 5, 9, 121),
(7517, 24, 1, 2, 11, 122),
(7518, 24, 1, 5, 15, 121),
(7519, 24, 1, 1, 18, 7),
(7520, 24, 1, 5, 21, 121),
(7523, 24, 2, 5, 9, 129),
(7524, 24, 2, 2, 11, 130),
(7525, 24, 2, 5, 15, 129),
(7526, 24, 2, 2, 18, 130),
(7527, 24, 2, 5, 21, 129),
(7530, 24, 3, 5, 9, 137),
(7531, 24, 3, 2, 11, 138),
(7532, 24, 3, 5, 15, 137),
(7533, 24, 3, 2, 18, 138),
(7534, 24, 3, 5, 21, 137),
(7537, 24, 1, 5, 9, 121),
(7538, 24, 1, 2, 11, 122),
(7539, 24, 1, 5, 15, 121),
(7540, 24, 1, 2, 18, 122),
(7541, 24, 1, 5, 21, 121),
(7544, 24, 2, 5, 9, 129),
(7545, 24, 2, 2, 11, 130),
(7546, 24, 2, 5, 15, 129),
(7547, 24, 2, 2, 18, 130),
(7548, 24, 2, 5, 21, 129),
(7551, 24, 3, 5, 9, 137),
(7552, 24, 3, 2, 11, 138),
(7553, 24, 3, 5, 15, 137),
(7554, 24, 3, 2, 18, 138),
(7555, 24, 3, 5, 21, 137),
(7558, 24, 1, 5, 9, 121),
(7559, 24, 1, 2, 11, 122),
(7560, 24, 1, 5, 15, 121),
(7561, 24, 1, 2, 18, 122),
(7562, 24, 1, 5, 21, 121),
(7565, 24, 2, 5, 9, 129),
(7566, 24, 2, 1, 11, 15),
(7567, 24, 2, 5, 15, 129),
(7568, 24, 2, 2, 18, 130),
(7569, 24, 2, 5, 21, 129),
(7572, 24, 3, 5, 9, 137),
(7573, 24, 3, 2, 11, 138),
(7574, 24, 3, 5, 15, 137),
(7575, 24, 3, 2, 18, 138),
(7576, 24, 3, 5, 21, 137),
(7579, 24, 1, 5, 9, 121),
(7580, 24, 1, 2, 11, 122),
(7581, 24, 1, 5, 15, 121),
(7582, 24, 1, 2, 18, 122),
(7583, 24, 1, 5, 21, 121),
(7586, 24, 2, 5, 9, 129),
(7587, 24, 2, 1, 11, 15),
(7588, 24, 2, 5, 15, 129),
(7589, 24, 2, 1, 18, 15),
(7590, 24, 2, 5, 21, 129),
(7593, 24, 3, 5, 9, 137),
(7594, 24, 3, 2, 11, 138),
(7595, 24, 3, 5, 15, 137),
(7596, 24, 3, 2, 18, 138),
(7597, 24, 3, 5, 21, 137),
(7600, 24, 1, 5, 9, 121),
(7601, 24, 1, 2, 11, 122),
(7602, 24, 1, 5, 15, 121),
(7603, 24, 1, 2, 18, 122),
(7604, 24, 1, 5, 21, 121),
(7607, 24, 2, 5, 9, 129),
(7608, 24, 2, 2, 11, 130),
(7609, 24, 2, 5, 15, 129),
(7610, 24, 2, 2, 18, 130),
(7611, 24, 2, 5, 21, 129),
(7614, 24, 3, 5, 9, 137),
(7615, 24, 3, 2, 11, 138),
(7616, 24, 3, 5, 15, 137),
(7617, 24, 3, 2, 18, 138),
(7618, 24, 3, 5, 21, 137),
(7621, 24, 1, 5, 9, 121),
(7622, 24, 1, 2, 11, 122),
(7623, 24, 1, 5, 15, 121),
(7624, 24, 1, 2, 18, 122),
(7625, 24, 1, 5, 21, 121),
(7628, 24, 2, 5, 9, 129),
(7629, 24, 2, 2, 11, 130),
(7630, 24, 2, 5, 15, 129),
(7631, 24, 2, 2, 18, 130),
(7632, 24, 2, 5, 21, 129),
(7635, 24, 3, 5, 9, 137),
(7636, 24, 3, 2, 11, 138),
(7637, 24, 3, 5, 15, 137),
(7638, 24, 3, 1, 18, 23),
(7639, 24, 3, 5, 21, 137),
(7642, 25, 1, 5, 9, 121),
(7643, 25, 1, 2, 11, 122),
(7644, 25, 1, 5, 15, 121),
(7645, 25, 1, 2, 18, 122),
(7646, 25, 1, 5, 21, 121),
(7649, 25, 2, 5, 9, 129),
(7650, 25, 2, 2, 11, 130),
(7651, 25, 2, 5, 15, 129),
(7652, 25, 2, 1, 18, 15),
(7653, 25, 2, 5, 21, 129),
(7656, 25, 3, 5, 9, 137),
(7657, 25, 3, 2, 11, 138),
(7658, 25, 3, 5, 15, 137),
(7659, 25, 3, 2, 18, 138),
(7660, 25, 3, 5, 21, 137),
(7663, 25, 1, 5, 9, 121),
(7664, 25, 1, 2, 11, 122),
(7665, 25, 1, 5, 15, 121),
(7666, 25, 1, 1, 18, 7),
(7667, 25, 1, 5, 21, 121),
(7670, 25, 2, 5, 9, 129),
(7671, 25, 2, 2, 11, 130),
(7672, 25, 2, 5, 15, 129),
(7673, 25, 2, 2, 18, 130),
(7674, 25, 2, 5, 21, 129),
(7677, 25, 3, 5, 9, 137),
(7678, 25, 3, 2, 11, 138),
(7679, 25, 3, 5, 15, 137),
(7680, 25, 3, 2, 18, 138),
(7681, 25, 3, 5, 21, 137),
(7684, 25, 1, 5, 9, 121),
(7685, 25, 1, 2, 11, 122),
(7686, 25, 1, 5, 15, 121),
(7687, 25, 1, 1, 18, 7),
(7688, 25, 1, 5, 21, 121),
(7691, 25, 2, 5, 9, 129),
(7692, 25, 2, 2, 11, 130),
(7693, 25, 2, 5, 15, 129),
(7694, 25, 2, 2, 18, 130),
(7695, 25, 2, 5, 21, 129),
(7698, 25, 3, 5, 9, 137),
(7699, 25, 3, 2, 11, 138),
(7700, 25, 3, 5, 15, 137),
(7701, 25, 3, 1, 18, 23),
(7702, 25, 3, 5, 21, 137),
(7705, 25, 1, 5, 9, 121),
(7706, 25, 1, 2, 11, 122),
(7707, 25, 1, 5, 15, 121),
(7708, 25, 1, 2, 18, 122),
(7709, 25, 1, 5, 21, 121),
(7712, 25, 2, 5, 9, 129),
(7713, 25, 2, 2, 11, 130),
(7714, 25, 2, 5, 15, 129),
(7715, 25, 2, 1, 18, 15),
(7716, 25, 2, 5, 21, 129),
(7719, 25, 3, 5, 9, 137),
(7720, 25, 3, 2, 11, 138),
(7721, 25, 3, 5, 15, 137),
(7722, 25, 3, 2, 18, 138),
(7723, 25, 3, 5, 21, 137),
(7726, 25, 1, 5, 9, 121),
(7727, 25, 1, 2, 11, 122),
(7728, 25, 1, 5, 15, 121),
(7729, 25, 1, 2, 18, 122),
(7730, 25, 1, 5, 21, 121),
(7733, 25, 2, 5, 9, 129),
(7734, 25, 2, 2, 11, 130),
(7735, 25, 2, 5, 15, 129),
(7736, 25, 2, 2, 18, 130),
(7737, 25, 2, 5, 21, 129),
(7740, 25, 3, 5, 9, 137),
(7741, 25, 3, 2, 11, 138),
(7742, 25, 3, 5, 15, 137),
(7743, 25, 3, 2, 18, 138),
(7744, 25, 3, 5, 21, 137),
(7747, 25, 1, 5, 9, 121),
(7748, 25, 1, 2, 11, 122),
(7749, 25, 1, 5, 15, 121),
(7750, 25, 1, 2, 18, 122),
(7751, 25, 1, 5, 21, 121),
(7754, 25, 2, 5, 9, 129),
(7755, 25, 2, 2, 11, 130),
(7756, 25, 2, 5, 15, 129),
(7757, 25, 2, 2, 18, 130),
(7758, 25, 2, 5, 21, 129),
(7761, 25, 3, 5, 9, 137),
(7762, 25, 3, 2, 11, 138),
(7763, 25, 3, 5, 15, 137),
(7764, 25, 3, 1, 18, 23),
(7765, 25, 3, 5, 21, 137),
(7768, 25, 1, 5, 9, 121),
(7769, 25, 1, 2, 11, 122),
(7770, 25, 1, 5, 15, 121),
(7771, 25, 1, 2, 18, 122),
(7772, 25, 1, 5, 21, 121),
(7775, 25, 2, 5, 9, 129),
(7776, 25, 2, 2, 11, 130),
(7777, 25, 2, 5, 15, 129),
(7778, 25, 2, 2, 18, 130),
(7779, 25, 2, 5, 21, 129),
(7782, 25, 3, 5, 9, 137),
(7783, 25, 3, 2, 11, 138),
(7784, 25, 3, 5, 15, 137),
(7785, 25, 3, 2, 18, 138),
(7786, 25, 3, 5, 21, 137),
(7789, 25, 1, 5, 9, 121),
(7790, 25, 1, 2, 11, 122),
(7791, 25, 1, 5, 15, 121),
(7792, 25, 1, 2, 18, 122),
(7793, 25, 1, 5, 21, 121),
(7796, 25, 2, 5, 9, 129),
(7797, 25, 2, 2, 11, 130),
(7798, 25, 2, 5, 15, 129),
(7799, 25, 2, 2, 18, 130),
(7800, 25, 2, 5, 21, 129),
(7803, 25, 3, 5, 9, 137),
(7804, 25, 3, 2, 11, 138),
(7805, 25, 3, 5, 15, 137),
(7806, 25, 3, 2, 18, 138),
(7807, 25, 3, 5, 21, 137),
(7810, 25, 1, 5, 9, 121),
(7811, 25, 1, 2, 11, 122),
(7812, 25, 1, 5, 15, 121),
(7813, 25, 1, 2, 18, 122),
(7814, 25, 1, 5, 21, 121),
(7817, 25, 2, 5, 9, 129),
(7818, 25, 2, 2, 11, 130),
(7819, 25, 2, 5, 15, 129),
(7820, 25, 2, 2, 18, 130),
(7821, 25, 2, 5, 21, 129),
(7824, 25, 3, 5, 9, 137),
(7825, 25, 3, 2, 11, 138),
(7826, 25, 3, 5, 15, 137),
(7827, 25, 3, 2, 18, 138),
(7828, 25, 3, 5, 21, 137),
(7831, 25, 1, 5, 9, 121),
(7832, 25, 1, 2, 11, 122),
(7833, 25, 1, 5, 15, 121),
(7834, 25, 1, 2, 18, 122),
(7835, 25, 1, 5, 21, 121),
(7838, 25, 2, 5, 9, 129),
(7839, 25, 2, 2, 11, 130),
(7840, 25, 2, 5, 15, 129),
(7841, 25, 2, 2, 18, 130),
(7842, 25, 2, 5, 21, 129),
(7845, 25, 3, 5, 9, 137),
(7846, 25, 3, 2, 11, 138),
(7847, 25, 3, 5, 15, 137),
(7848, 25, 3, 2, 18, 138),
(7849, 25, 3, 5, 21, 137),
(7852, 25, 1, 5, 9, 121),
(7853, 25, 1, 2, 11, 122),
(7854, 25, 1, 5, 15, 121),
(7855, 25, 1, 2, 18, 122),
(7856, 25, 1, 5, 21, 121),
(7859, 25, 2, 5, 9, 129),
(7860, 25, 2, 2, 11, 130),
(7861, 25, 2, 5, 15, 129),
(7862, 25, 2, 1, 18, 15),
(7863, 25, 2, 5, 21, 129),
(7866, 25, 3, 5, 9, 137),
(7867, 25, 3, 1, 11, 23),
(7868, 25, 3, 5, 15, 137),
(7869, 25, 3, 2, 18, 138),
(7870, 25, 3, 5, 21, 137),
(7873, 25, 1, 5, 9, 121),
(7874, 25, 1, 2, 11, 122),
(7875, 25, 1, 5, 15, 121),
(7876, 25, 1, 2, 18, 122),
(7877, 25, 1, 5, 21, 121),
(7880, 25, 2, 5, 9, 129),
(7881, 25, 2, 2, 11, 130),
(7882, 25, 2, 5, 15, 129),
(7883, 25, 2, 2, 18, 130),
(7884, 25, 2, 5, 21, 129),
(7887, 25, 3, 5, 9, 137),
(7888, 25, 3, 2, 11, 138),
(7889, 25, 3, 5, 15, 137),
(7890, 25, 3, 1, 18, 23),
(7891, 25, 3, 5, 21, 137),
(7894, 25, 1, 5, 9, 121),
(7895, 25, 1, 2, 11, 122),
(7896, 25, 1, 5, 15, 121),
(7897, 25, 1, 2, 18, 122),
(7898, 25, 1, 5, 21, 121),
(7901, 25, 2, 5, 9, 129),
(7902, 25, 2, 2, 11, 130),
(7903, 25, 2, 5, 15, 129),
(7904, 25, 2, 2, 18, 130),
(7905, 25, 2, 5, 21, 129),
(7908, 25, 3, 5, 9, 137),
(7909, 25, 3, 2, 11, 138),
(7910, 25, 3, 5, 15, 137),
(7911, 25, 3, 2, 18, 138),
(7912, 25, 3, 5, 21, 137),
(7915, 25, 1, 5, 9, 121),
(7916, 25, 1, 2, 11, 122),
(7917, 25, 1, 5, 15, 121),
(7918, 25, 1, 2, 18, 122),
(7919, 25, 1, 5, 21, 121),
(7922, 25, 2, 5, 9, 129),
(7923, 25, 2, 2, 11, 130),
(7924, 25, 2, 5, 15, 129),
(7925, 25, 2, 2, 18, 130),
(7926, 25, 2, 5, 21, 129),
(7929, 25, 3, 5, 9, 137),
(7930, 25, 3, 1, 11, 23),
(7931, 25, 3, 5, 15, 137),
(7932, 25, 3, 2, 18, 138),
(7933, 25, 3, 5, 21, 137),
(11759, 22, 1, 5, 1, 121),
(11760, 22, 1, 2, 3, 122),
(11761, 22, 1, 5, 5, 121),
(11762, 22, 2, 5, 1, 129),
(11763, 22, 2, 2, 3, 130),
(11764, 22, 2, 5, 5, 129),
(11765, 22, 3, 5, 1, 137),
(11766, 22, 3, 2, 3, 138),
(11767, 22, 3, 5, 5, 137),
(11771, 23, 2, 5, 1, 129),
(11772, 23, 2, 2, 3, 130),
(11773, 23, 2, 5, 5, 129),
(11774, 23, 3, 5, 1, 137),
(11775, 23, 3, 2, 3, 138),
(11776, 23, 3, 5, 5, 137),
(11777, 24, 1, 5, 1, 121),
(11778, 24, 1, 2, 3, 122),
(11779, 24, 1, 5, 5, 121),
(11780, 24, 2, 5, 1, 129),
(11781, 24, 2, 2, 3, 130),
(11782, 24, 2, 5, 5, 129),
(11783, 24, 3, 5, 1, 137),
(11784, 24, 3, 2, 3, 138),
(11785, 24, 3, 5, 5, 137),
(11786, 25, 1, 5, 1, 121),
(11787, 25, 1, 2, 3, 122),
(11788, 25, 1, 5, 5, 121),
(11789, 25, 2, 5, 1, 129),
(11790, 25, 2, 2, 3, 130),
(11791, 25, 2, 5, 5, 129),
(11792, 25, 3, 5, 1, 137),
(11793, 25, 3, 2, 3, 138),
(11794, 25, 3, 5, 5, 137),
(32972, 22, 15, 5, 4, 233),
(32973, 22, 15, 5, 22, 233),
(32974, 22, 15, 5, 10, 233),
(32975, 22, 15, 2, 14, 234),
(32976, 22, 15, 2, 2, 234),
(32977, 22, 15, 4, 17, 120),
(32978, 22, 15, 4, 5, 120),
(32979, 22, 15, 5, 7, 233),
(32980, 22, 15, 5, 19, 233),
(32981, 22, 15, 6, 9, 235),
(32982, 22, 15, 6, 21, 235),
(32983, 22, 15, 6, 3, 235),
(32984, 22, 15, 7, 12, 236),
(32985, 22, 15, 7, 18, 236),
(32986, 22, 15, 7, 24, 236),
(32987, 22, 15, 8, 9, 237),
(32988, 22, 15, 8, 25, 237),
(32989, 22, 15, 8, 1, 237),
(32990, 22, 8, 5, 22, 177),
(32991, 22, 8, 5, 16, 177),
(32992, 22, 8, 2, 20, 178),
(32993, 22, 8, 2, 2, 178),
(32994, 22, 8, 4, 5, 64),
(32997, 22, 8, 5, 1, 177),
(32998, 22, 8, 5, 7, 177),
(32999, 22, 8, 5, 19, 177),
(33000, 22, 8, 6, 15, 179),
(33001, 22, 8, 6, 3, 179),
(33002, 22, 8, 7, 18, 180),
(33003, 22, 8, 7, 12, 180),
(33004, 22, 8, 7, 24, 180),
(33005, 22, 8, 8, 17, 181),
(33006, 22, 8, 8, 25, 181),
(33007, 22, 8, 8, 9, 181),
(33008, 22, 6, 5, 16, 161),
(33009, 22, 6, 5, 10, 161),
(33010, 22, 6, 2, 14, 162),
(33011, 22, 6, 2, 2, 162),
(33012, 22, 6, 2, 8, 162),
(33016, 22, 6, 5, 7, 161),
(33017, 22, 6, 5, 13, 161),
(33018, 22, 6, 5, 19, 161),
(33019, 22, 6, 6, 9, 163),
(33020, 22, 6, 6, 3, 163),
(33021, 22, 6, 7, 24, 164),
(33022, 22, 6, 7, 18, 164),
(33023, 22, 6, 8, 17, 165),
(33024, 22, 6, 8, 1, 165),
(33025, 22, 6, 8, 9, 165),
(33026, 22, 7, 5, 10, 169),
(33027, 22, 7, 5, 16, 169),
(33028, 22, 7, 2, 8, 170),
(33029, 22, 7, 2, 20, 170),
(33030, 22, 7, 2, 14, 170),
(33034, 22, 7, 5, 7, 169),
(33035, 22, 7, 5, 1, 169),
(33036, 22, 7, 5, 13, 169),
(33037, 22, 7, 6, 15, 171),
(33038, 22, 7, 6, 9, 171),
(33039, 22, 7, 7, 6, 172),
(33040, 22, 7, 7, 12, 172),
(33041, 22, 7, 8, 1, 173),
(33042, 22, 7, 8, 9, 173),
(33043, 22, 7, 8, 17, 173),
(33044, 22, 10, 5, 10, 193),
(33045, 22, 10, 5, 16, 193),
(33046, 22, 10, 2, 20, 194),
(33047, 22, 10, 2, 14, 194),
(33048, 22, 10, 2, 8, 194),
(33052, 22, 10, 5, 1, 193),
(33053, 22, 10, 5, 19, 193),
(33054, 22, 10, 5, 7, 193),
(33055, 22, 10, 6, 21, 195),
(33056, 22, 10, 6, 3, 195),
(33057, 22, 10, 7, 12, 196),
(33058, 22, 10, 7, 6, 196),
(33059, 22, 10, 7, 18, 196),
(33060, 22, 10, 8, 17, 197),
(33061, 22, 10, 8, 9, 197),
(33062, 22, 10, 8, 1, 197),
(33063, 22, 5, 5, 10, 153),
(33064, 22, 5, 5, 16, 153),
(33065, 22, 5, 5, 22, 153),
(33066, 22, 5, 2, 2, 154),
(33067, 22, 5, 2, 20, 154),
(33070, 22, 5, 5, 13, 153),
(33071, 22, 5, 5, 7, 153),
(33072, 22, 5, 5, 1, 153),
(33073, 22, 5, 6, 3, 155),
(33074, 22, 5, 6, 15, 155),
(33075, 22, 5, 7, 24, 156),
(33076, 22, 5, 7, 18, 156),
(33077, 22, 5, 7, 12, 156),
(33078, 22, 5, 8, 25, 157),
(33079, 22, 5, 8, 17, 157),
(33080, 22, 14, 5, 16, 225),
(33081, 22, 14, 5, 10, 225),
(33082, 22, 14, 5, 22, 225),
(33083, 22, 14, 2, 14, 226),
(33084, 22, 14, 2, 2, 226),
(33085, 22, 14, 2, 8, 226),
(33089, 22, 14, 5, 13, 225),
(33090, 22, 14, 5, 1, 225),
(33091, 22, 14, 5, 7, 225),
(33092, 22, 14, 6, 21, 227),
(33093, 22, 14, 6, 15, 227),
(33094, 22, 14, 7, 12, 228),
(33095, 22, 14, 7, 18, 228),
(33096, 22, 14, 8, 1, 229),
(33097, 22, 14, 8, 9, 229),
(33098, 22, 11, 5, 10, 201),
(33099, 22, 11, 5, 4, 201),
(33100, 22, 11, 5, 22, 201),
(33101, 22, 11, 2, 20, 202),
(33102, 22, 11, 2, 8, 202),
(33105, 22, 11, 5, 7, 201),
(33106, 22, 11, 5, 19, 201),
(33107, 22, 11, 5, 1, 201),
(33108, 22, 11, 6, 3, 203),
(33109, 22, 11, 6, 21, 203),
(33110, 22, 11, 7, 24, 204),
(33111, 22, 11, 7, 18, 204),
(33112, 22, 11, 7, 6, 204),
(33113, 22, 11, 8, 25, 205),
(33114, 22, 11, 8, 9, 205),
(33115, 22, 13, 5, 22, 217),
(33116, 22, 13, 5, 16, 217),
(33117, 22, 13, 5, 4, 217),
(33118, 22, 13, 2, 14, 218),
(33119, 22, 13, 2, 8, 218),
(33123, 22, 13, 5, 13, 217),
(33124, 22, 13, 5, 19, 217),
(33125, 22, 13, 5, 1, 217),
(33126, 22, 13, 6, 3, 219),
(33127, 22, 13, 6, 9, 219),
(33128, 22, 13, 6, 21, 219),
(33129, 22, 13, 7, 12, 220),
(33130, 22, 13, 7, 18, 220),
(33131, 22, 13, 8, 9, 221),
(33132, 22, 13, 8, 17, 221),
(33133, 22, 12, 5, 10, 209),
(33134, 22, 12, 5, 16, 209),
(33135, 22, 12, 2, 8, 210),
(33136, 22, 12, 2, 20, 210),
(33137, 22, 12, 2, 2, 210),
(33141, 22, 12, 5, 1, 209),
(33142, 22, 12, 5, 13, 209),
(33143, 22, 12, 5, 19, 209),
(33144, 22, 12, 6, 15, 211),
(33145, 22, 12, 6, 21, 211),
(33146, 22, 12, 6, 9, 211),
(33147, 22, 12, 7, 12, 212),
(33148, 22, 12, 7, 18, 212),
(33149, 22, 12, 8, 9, 213),
(33150, 22, 12, 8, 1, 213),
(33151, 22, 12, 8, 17, 213),
(33152, 22, 4, 5, 22, 145),
(33153, 22, 4, 5, 10, 145),
(33154, 22, 4, 5, 4, 145),
(33155, 22, 4, 2, 20, 146),
(33156, 22, 4, 2, 14, 146),
(33157, 22, 4, 2, 8, 146),
(33161, 22, 4, 5, 19, 145),
(33162, 22, 4, 5, 7, 145),
(33163, 22, 4, 5, 13, 145),
(33164, 22, 4, 6, 21, 147),
(33165, 22, 4, 6, 9, 147),
(33166, 22, 4, 6, 3, 147),
(33167, 22, 4, 7, 24, 148),
(33168, 22, 4, 7, 6, 148),
(33169, 22, 4, 8, 25, 149),
(33170, 22, 4, 8, 9, 149),
(33171, 22, 9, 5, 16, 185),
(33172, 22, 9, 5, 22, 185),
(33173, 22, 9, 2, 14, 186),
(33174, 22, 9, 2, 8, 186),
(33177, 22, 9, 5, 1, 185),
(33178, 22, 9, 5, 13, 185),
(33179, 22, 9, 5, 19, 185),
(33180, 22, 9, 6, 21, 187),
(33181, 22, 9, 6, 15, 187),
(33182, 22, 9, 6, 3, 187),
(33183, 22, 9, 7, 24, 188),
(33184, 22, 9, 7, 12, 188),
(33185, 22, 9, 7, 6, 188),
(33186, 22, 9, 8, 17, 189),
(33187, 22, 9, 8, 1, 189),
(33188, 26, 1, 5, 16, 121),
(33189, 26, 1, 5, 4, 121),
(33190, 26, 1, 2, 8, 122),
(33191, 26, 1, 2, 14, 122),
(33192, 26, 1, 4, 17, 8),
(33193, 26, 1, 4, 11, 8),
(33194, 26, 1, 5, 13, 121),
(33195, 26, 1, 5, 19, 121),
(33196, 26, 1, 5, 7, 121),
(33197, 26, 1, 6, 9, 123),
(33198, 26, 1, 6, 21, 123),
(33199, 26, 1, 6, 3, 123),
(33200, 26, 1, 7, 18, 124),
(33201, 26, 1, 7, 6, 124),
(33202, 26, 1, 7, 24, 124),
(33203, 26, 1, 8, 25, 125),
(33204, 26, 1, 8, 9, 125),
(33205, 26, 2, 5, 16, 129),
(33206, 26, 2, 5, 22, 129),
(33207, 26, 2, 2, 20, 130),
(33208, 26, 2, 2, 14, 130),
(33209, 26, 2, 4, 5, 16),
(33211, 26, 2, 5, 1, 129),
(33212, 26, 2, 5, 13, 129),
(33213, 26, 2, 6, 9, 131),
(33214, 26, 2, 6, 15, 131),
(33215, 26, 2, 6, 21, 131),
(33216, 26, 2, 7, 24, 132),
(33217, 26, 2, 7, 6, 132),
(33218, 26, 2, 8, 25, 133),
(33219, 26, 2, 8, 17, 133),
(33220, 26, 2, 8, 9, 133),
(33221, 26, 3, 5, 4, 137),
(33222, 26, 3, 5, 22, 137),
(33223, 26, 3, 5, 16, 137),
(33224, 26, 3, 2, 2, 138),
(33225, 26, 3, 2, 14, 138),
(33226, 26, 3, 2, 8, 138),
(33230, 26, 3, 5, 13, 137),
(33231, 26, 3, 5, 7, 137),
(33232, 26, 3, 6, 21, 139),
(33233, 26, 3, 6, 9, 139),
(33234, 26, 3, 7, 12, 140),
(33235, 26, 3, 7, 24, 140),
(33236, 26, 3, 7, 6, 140),
(33237, 26, 3, 8, 25, 141),
(33238, 26, 3, 8, 17, 141),
(33239, 26, 4, 5, 4, 145),
(33240, 26, 4, 5, 10, 145),
(33241, 26, 4, 2, 2, 146),
(33242, 26, 4, 2, 8, 146),
(33243, 26, 4, 2, 20, 146),
(33246, 26, 4, 5, 19, 145),
(33247, 26, 4, 5, 7, 145),
(33248, 26, 4, 5, 1, 145),
(33249, 26, 4, 6, 15, 147),
(33250, 26, 4, 6, 9, 147),
(33251, 26, 4, 6, 21, 147),
(33252, 26, 4, 7, 24, 148),
(33253, 26, 4, 7, 12, 148),
(33254, 26, 4, 7, 6, 148),
(33255, 26, 4, 8, 17, 149),
(33256, 26, 4, 8, 25, 149),
(33257, 26, 4, 8, 1, 149),
(33258, 26, 5, 5, 4, 153),
(33259, 26, 5, 5, 22, 153),
(33260, 26, 5, 5, 16, 153),
(33261, 26, 5, 2, 20, 154),
(33262, 26, 5, 2, 14, 154),
(33263, 26, 5, 2, 2, 154),
(33267, 26, 5, 5, 13, 153),
(33268, 26, 5, 5, 19, 153),
(33269, 26, 5, 6, 3, 155),
(33270, 26, 5, 6, 15, 155),
(33271, 26, 5, 6, 21, 155),
(33272, 26, 5, 7, 12, 156),
(33273, 26, 5, 7, 18, 156),
(33274, 26, 5, 7, 6, 156),
(33275, 26, 5, 8, 17, 157),
(33276, 26, 5, 8, 1, 157),
(33277, 26, 5, 8, 9, 157),
(33278, 26, 6, 5, 10, 161),
(33279, 26, 6, 5, 22, 161),
(33280, 26, 6, 2, 2, 162),
(33281, 26, 6, 2, 20, 162),
(33285, 26, 6, 5, 13, 161),
(33286, 26, 6, 5, 1, 161),
(33287, 26, 6, 5, 19, 161),
(33288, 26, 6, 6, 21, 163),
(33289, 26, 6, 6, 3, 163),
(33290, 26, 6, 6, 15, 163),
(33291, 26, 6, 7, 18, 164),
(33292, 26, 6, 7, 12, 164),
(33293, 26, 6, 7, 6, 164),
(33294, 26, 6, 8, 1, 165),
(33295, 26, 6, 8, 9, 165),
(33296, 26, 6, 8, 17, 165),
(33297, 26, 7, 5, 22, 169),
(33298, 26, 7, 5, 4, 169),
(33299, 26, 7, 5, 16, 169),
(33300, 26, 7, 2, 20, 170),
(33301, 26, 7, 2, 8, 170),
(33302, 26, 7, 2, 14, 170),
(33306, 26, 7, 5, 19, 169),
(33307, 26, 7, 5, 1, 169),
(33308, 26, 7, 6, 21, 171),
(33309, 26, 7, 6, 15, 171),
(33310, 26, 7, 6, 3, 171),
(33311, 26, 7, 7, 24, 172),
(33312, 26, 7, 7, 18, 172),
(33313, 26, 7, 7, 12, 172),
(33314, 26, 7, 8, 9, 173),
(33315, 26, 7, 8, 17, 173),
(33316, 26, 8, 5, 22, 177),
(33317, 26, 8, 5, 10, 177),
(33318, 26, 8, 5, 16, 177),
(33319, 26, 8, 2, 8, 178),
(33320, 26, 8, 2, 14, 178),
(33321, 26, 8, 2, 20, 178),
(33324, 26, 8, 5, 13, 177),
(33325, 26, 8, 5, 19, 177),
(33326, 26, 8, 6, 9, 179),
(33327, 26, 8, 6, 15, 179),
(33328, 26, 8, 6, 3, 179),
(33329, 26, 8, 7, 24, 180),
(33330, 26, 8, 7, 12, 180),
(33331, 26, 8, 8, 17, 181),
(33332, 26, 8, 8, 25, 181),
(33333, 26, 8, 8, 9, 181),
(33334, 26, 9, 5, 10, 185),
(33335, 26, 9, 5, 16, 185),
(33336, 26, 9, 2, 20, 186),
(33337, 26, 9, 2, 14, 186),
(33341, 26, 9, 5, 7, 185),
(33342, 26, 9, 5, 1, 185),
(33343, 26, 9, 5, 19, 185),
(33344, 26, 9, 6, 21, 187),
(33345, 26, 9, 6, 9, 187),
(33346, 26, 9, 7, 24, 188),
(33347, 26, 9, 7, 12, 188),
(33348, 26, 9, 7, 18, 188),
(33349, 26, 9, 8, 9, 189),
(33350, 26, 9, 8, 17, 189),
(33351, 26, 10, 5, 10, 193),
(33352, 26, 10, 5, 4, 193),
(33353, 26, 10, 5, 16, 193),
(33354, 26, 10, 2, 20, 194),
(33355, 26, 10, 2, 14, 194),
(33356, 26, 10, 2, 8, 194),
(33359, 26, 10, 5, 7, 193),
(33360, 26, 10, 5, 19, 193),
(33361, 26, 10, 5, 1, 193),
(33362, 26, 10, 6, 21, 195),
(33363, 26, 10, 6, 15, 195),
(33364, 26, 10, 7, 12, 196),
(33365, 26, 10, 7, 6, 196),
(33366, 26, 10, 7, 18, 196),
(33367, 26, 10, 8, 25, 197),
(33368, 26, 10, 8, 1, 197),
(33369, 26, 10, 8, 9, 197),
(33370, 26, 11, 5, 16, 201),
(33371, 26, 11, 5, 10, 201),
(33372, 26, 11, 5, 22, 201),
(33373, 26, 11, 2, 14, 202),
(33374, 26, 11, 2, 8, 202),
(33375, 26, 11, 2, 20, 202),
(33379, 26, 11, 5, 19, 201),
(33380, 26, 11, 5, 13, 201),
(33381, 26, 11, 6, 21, 203),
(33382, 26, 11, 6, 3, 203),
(33383, 26, 11, 6, 9, 203),
(33384, 26, 11, 7, 18, 204),
(33385, 26, 11, 7, 6, 204),
(33386, 26, 11, 8, 17, 205),
(33387, 26, 11, 8, 25, 205),
(33388, 26, 12, 5, 16, 209),
(33389, 26, 12, 5, 22, 209),
(33390, 26, 12, 5, 4, 209),
(33391, 26, 12, 2, 2, 210),
(33392, 26, 12, 2, 14, 210),
(33393, 26, 12, 2, 8, 210),
(33396, 26, 12, 5, 7, 209),
(33397, 26, 12, 5, 13, 209),
(33398, 26, 12, 5, 19, 209),
(33399, 26, 12, 6, 21, 211),
(33400, 26, 12, 6, 3, 211),
(33401, 26, 12, 7, 24, 212),
(33402, 26, 12, 7, 12, 212),
(33403, 26, 12, 8, 1, 213),
(33404, 26, 12, 8, 9, 213),
(33405, 26, 13, 5, 22, 217),
(33406, 26, 13, 5, 10, 217),
(33407, 26, 13, 2, 8, 218),
(33408, 26, 13, 2, 14, 218),
(33409, 26, 13, 2, 20, 218),
(33412, 26, 13, 5, 7, 217),
(33413, 26, 13, 5, 19, 217),
(33414, 26, 13, 6, 9, 219),
(33415, 26, 13, 6, 21, 219),
(33416, 26, 13, 7, 12, 220),
(33417, 26, 13, 7, 24, 220),
(33418, 26, 13, 8, 17, 221),
(33419, 26, 13, 8, 1, 221),
(33420, 26, 13, 8, 25, 221),
(33421, 26, 14, 5, 22, 225),
(33422, 26, 14, 5, 10, 225),
(33423, 26, 14, 5, 16, 225),
(33424, 26, 14, 2, 14, 226),
(33425, 26, 14, 2, 20, 226),
(33426, 26, 14, 2, 2, 226),
(33429, 26, 14, 5, 7, 225),
(33430, 26, 14, 5, 1, 225),
(33431, 26, 14, 5, 19, 225),
(33432, 26, 14, 6, 15, 227),
(33433, 26, 14, 6, 3, 227),
(33434, 26, 14, 7, 24, 228),
(33435, 26, 14, 7, 6, 228),
(33436, 26, 14, 7, 18, 228),
(33437, 26, 14, 8, 25, 229),
(33438, 26, 14, 8, 9, 229),
(33439, 26, 15, 5, 22, 233),
(33440, 26, 15, 5, 10, 233),
(33441, 26, 15, 5, 16, 233),
(33442, 26, 15, 2, 2, 234),
(33443, 26, 15, 2, 8, 234),
(33447, 26, 15, 5, 7, 233),
(33448, 26, 15, 5, 1, 233),
(33449, 26, 15, 5, 19, 233),
(33450, 26, 15, 6, 9, 235),
(33451, 26, 15, 6, 21, 235),
(33452, 26, 15, 7, 6, 236),
(33453, 26, 15, 7, 24, 236),
(33454, 26, 15, 8, 17, 237),
(33455, 26, 15, 8, 9, 237),
(33456, 27, 1, 5, 16, 121),
(33457, 27, 1, 5, 22, 121),
(33458, 27, 1, 2, 2, 122),
(33459, 27, 1, 2, 20, 122),
(33460, 27, 1, 4, 23, 8),
(33461, 27, 1, 4, 17, 8),
(33462, 27, 1, 5, 1, 121),
(33463, 27, 1, 5, 19, 121),
(33464, 27, 1, 6, 15, 123),
(33465, 27, 1, 6, 21, 123),
(33466, 27, 1, 7, 24, 124),
(33467, 27, 1, 7, 6, 124),
(33468, 27, 1, 7, 18, 124),
(33469, 27, 1, 8, 25, 125),
(33470, 27, 1, 8, 1, 125),
(33471, 27, 1, 8, 17, 125),
(33472, 27, 2, 5, 16, 129),
(33473, 27, 2, 5, 10, 129),
(33474, 27, 2, 5, 22, 129),
(33475, 27, 2, 2, 14, 130),
(33476, 27, 2, 2, 2, 130),
(33477, 27, 2, 4, 23, 16),
(33480, 27, 2, 5, 13, 129),
(33481, 27, 2, 5, 1, 129),
(33482, 27, 2, 6, 21, 131),
(33483, 27, 2, 6, 15, 131),
(33484, 27, 2, 7, 6, 132),
(33485, 27, 2, 7, 24, 132),
(33486, 27, 2, 8, 25, 133),
(33487, 27, 2, 8, 17, 133),
(33488, 27, 3, 1, 16, 23),
(33489, 27, 3, 1, 22, 23),
(33490, 27, 3, 2, 20, 138),
(33491, 27, 3, 2, 8, 138),
(33494, 27, 3, 5, 19, 137),
(33495, 27, 3, 5, 13, 137),
(33496, 27, 3, 6, 9, 139),
(33497, 27, 3, 6, 15, 139),
(33498, 27, 3, 7, 18, 140),
(33499, 27, 3, 7, 6, 140),
(33500, 27, 3, 8, 9, 141),
(33501, 27, 3, 8, 17, 141),
(33502, 27, 4, 1, 4, 31),
(33503, 27, 4, 1, 16, 31),
(33504, 27, 4, 2, 2, 146),
(33505, 27, 4, 2, 8, 146),
(33508, 27, 4, 5, 13, 145),
(33509, 27, 4, 5, 1, 145),
(33510, 27, 4, 6, 9, 147),
(33511, 27, 4, 6, 21, 147),
(33512, 27, 4, 7, 24, 148),
(33513, 27, 4, 7, 6, 148),
(33514, 27, 4, 8, 1, 149),
(33515, 27, 4, 8, 9, 149),
(33516, 27, 5, 1, 16, 39),
(33517, 27, 5, 1, 10, 39),
(33518, 27, 5, 1, 22, 39),
(33519, 27, 5, 2, 20, 154),
(33520, 27, 5, 2, 14, 154),
(33524, 27, 5, 5, 13, 153),
(33525, 27, 5, 5, 1, 153),
(33526, 27, 5, 6, 9, 155),
(33527, 27, 5, 6, 15, 155),
(33528, 27, 5, 7, 12, 156),
(33529, 27, 5, 7, 18, 156),
(33530, 27, 5, 8, 17, 157),
(33531, 27, 5, 8, 25, 157),
(33532, 27, 6, 1, 4, 47),
(33533, 27, 6, 1, 10, 47),
(33534, 27, 6, 2, 8, 162),
(33535, 27, 6, 2, 2, 162),
(33536, 27, 6, 2, 20, 162),
(33540, 27, 6, 5, 7, 161),
(33541, 27, 6, 5, 19, 161),
(33542, 27, 6, 6, 9, 163),
(33543, 27, 6, 6, 21, 163),
(33544, 27, 6, 7, 18, 164),
(33545, 27, 6, 7, 12, 164),
(33546, 27, 6, 8, 9, 165),
(33547, 27, 6, 8, 17, 165),
(33548, 27, 7, 1, 22, 55),
(33549, 27, 7, 1, 10, 55),
(33550, 27, 7, 2, 14, 170),
(33551, 27, 7, 2, 8, 170),
(33554, 27, 7, 5, 13, 169),
(33555, 27, 7, 5, 19, 169),
(33556, 27, 7, 6, 9, 171),
(33557, 27, 7, 6, 21, 171),
(33558, 27, 7, 7, 24, 172),
(33559, 27, 7, 7, 12, 172),
(33560, 27, 7, 8, 1, 173),
(33561, 27, 7, 8, 25, 173),
(33562, 27, 8, 1, 10, 63),
(33563, 27, 8, 1, 16, 63),
(33564, 27, 8, 1, 22, 63),
(33565, 27, 8, 2, 20, 178),
(33566, 27, 8, 2, 2, 178),
(33570, 27, 8, 5, 13, 177),
(33571, 27, 8, 5, 19, 177),
(33572, 27, 8, 5, 7, 177),
(33573, 27, 8, 6, 15, 179),
(33574, 27, 8, 6, 21, 179),
(33575, 27, 8, 6, 3, 179),
(33576, 27, 8, 7, 6, 180),
(33577, 27, 8, 7, 18, 180),
(33578, 27, 8, 7, 12, 180),
(33579, 27, 8, 8, 9, 181),
(33580, 27, 8, 8, 17, 181),
(33581, 27, 9, 1, 16, 71),
(33582, 27, 9, 1, 22, 71),
(33583, 27, 9, 2, 14, 186),
(33584, 27, 9, 2, 2, 186),
(33588, 27, 9, 5, 19, 185),
(33589, 27, 9, 5, 1, 185),
(33590, 27, 9, 5, 13, 185),
(33591, 27, 9, 6, 21, 187),
(33592, 27, 9, 6, 3, 187),
(33593, 27, 9, 6, 15, 187),
(33594, 27, 9, 7, 6, 188),
(33595, 27, 9, 7, 18, 188),
(33596, 27, 9, 7, 12, 188),
(33597, 27, 9, 8, 9, 189),
(33598, 27, 9, 8, 1, 189),
(33599, 27, 9, 8, 17, 189),
(33600, 27, 10, 1, 4, 79),
(33601, 27, 10, 1, 10, 79),
(33602, 27, 10, 1, 16, 79),
(33603, 27, 10, 2, 2, 194),
(33604, 27, 10, 2, 8, 194),
(33607, 27, 10, 5, 13, 193),
(33608, 27, 10, 5, 1, 193),
(33609, 27, 10, 6, 15, 195),
(33610, 27, 10, 6, 3, 195),
(33611, 27, 10, 6, 9, 195),
(33612, 27, 10, 7, 12, 196),
(33613, 27, 10, 7, 18, 196),
(33614, 27, 10, 8, 1, 197),
(33615, 27, 10, 8, 17, 197),
(33616, 27, 10, 8, 9, 197),
(33617, 27, 11, 1, 16, 87),
(33618, 27, 11, 1, 4, 87),
(33619, 27, 11, 2, 2, 202),
(33620, 27, 11, 2, 8, 202),
(33624, 27, 11, 5, 19, 201),
(33625, 27, 11, 5, 13, 201),
(33626, 27, 11, 6, 15, 203),
(33627, 27, 11, 6, 9, 203),
(33628, 27, 11, 6, 21, 203),
(33629, 27, 11, 7, 12, 204),
(33630, 27, 11, 7, 18, 204),
(33631, 27, 11, 7, 6, 204),
(33632, 27, 11, 8, 17, 205),
(33633, 27, 11, 8, 25, 205),
(33634, 27, 11, 8, 1, 205),
(33635, 27, 12, 1, 4, 95),
(33636, 27, 12, 1, 10, 95),
(33637, 27, 12, 2, 20, 210),
(33638, 27, 12, 2, 8, 210),
(33641, 27, 12, 5, 13, 209),
(33642, 27, 12, 5, 1, 209),
(33643, 27, 12, 6, 15, 211),
(33644, 27, 12, 6, 9, 211),
(33645, 27, 12, 7, 12, 212),
(33646, 27, 12, 7, 6, 212),
(33647, 27, 12, 8, 25, 213),
(33648, 27, 12, 8, 17, 213),
(33649, 27, 12, 8, 9, 213),
(33650, 27, 13, 1, 4, 103),
(33651, 27, 13, 1, 22, 103),
(33652, 27, 13, 2, 14, 218),
(33653, 27, 13, 2, 2, 218),
(33654, 27, 13, 2, 8, 218),
(33658, 27, 13, 5, 7, 217),
(33659, 27, 13, 5, 19, 217),
(33660, 27, 13, 6, 9, 219),
(33661, 27, 13, 6, 15, 219),
(33662, 27, 13, 6, 21, 219),
(33663, 27, 13, 7, 6, 220),
(33664, 27, 13, 7, 18, 220),
(33665, 27, 13, 8, 1, 221),
(33666, 27, 13, 8, 17, 221),
(33667, 27, 14, 1, 4, 111),
(33668, 27, 14, 1, 16, 111),
(33669, 27, 14, 2, 8, 226),
(33670, 27, 14, 2, 2, 226),
(33674, 27, 14, 5, 19, 225),
(33675, 27, 14, 5, 7, 225),
(33676, 27, 14, 5, 1, 225),
(33677, 27, 14, 6, 9, 227),
(33678, 27, 14, 6, 21, 227),
(33679, 27, 14, 7, 12, 228),
(33680, 27, 14, 7, 6, 228),
(33681, 27, 14, 7, 18, 228),
(33682, 27, 14, 8, 1, 229),
(33683, 27, 14, 8, 17, 229),
(33684, 27, 14, 8, 25, 229),
(33685, 27, 15, 1, 22, 119),
(33686, 27, 15, 1, 10, 119),
(33687, 27, 15, 2, 20, 234),
(33688, 27, 15, 2, 14, 234),
(33691, 27, 15, 5, 7, 233),
(33692, 27, 15, 5, 13, 233),
(33693, 27, 15, 6, 3, 235),
(33694, 27, 15, 6, 21, 235),
(33695, 27, 15, 7, 24, 236),
(33696, 27, 15, 7, 12, 236),
(33697, 27, 15, 8, 17, 237),
(33698, 27, 15, 8, 25, 237),
(33699, 28, 1, 1, 10, 7),
(33700, 28, 1, 1, 4, 7),
(33701, 28, 1, 1, 16, 7),
(33702, 28, 1, 2, 14, 122),
(33703, 28, 1, 2, 2, 122),
(33704, 28, 1, 2, 8, 122),
(33705, 28, 1, 4, 17, 8),
(33706, 28, 1, 4, 5, 8),
(33708, 28, 1, 5, 1, 121),
(33709, 28, 1, 5, 13, 121),
(33710, 28, 1, 5, 19, 121),
(33711, 28, 1, 6, 9, 123),
(33712, 28, 1, 6, 15, 123),
(33713, 28, 1, 7, 6, 124),
(33714, 28, 1, 7, 24, 124),
(33715, 28, 1, 7, 12, 124),
(33716, 28, 1, 8, 1, 125),
(33717, 28, 1, 8, 9, 125),
(33718, 28, 2, 1, 10, 15),
(33719, 28, 2, 1, 4, 15),
(33720, 28, 2, 2, 8, 130),
(33721, 28, 2, 2, 14, 130),
(33722, 28, 2, 2, 2, 130),
(33725, 28, 2, 5, 13, 129),
(33726, 28, 2, 5, 1, 129),
(33727, 28, 2, 5, 7, 129),
(33728, 28, 2, 6, 15, 131),
(33729, 28, 2, 6, 21, 131),
(33730, 28, 2, 7, 24, 132),
(33731, 28, 2, 7, 18, 132),
(33732, 28, 2, 8, 25, 133),
(33733, 28, 2, 8, 1, 133),
(33734, 28, 2, 8, 9, 133),
(33735, 28, 3, 1, 22, 23),
(33736, 28, 3, 1, 16, 23),
(33737, 28, 3, 2, 20, 138),
(33738, 28, 3, 2, 14, 138),
(33739, 28, 3, 2, 8, 138),
(33742, 28, 3, 5, 19, 137),
(33743, 28, 3, 5, 7, 137),
(33744, 28, 3, 5, 13, 137),
(33745, 28, 3, 6, 21, 139),
(33746, 28, 3, 6, 15, 139),
(33747, 28, 3, 7, 18, 140),
(33748, 28, 3, 7, 24, 140),
(33749, 28, 3, 7, 6, 140),
(33750, 28, 3, 8, 1, 141),
(33751, 28, 3, 8, 17, 141),
(33752, 28, 3, 8, 9, 141),
(33753, 28, 4, 1, 4, 31),
(33754, 28, 4, 1, 22, 31),
(33755, 28, 4, 2, 2, 146),
(33756, 28, 4, 2, 8, 146),
(33757, 28, 4, 2, 14, 146),
(33760, 28, 4, 5, 13, 145),
(33761, 28, 4, 5, 7, 145),
(33762, 28, 4, 6, 21, 147),
(33763, 28, 4, 6, 9, 147),
(33764, 28, 4, 7, 24, 148),
(33765, 28, 4, 7, 6, 148),
(33766, 28, 4, 7, 12, 148),
(33767, 28, 4, 8, 1, 149),
(33768, 28, 4, 8, 17, 149),
(33769, 28, 4, 8, 9, 149),
(33770, 28, 5, 1, 10, 39),
(33771, 28, 5, 1, 16, 39),
(33772, 28, 5, 1, 22, 39),
(33773, 28, 5, 2, 2, 154),
(33774, 28, 5, 2, 14, 154),
(33778, 28, 5, 5, 7, 153),
(33779, 28, 5, 5, 19, 153),
(33780, 28, 5, 5, 13, 153),
(33781, 28, 5, 6, 3, 155),
(33782, 28, 5, 6, 15, 155),
(33783, 28, 5, 7, 12, 156),
(33784, 28, 5, 7, 6, 156),
(33785, 28, 5, 7, 18, 156),
(33786, 28, 5, 8, 25, 157),
(33787, 28, 5, 8, 9, 157),
(33788, 28, 5, 8, 1, 157),
(33789, 28, 6, 1, 16, 47),
(33790, 28, 6, 1, 22, 47),
(33791, 28, 6, 2, 20, 162),
(33792, 28, 6, 2, 14, 162),
(33795, 28, 6, 5, 13, 161),
(33796, 28, 6, 5, 1, 161),
(33797, 28, 6, 6, 3, 163),
(33798, 28, 6, 6, 21, 163),
(33799, 28, 6, 7, 6, 164),
(33800, 28, 6, 7, 12, 164),
(33801, 28, 6, 7, 18, 164),
(33802, 28, 6, 8, 25, 165),
(33803, 28, 6, 8, 17, 165),
(33804, 28, 6, 8, 9, 165),
(33805, 28, 7, 1, 22, 55),
(33806, 28, 7, 1, 10, 55),
(33807, 28, 7, 2, 14, 170),
(33808, 28, 7, 2, 2, 170),
(33809, 28, 7, 2, 20, 170),
(33812, 28, 7, 5, 13, 169),
(33813, 28, 7, 5, 19, 169),
(33814, 28, 7, 5, 1, 169),
(33815, 28, 7, 6, 15, 171),
(33816, 28, 7, 6, 3, 171),
(33817, 28, 7, 7, 24, 172),
(33818, 28, 7, 7, 12, 172),
(33819, 28, 7, 7, 6, 172),
(33820, 28, 7, 8, 1, 173),
(33821, 28, 7, 8, 17, 173),
(33822, 28, 8, 1, 22, 63),
(33823, 28, 8, 1, 10, 63),
(33824, 28, 8, 1, 16, 63),
(33825, 28, 8, 2, 20, 178),
(33826, 28, 8, 2, 8, 178),
(33829, 28, 8, 5, 19, 177),
(33830, 28, 8, 5, 13, 177),
(33831, 28, 8, 5, 1, 177),
(33832, 28, 8, 6, 21, 179),
(33833, 28, 8, 6, 15, 179),
(33834, 28, 8, 7, 12, 180),
(33835, 28, 8, 7, 18, 180),
(33836, 28, 8, 8, 1, 181),
(33837, 28, 8, 8, 17, 181),
(33838, 28, 9, 1, 4, 71),
(33839, 28, 9, 1, 22, 71),
(33840, 28, 9, 1, 10, 71),
(33841, 28, 9, 2, 2, 186),
(33842, 28, 9, 2, 14, 186),
(33843, 28, 9, 2, 8, 186),
(33847, 28, 9, 5, 7, 185),
(33848, 28, 9, 5, 1, 185),
(33849, 28, 9, 5, 13, 185),
(33850, 28, 9, 6, 3, 187),
(33851, 28, 9, 6, 9, 187),
(33852, 28, 9, 6, 21, 187),
(33853, 28, 9, 7, 24, 188),
(33854, 28, 9, 7, 6, 188),
(33855, 28, 9, 7, 18, 188),
(33856, 28, 9, 8, 17, 189),
(33857, 28, 9, 8, 25, 189),
(33858, 28, 10, 1, 16, 79),
(33859, 28, 10, 1, 10, 79),
(33860, 28, 10, 1, 4, 79),
(33861, 28, 10, 2, 20, 194),
(33862, 28, 10, 2, 8, 194),
(33866, 28, 10, 5, 1, 193),
(33867, 28, 10, 5, 7, 193),
(33868, 28, 10, 6, 21, 195),
(33869, 28, 10, 6, 15, 195),
(33870, 28, 10, 6, 3, 195),
(33871, 28, 10, 7, 24, 196),
(33872, 28, 10, 7, 18, 196),
(33873, 28, 10, 8, 9, 197),
(33874, 28, 10, 8, 1, 197),
(33875, 28, 11, 1, 4, 87),
(33876, 28, 11, 1, 10, 87),
(33877, 28, 11, 2, 14, 202),
(33878, 28, 11, 2, 2, 202),
(33879, 28, 11, 2, 8, 202),
(33883, 28, 11, 5, 13, 201),
(33884, 28, 11, 5, 7, 201),
(33885, 28, 11, 5, 1, 201),
(33886, 28, 11, 6, 15, 203),
(33887, 28, 11, 6, 9, 203),
(33888, 28, 11, 6, 3, 203),
(33889, 28, 11, 7, 12, 204),
(33890, 28, 11, 7, 18, 204),
(33891, 28, 11, 7, 6, 204),
(33892, 28, 11, 8, 17, 205),
(33893, 28, 11, 8, 9, 205),
(33894, 28, 11, 8, 1, 205),
(33895, 28, 12, 1, 10, 95),
(33896, 28, 12, 1, 22, 95),
(33897, 28, 12, 1, 16, 95),
(33898, 28, 12, 2, 8, 210),
(33899, 28, 12, 2, 20, 210),
(33900, 28, 12, 2, 2, 210),
(33903, 28, 12, 5, 13, 209),
(33904, 28, 12, 5, 7, 209),
(33905, 28, 12, 6, 9, 211),
(33906, 28, 12, 6, 3, 211),
(33907, 28, 12, 7, 18, 212),
(33908, 28, 12, 7, 12, 212),
(33909, 28, 12, 7, 24, 212),
(33910, 28, 12, 8, 17, 213),
(33911, 28, 12, 8, 25, 213),
(33912, 28, 13, 1, 10, 103),
(33913, 28, 13, 1, 16, 103),
(33914, 28, 13, 2, 8, 218),
(33915, 28, 13, 2, 20, 218),
(33918, 28, 13, 5, 19, 217),
(33919, 28, 13, 5, 13, 217),
(33920, 28, 13, 5, 1, 217),
(33921, 28, 13, 6, 9, 219),
(33922, 28, 13, 6, 3, 219),
(33923, 28, 13, 6, 21, 219),
(33924, 28, 13, 7, 24, 220),
(33925, 28, 13, 7, 6, 220),
(33926, 28, 13, 7, 18, 220),
(33927, 28, 13, 8, 1, 221),
(33928, 28, 13, 8, 17, 221),
(33929, 28, 14, 1, 16, 111),
(33930, 28, 14, 1, 10, 111),
(33931, 28, 14, 2, 8, 226),
(33932, 28, 14, 2, 20, 226),
(33935, 28, 14, 5, 19, 225),
(33936, 28, 14, 5, 1, 225),
(33937, 28, 14, 6, 21, 227),
(33938, 28, 14, 6, 9, 227),
(33939, 28, 14, 7, 18, 228),
(33940, 28, 14, 7, 6, 228),
(33941, 28, 14, 8, 17, 229),
(33942, 28, 14, 8, 9, 229),
(33943, 28, 15, 1, 22, 119),
(33944, 28, 15, 1, 4, 119),
(33945, 28, 15, 2, 20, 234),
(33946, 28, 15, 2, 14, 234),
(33947, 28, 15, 2, 2, 234),
(33951, 28, 15, 5, 13, 233),
(33952, 28, 15, 5, 19, 233),
(33953, 28, 15, 6, 3, 235),
(33954, 28, 15, 6, 15, 235),
(33955, 28, 15, 7, 18, 236),
(33956, 28, 15, 7, 24, 236),
(33957, 28, 15, 7, 6, 236),
(33958, 28, 15, 8, 17, 237),
(33959, 28, 15, 8, 1, 237),
(33960, 29, 1, 1, 10, 7),
(33961, 29, 1, 1, 4, 7),
(33962, 29, 1, 1, 16, 7),
(33963, 29, 1, 2, 8, 122),
(33964, 29, 1, 2, 20, 122),
(33965, 29, 1, 2, 2, 122),
(33966, 29, 1, 4, 23, 8),
(33967, 29, 1, 4, 11, 8),
(33969, 29, 1, 5, 13, 121),
(33970, 29, 1, 5, 7, 121),
(33971, 29, 1, 5, 19, 121),
(33972, 29, 1, 6, 21, 123),
(33973, 29, 1, 6, 9, 123),
(33974, 29, 1, 7, 24, 124),
(33975, 29, 1, 7, 18, 124),
(33976, 29, 1, 8, 9, 125),
(33977, 29, 1, 8, 17, 125),
(33978, 29, 1, 8, 25, 125),
(33979, 29, 2, 1, 22, 15),
(33980, 29, 2, 1, 16, 15),
(33981, 29, 2, 1, 4, 15),
(33982, 29, 2, 2, 2, 130),
(33983, 29, 2, 2, 20, 130),
(33984, 29, 2, 2, 14, 130),
(33988, 29, 2, 5, 13, 129),
(33989, 29, 2, 5, 7, 129),
(33990, 29, 2, 5, 1, 129),
(33991, 29, 2, 6, 15, 131),
(33992, 29, 2, 6, 21, 131),
(33993, 29, 2, 6, 3, 131),
(33994, 29, 2, 7, 6, 132),
(33995, 29, 2, 7, 18, 132),
(33996, 29, 2, 7, 24, 132),
(33997, 29, 2, 8, 17, 133),
(33998, 29, 2, 8, 25, 133),
(33999, 29, 2, 8, 1, 133),
(34000, 29, 3, 1, 4, 23),
(34001, 29, 3, 1, 10, 23),
(34002, 29, 3, 1, 22, 23),
(34003, 29, 3, 2, 14, 138),
(34004, 29, 3, 2, 8, 138),
(34007, 29, 3, 5, 19, 137),
(34008, 29, 3, 5, 1, 137),
(34009, 29, 3, 5, 13, 137),
(34010, 29, 3, 6, 21, 139),
(34011, 29, 3, 6, 9, 139),
(34012, 29, 3, 7, 24, 140),
(34013, 29, 3, 7, 18, 140),
(34014, 29, 3, 7, 12, 140),
(34015, 29, 3, 8, 1, 141),
(34016, 29, 3, 8, 25, 141),
(34017, 29, 4, 1, 4, 31),
(34018, 29, 4, 1, 22, 31),
(34019, 29, 4, 1, 10, 31),
(34020, 29, 4, 2, 8, 146),
(34021, 29, 4, 2, 2, 146),
(34022, 29, 4, 2, 14, 146),
(34026, 29, 4, 5, 1, 145),
(34027, 29, 4, 5, 19, 145),
(34028, 29, 4, 5, 7, 145),
(34029, 29, 4, 6, 9, 147),
(34030, 29, 4, 6, 21, 147),
(34031, 29, 4, 7, 12, 148),
(34032, 29, 4, 7, 24, 148),
(34033, 29, 4, 8, 25, 149),
(34034, 29, 4, 8, 17, 149),
(34035, 29, 5, 1, 22, 39),
(34036, 29, 5, 1, 10, 39),
(34037, 29, 5, 2, 8, 154),
(34038, 29, 5, 2, 20, 154),
(34039, 29, 5, 2, 14, 154),
(34042, 29, 5, 5, 7, 153),
(34043, 29, 5, 5, 13, 153),
(34044, 29, 5, 6, 3, 155),
(34045, 29, 5, 6, 15, 155),
(34046, 29, 5, 6, 21, 155),
(34047, 29, 5, 7, 24, 156),
(34048, 29, 5, 7, 18, 156),
(34049, 29, 5, 8, 9, 157),
(34050, 29, 5, 8, 1, 157),
(34051, 29, 5, 8, 25, 157),
(34052, 29, 6, 1, 10, 47),
(34053, 29, 6, 1, 22, 47),
(34054, 29, 6, 2, 14, 162),
(34055, 29, 6, 2, 8, 162),
(34056, 29, 6, 2, 20, 162),
(34059, 29, 6, 5, 13, 161),
(34060, 29, 6, 5, 19, 161),
(34061, 29, 6, 5, 7, 161),
(34062, 29, 6, 6, 9, 163),
(34063, 29, 6, 6, 15, 163),
(34064, 29, 6, 7, 18, 164),
(34065, 29, 6, 7, 24, 164),
(34066, 29, 6, 8, 17, 165),
(34067, 29, 6, 8, 1, 165),
(34068, 29, 7, 1, 22, 55),
(34069, 29, 7, 1, 10, 55),
(34070, 29, 7, 2, 20, 170),
(34071, 29, 7, 2, 2, 170),
(34072, 29, 7, 2, 8, 170),
(34075, 29, 7, 5, 1, 169),
(34076, 29, 7, 5, 13, 169),
(34077, 29, 7, 5, 7, 169),
(34078, 29, 7, 6, 21, 171),
(34079, 29, 7, 6, 3, 171),
(34080, 29, 7, 7, 12, 172),
(34081, 29, 7, 7, 6, 172),
(34082, 29, 7, 7, 24, 172),
(34083, 29, 7, 8, 25, 173),
(34084, 29, 7, 8, 17, 173),
(34085, 29, 7, 8, 9, 173),
(34086, 29, 8, 1, 10, 63),
(34087, 29, 8, 1, 4, 63),
(34088, 29, 8, 2, 14, 178),
(34089, 29, 8, 2, 2, 178),
(34092, 29, 8, 5, 19, 177),
(34093, 29, 8, 5, 7, 177),
(34094, 29, 8, 5, 1, 177),
(34095, 29, 8, 6, 15, 179),
(34096, 29, 8, 6, 21, 179),
(34097, 29, 8, 6, 3, 179),
(34098, 29, 8, 7, 18, 180),
(34099, 29, 8, 7, 12, 180),
(34100, 29, 8, 8, 9, 181),
(34101, 29, 8, 8, 17, 181),
(34102, 29, 9, 1, 4, 71),
(34103, 29, 9, 1, 16, 71),
(34104, 29, 9, 1, 10, 71),
(34105, 29, 9, 2, 20, 186),
(34106, 29, 9, 2, 2, 186),
(34109, 29, 9, 5, 13, 185),
(34110, 29, 9, 5, 7, 185),
(34111, 29, 9, 5, 1, 185),
(34112, 29, 9, 6, 9, 187),
(34113, 29, 9, 6, 15, 187),
(34114, 29, 9, 6, 21, 187),
(34115, 29, 9, 7, 24, 188),
(34116, 29, 9, 7, 6, 188),
(34117, 29, 9, 7, 18, 188),
(34118, 29, 9, 8, 1, 189),
(34119, 29, 9, 8, 9, 189),
(34120, 29, 10, 1, 10, 79),
(34121, 29, 10, 1, 22, 79),
(34122, 29, 10, 2, 14, 194),
(34123, 29, 10, 2, 20, 194),
(34127, 29, 10, 5, 7, 193),
(34128, 29, 10, 5, 1, 193),
(34129, 29, 10, 6, 9, 195),
(34130, 29, 10, 6, 21, 195),
(34131, 29, 10, 7, 12, 196),
(34132, 29, 10, 7, 24, 196),
(34133, 29, 10, 8, 1, 197),
(34134, 29, 10, 8, 25, 197),
(34135, 29, 10, 8, 9, 197),
(34136, 29, 11, 1, 16, 87),
(34137, 29, 11, 1, 22, 87),
(34138, 29, 11, 1, 10, 87),
(34139, 29, 11, 2, 20, 202),
(34140, 29, 11, 2, 14, 202),
(34141, 29, 11, 2, 8, 202),
(34145, 29, 11, 5, 13, 201),
(34146, 29, 11, 5, 7, 201),
(34147, 29, 11, 5, 1, 201),
(34148, 29, 11, 6, 15, 203),
(34149, 29, 11, 6, 21, 203),
(34150, 29, 11, 7, 12, 204),
(34151, 29, 11, 7, 18, 204),
(34152, 29, 11, 7, 6, 204),
(34153, 29, 11, 8, 17, 205),
(34154, 29, 11, 8, 1, 205),
(34155, 29, 12, 1, 4, 95),
(34156, 29, 12, 1, 16, 95),
(34157, 29, 12, 1, 10, 95),
(34158, 29, 12, 2, 8, 210),
(34159, 29, 12, 2, 20, 210),
(34160, 29, 12, 2, 2, 210),
(34164, 29, 12, 5, 13, 209),
(34165, 29, 12, 5, 7, 209),
(34166, 29, 12, 6, 21, 211),
(34167, 29, 12, 6, 3, 211),
(34168, 29, 12, 7, 18, 212),
(34169, 29, 12, 7, 6, 212),
(34170, 29, 12, 7, 24, 212),
(34171, 29, 12, 8, 1, 213),
(34172, 29, 12, 8, 25, 213),
(34173, 29, 13, 1, 22, 103),
(34174, 29, 13, 1, 10, 103),
(34175, 29, 13, 1, 4, 103),
(34176, 29, 13, 2, 20, 218),
(34177, 29, 13, 2, 8, 218),
(34178, 29, 13, 2, 14, 218),
(34181, 29, 13, 5, 19, 217),
(34182, 29, 13, 5, 7, 217),
(34183, 29, 13, 5, 13, 217),
(34184, 29, 13, 6, 9, 219),
(34185, 29, 13, 6, 3, 219),
(34186, 29, 13, 6, 15, 219),
(34187, 29, 13, 7, 24, 220),
(34188, 29, 13, 7, 6, 220),
(34189, 29, 13, 8, 9, 221),
(34190, 29, 13, 8, 1, 221),
(34191, 29, 14, 1, 16, 111),
(34192, 29, 14, 1, 4, 111),
(34193, 29, 14, 2, 20, 226),
(34194, 29, 14, 2, 14, 226),
(34198, 29, 14, 5, 7, 225),
(34199, 29, 14, 5, 19, 225),
(34200, 29, 14, 6, 9, 227),
(34201, 29, 14, 6, 3, 227),
(34202, 29, 14, 7, 24, 228),
(34203, 29, 14, 7, 12, 228),
(34204, 29, 14, 8, 25, 229),
(34205, 29, 14, 8, 9, 229),
(34206, 29, 15, 1, 22, 119),
(34207, 29, 15, 1, 4, 119),
(34208, 29, 15, 1, 16, 119),
(34209, 29, 15, 2, 20, 234),
(34210, 29, 15, 2, 2, 234),
(34211, 29, 15, 2, 14, 234),
(34215, 29, 15, 5, 13, 233),
(34216, 29, 15, 5, 7, 233),
(34217, 29, 15, 6, 15, 235),
(34218, 29, 15, 6, 3, 235),
(34219, 29, 15, 7, 6, 236),
(34220, 29, 15, 7, 12, 236),
(34221, 29, 15, 7, 24, 236),
(34222, 29, 15, 8, 25, 237),
(34223, 29, 15, 8, 1, 237),
(34224, 29, 15, 8, 9, 237),
(34225, 30, 1, 1, 16, 7),
(34226, 30, 1, 1, 4, 7),
(34227, 30, 1, 2, 8, 122),
(34228, 30, 1, 2, 2, 122),
(34229, 30, 1, 2, 14, 122),
(34230, 30, 1, 4, 5, 8),
(34231, 30, 1, 4, 23, 8),
(34232, 30, 1, 5, 13, 121),
(34233, 30, 1, 5, 1, 121),
(34234, 30, 1, 5, 19, 121),
(34235, 30, 1, 6, 15, 123),
(34236, 30, 1, 6, 9, 123),
(34237, 30, 1, 6, 3, 123),
(34238, 30, 1, 7, 18, 124),
(34239, 30, 1, 7, 12, 124),
(34240, 30, 1, 8, 9, 125),
(34241, 30, 1, 8, 17, 125),
(34242, 30, 1, 8, 25, 125),
(34243, 30, 2, 1, 16, 15),
(34244, 30, 2, 1, 10, 15),
(34245, 30, 2, 2, 8, 130),
(34246, 30, 2, 2, 14, 130),
(34247, 30, 2, 4, 11, 16),
(34250, 30, 2, 5, 7, 129),
(34251, 30, 2, 5, 19, 129),
(34252, 30, 2, 6, 21, 131),
(34253, 30, 2, 6, 3, 131),
(34254, 30, 2, 6, 9, 131),
(34255, 30, 2, 7, 6, 132),
(34256, 30, 2, 7, 18, 132),
(34257, 30, 2, 8, 25, 133),
(34258, 30, 2, 8, 9, 133),
(34259, 30, 3, 1, 10, 23),
(34260, 30, 3, 1, 22, 23),
(34261, 30, 3, 2, 2, 138),
(34262, 30, 3, 2, 8, 138),
(34263, 30, 3, 2, 14, 138),
(34266, 30, 3, 5, 19, 137),
(34267, 30, 3, 5, 7, 137),
(34268, 30, 3, 6, 3, 139),
(34269, 30, 3, 6, 21, 139),
(34270, 30, 3, 6, 9, 139),
(34271, 30, 3, 7, 18, 140),
(34272, 30, 3, 7, 6, 140),
(34273, 30, 3, 7, 12, 140),
(34274, 30, 3, 8, 17, 141),
(34275, 30, 3, 8, 1, 141),
(34276, 30, 4, 1, 4, 31),
(34277, 30, 4, 1, 16, 31),
(34278, 30, 4, 2, 8, 146),
(34279, 30, 4, 2, 14, 146),
(34282, 30, 4, 5, 1, 145),
(34283, 30, 4, 5, 13, 145),
(34284, 30, 4, 5, 19, 145),
(34285, 30, 4, 6, 3, 147),
(34286, 30, 4, 6, 9, 147),
(34287, 30, 4, 7, 18, 148),
(34288, 30, 4, 7, 24, 148),
(34289, 30, 4, 7, 6, 148),
(34290, 30, 4, 8, 9, 149),
(34291, 30, 4, 8, 17, 149),
(34292, 30, 5, 1, 16, 39),
(34293, 30, 5, 1, 4, 39),
(34294, 30, 5, 1, 22, 39),
(34295, 30, 5, 2, 8, 154),
(34296, 30, 5, 2, 14, 154),
(34297, 30, 5, 2, 20, 154),
(34301, 30, 5, 5, 19, 153),
(34302, 30, 5, 5, 7, 153),
(34303, 30, 5, 5, 1, 153),
(34304, 30, 5, 6, 15, 155),
(34305, 30, 5, 6, 9, 155),
(34306, 30, 5, 7, 18, 156),
(34307, 30, 5, 7, 24, 156),
(34308, 30, 5, 8, 17, 157),
(34309, 30, 5, 8, 9, 157),
(34310, 30, 5, 8, 25, 157),
(34311, 30, 6, 1, 22, 47),
(34312, 30, 6, 1, 16, 47),
(34313, 30, 6, 2, 14, 162),
(34314, 30, 6, 2, 2, 162),
(34315, 30, 6, 2, 20, 162),
(34318, 30, 6, 5, 7, 161),
(34319, 30, 6, 5, 19, 161),
(34320, 30, 6, 5, 1, 161),
(34321, 30, 6, 6, 21, 163),
(34322, 30, 6, 6, 3, 163),
(34323, 30, 6, 7, 24, 164),
(34324, 30, 6, 7, 18, 164),
(34325, 30, 6, 7, 12, 164),
(34326, 30, 6, 8, 25, 165),
(34327, 30, 6, 8, 17, 165),
(34328, 30, 7, 1, 4, 55),
(34329, 30, 7, 1, 22, 55),
(34330, 30, 7, 2, 8, 170),
(34331, 30, 7, 2, 14, 170),
(34332, 30, 7, 2, 2, 170),
(34336, 30, 7, 5, 19, 169),
(34337, 30, 7, 5, 7, 169),
(34338, 30, 7, 5, 13, 169),
(34339, 30, 7, 6, 9, 171),
(34340, 30, 7, 6, 21, 171),
(34341, 30, 7, 6, 3, 171),
(34342, 30, 7, 7, 12, 172),
(34343, 30, 7, 7, 18, 172),
(34344, 30, 7, 8, 25, 173),
(34345, 30, 7, 8, 1, 173),
(34346, 30, 8, 1, 16, 63),
(34347, 30, 8, 1, 4, 63),
(34348, 30, 8, 1, 22, 63),
(34349, 30, 8, 2, 20, 178),
(34350, 30, 8, 2, 8, 178),
(34353, 30, 8, 5, 7, 177),
(34354, 30, 8, 5, 13, 177),
(34355, 30, 8, 5, 19, 177),
(34356, 30, 8, 6, 3, 179),
(34357, 30, 8, 6, 9, 179),
(34358, 30, 8, 7, 18, 180),
(34359, 30, 8, 7, 12, 180),
(34360, 30, 8, 7, 6, 180),
(34361, 30, 8, 8, 9, 181),
(34362, 30, 8, 8, 1, 181),
(34363, 30, 8, 8, 17, 181),
(34364, 30, 9, 1, 10, 71),
(34365, 30, 9, 1, 4, 71),
(34366, 30, 9, 1, 22, 71),
(34367, 30, 9, 2, 14, 186),
(34368, 30, 9, 2, 8, 186),
(34369, 30, 9, 2, 2, 186),
(34373, 30, 9, 5, 13, 185),
(34374, 30, 9, 5, 7, 185),
(34375, 30, 9, 5, 1, 185),
(34376, 30, 9, 6, 3, 187),
(34377, 30, 9, 6, 9, 187),
(34378, 30, 9, 6, 21, 187),
(34379, 30, 9, 7, 6, 188),
(34380, 30, 9, 7, 24, 188),
(34381, 30, 9, 8, 25, 189),
(34382, 30, 9, 8, 9, 189),
(34383, 30, 9, 8, 17, 189),
(34384, 30, 10, 1, 10, 79),
(34385, 30, 10, 1, 4, 79),
(34386, 30, 10, 1, 22, 79),
(34387, 30, 10, 2, 20, 194),
(34388, 30, 10, 2, 8, 194),
(34392, 30, 10, 5, 19, 193),
(34393, 30, 10, 5, 13, 193),
(34394, 30, 10, 6, 15, 195),
(34395, 30, 10, 6, 9, 195),
(34396, 30, 10, 7, 18, 196),
(34397, 30, 10, 7, 12, 196),
(34398, 30, 10, 8, 9, 197),
(34399, 30, 10, 8, 25, 197),
(34400, 30, 11, 1, 10, 87),
(34401, 30, 11, 1, 4, 87),
(34402, 30, 11, 1, 16, 87),
(34403, 30, 11, 2, 2, 202),
(34404, 30, 11, 2, 8, 202),
(34407, 30, 11, 5, 1, 201),
(34408, 30, 11, 5, 7, 201),
(34409, 30, 11, 5, 19, 201),
(34410, 30, 11, 6, 9, 203),
(34411, 30, 11, 6, 15, 203),
(34412, 30, 11, 6, 3, 203),
(34413, 30, 11, 7, 6, 204),
(34414, 30, 11, 7, 12, 204),
(34415, 30, 11, 8, 25, 205),
(34416, 30, 11, 8, 1, 205),
(34417, 30, 11, 8, 17, 205),
(34418, 30, 12, 1, 22, 95),
(34419, 30, 12, 1, 4, 95),
(34420, 30, 12, 1, 10, 95),
(34421, 30, 12, 2, 2, 210),
(34422, 30, 12, 2, 20, 210),
(34426, 30, 12, 5, 1, 209),
(34427, 30, 12, 5, 19, 209),
(34428, 30, 12, 5, 7, 209),
(34429, 30, 12, 6, 21, 211),
(34430, 30, 12, 6, 3, 211),
(34431, 30, 12, 6, 9, 211),
(34432, 30, 12, 7, 6, 212),
(34433, 30, 12, 7, 12, 212),
(34434, 30, 12, 8, 9, 213),
(34435, 30, 12, 8, 17, 213),
(34436, 30, 12, 8, 1, 213),
(34437, 30, 13, 1, 16, 103),
(34438, 30, 13, 1, 22, 103),
(34439, 30, 13, 2, 8, 218),
(34440, 30, 13, 2, 2, 218),
(34441, 30, 13, 2, 20, 218),
(34445, 30, 13, 5, 7, 217),
(34446, 30, 13, 5, 1, 217),
(34447, 30, 13, 5, 19, 217),
(34448, 30, 13, 6, 9, 219),
(34449, 30, 13, 6, 15, 219),
(34450, 30, 13, 7, 24, 220),
(34451, 30, 13, 7, 12, 220),
(34452, 30, 13, 8, 9, 221),
(34453, 30, 13, 8, 1, 221),
(34454, 30, 14, 1, 22, 111),
(34455, 30, 14, 1, 4, 111),
(34456, 30, 14, 1, 16, 111),
(34457, 30, 14, 2, 2, 226),
(34458, 30, 14, 2, 20, 226),
(34461, 30, 14, 5, 7, 225),
(34462, 30, 14, 5, 19, 225),
(34463, 30, 14, 6, 15, 227),
(34464, 30, 14, 6, 9, 227),
(34465, 30, 14, 7, 18, 228),
(34466, 30, 14, 7, 24, 228),
(34467, 30, 14, 7, 12, 228),
(34468, 30, 14, 8, 1, 229),
(34469, 30, 14, 8, 17, 229),
(34470, 30, 14, 8, 9, 229),
(34471, 30, 15, 1, 16, 119),
(34472, 30, 15, 1, 10, 119),
(34473, 30, 15, 1, 22, 119),
(34474, 30, 15, 2, 8, 234),
(34475, 30, 15, 2, 14, 234),
(34478, 30, 15, 5, 7, 233),
(34479, 30, 15, 5, 1, 233),
(34480, 30, 15, 6, 21, 235),
(34481, 30, 15, 6, 15, 235),
(34482, 30, 15, 6, 3, 235),
(34483, 30, 15, 7, 18, 236),
(34484, 30, 15, 7, 12, 236),
(34485, 30, 15, 8, 17, 237),
(34486, 30, 15, 8, 1, 237),
(34487, 31, 1, 1, 22, 7),
(34488, 31, 1, 1, 16, 7),
(34489, 31, 1, 1, 4, 7),
(34490, 31, 1, 2, 20, 122),
(34491, 31, 1, 2, 8, 122),
(34492, 31, 1, 4, 5, 8),
(34493, 31, 1, 4, 17, 8),
(34494, 31, 1, 5, 19, 121),
(34495, 31, 1, 5, 13, 121),
(34496, 31, 1, 6, 21, 123),
(34497, 31, 1, 6, 15, 123),
(34498, 31, 1, 7, 12, 124),
(34499, 31, 1, 7, 6, 124),
(34500, 31, 1, 8, 17, 125),
(34501, 31, 1, 8, 1, 125),
(34502, 31, 2, 1, 10, 15),
(34503, 31, 2, 1, 4, 15),
(34504, 31, 2, 1, 16, 15),
(34505, 31, 2, 2, 2, 130),
(34506, 31, 2, 2, 8, 130),
(34510, 31, 2, 5, 7, 129),
(34511, 31, 2, 5, 13, 129),
(34512, 31, 2, 5, 19, 129),
(34513, 31, 2, 6, 21, 131),
(34514, 31, 2, 6, 3, 131),
(34515, 31, 2, 7, 12, 132),
(34516, 31, 2, 7, 24, 132),
(34517, 31, 2, 8, 1, 133),
(34518, 31, 2, 8, 9, 133),
(34519, 31, 2, 8, 25, 133),
(34520, 31, 3, 1, 22, 23);
INSERT INTO `horarios_sessao` (`id`, `id_filme`, `id_cinema`, `id_tipo_sessao`, `id_horario`, `id_sala`) VALUES
(34521, 31, 3, 1, 4, 23),
(34522, 31, 3, 2, 20, 138),
(34523, 31, 3, 2, 8, 138),
(34524, 31, 3, 2, 2, 138),
(34527, 31, 3, 5, 13, 137),
(34528, 31, 3, 5, 7, 137),
(34529, 31, 3, 5, 1, 137),
(34530, 31, 3, 6, 3, 139),
(34531, 31, 3, 6, 9, 139),
(34532, 31, 3, 6, 15, 139),
(34533, 31, 3, 7, 12, 140),
(34534, 31, 3, 7, 6, 140),
(34535, 31, 3, 8, 25, 141),
(34536, 31, 3, 8, 17, 141),
(34537, 31, 3, 8, 9, 141),
(34538, 31, 4, 1, 16, 31),
(34539, 31, 4, 1, 4, 31),
(34540, 31, 4, 1, 22, 31),
(34541, 31, 4, 2, 20, 146),
(34542, 31, 4, 2, 2, 146),
(34543, 31, 4, 2, 14, 146),
(34546, 31, 4, 5, 19, 145),
(34547, 31, 4, 5, 13, 145),
(34548, 31, 4, 6, 3, 147),
(34549, 31, 4, 6, 21, 147),
(34550, 31, 4, 7, 18, 148),
(34551, 31, 4, 7, 24, 148),
(34552, 31, 4, 7, 12, 148),
(34553, 31, 4, 8, 25, 149),
(34554, 31, 4, 8, 9, 149),
(34555, 31, 5, 1, 22, 39),
(34556, 31, 5, 1, 16, 39),
(34557, 31, 5, 1, 4, 39),
(34558, 31, 5, 2, 2, 154),
(34559, 31, 5, 2, 14, 154),
(34563, 31, 5, 5, 1, 153),
(34564, 31, 5, 5, 7, 153),
(34565, 31, 5, 6, 21, 155),
(34566, 31, 5, 6, 9, 155),
(34567, 31, 5, 6, 15, 155),
(34568, 31, 5, 7, 24, 156),
(34569, 31, 5, 7, 12, 156),
(34570, 31, 5, 8, 17, 157),
(34571, 31, 5, 8, 1, 157),
(34572, 31, 6, 1, 10, 47),
(34573, 31, 6, 1, 4, 47),
(34574, 31, 6, 2, 20, 162),
(34575, 31, 6, 2, 8, 162),
(34579, 31, 6, 5, 7, 161),
(34580, 31, 6, 5, 19, 161),
(34581, 31, 6, 5, 13, 161),
(34582, 31, 6, 6, 3, 163),
(34583, 31, 6, 6, 15, 163),
(34584, 31, 6, 7, 18, 164),
(34585, 31, 6, 7, 6, 164),
(34586, 31, 6, 8, 1, 165),
(34587, 31, 6, 8, 17, 165),
(34588, 31, 6, 8, 9, 165),
(34589, 31, 7, 1, 22, 55),
(34590, 31, 7, 1, 16, 55),
(34591, 31, 7, 2, 20, 170),
(34592, 31, 7, 2, 14, 170),
(34595, 31, 7, 5, 1, 169),
(34596, 31, 7, 5, 19, 169),
(34597, 31, 7, 6, 21, 171),
(34598, 31, 7, 6, 15, 171),
(34599, 31, 7, 7, 12, 172),
(34600, 31, 7, 7, 6, 172),
(34601, 31, 7, 7, 18, 172),
(34602, 31, 7, 8, 1, 173),
(34603, 31, 7, 8, 9, 173),
(34604, 31, 8, 1, 16, 63),
(34605, 31, 8, 1, 10, 63),
(34606, 31, 8, 1, 22, 63),
(34607, 31, 8, 2, 2, 178),
(34608, 31, 8, 2, 20, 178),
(34609, 31, 8, 2, 8, 178),
(34612, 31, 8, 5, 1, 177),
(34613, 31, 8, 5, 19, 177),
(34614, 31, 8, 6, 9, 179),
(34615, 31, 8, 6, 21, 179),
(34616, 31, 8, 7, 12, 180),
(34617, 31, 8, 7, 24, 180),
(34618, 31, 8, 8, 25, 181),
(34619, 31, 8, 8, 17, 181),
(34620, 31, 8, 8, 1, 181),
(34621, 31, 9, 1, 22, 71),
(34622, 31, 9, 1, 4, 71),
(34623, 31, 9, 1, 10, 71),
(34624, 31, 9, 2, 14, 186),
(34625, 31, 9, 2, 20, 186),
(34626, 31, 9, 2, 8, 186),
(34629, 31, 9, 5, 13, 185),
(34630, 31, 9, 5, 19, 185),
(34631, 31, 9, 5, 7, 185),
(34632, 31, 9, 6, 15, 187),
(34633, 31, 9, 6, 21, 187),
(34634, 31, 9, 6, 9, 187),
(34635, 31, 9, 7, 12, 188),
(34636, 31, 9, 7, 6, 188),
(34637, 31, 9, 8, 25, 189),
(34638, 31, 9, 8, 17, 189),
(34639, 31, 10, 1, 10, 79),
(34640, 31, 10, 1, 4, 79),
(34641, 31, 10, 1, 22, 79),
(34642, 31, 10, 2, 14, 194),
(34643, 31, 10, 2, 20, 194),
(34647, 31, 10, 5, 13, 193),
(34648, 31, 10, 5, 7, 193),
(34649, 31, 10, 5, 19, 193),
(34650, 31, 10, 6, 15, 195),
(34651, 31, 10, 6, 21, 195),
(34652, 31, 10, 7, 24, 196),
(34653, 31, 10, 7, 6, 196),
(34654, 31, 10, 8, 17, 197),
(34655, 31, 10, 8, 25, 197),
(34656, 31, 11, 1, 22, 87),
(34657, 31, 11, 1, 4, 87),
(34658, 31, 11, 1, 10, 87),
(34659, 31, 11, 2, 8, 202),
(34660, 31, 11, 2, 20, 202),
(34661, 31, 11, 2, 14, 202),
(34664, 31, 11, 5, 7, 201),
(34665, 31, 11, 5, 1, 201),
(34666, 31, 11, 5, 19, 201),
(34667, 31, 11, 6, 21, 203),
(34668, 31, 11, 6, 9, 203),
(34669, 31, 11, 6, 15, 203),
(34670, 31, 11, 7, 18, 204),
(34671, 31, 11, 7, 24, 204),
(34672, 31, 11, 7, 6, 204),
(34673, 31, 11, 8, 1, 205),
(34674, 31, 11, 8, 25, 205),
(34675, 31, 11, 8, 17, 205),
(34676, 31, 12, 1, 22, 95),
(34677, 31, 12, 1, 16, 95),
(34678, 31, 12, 2, 20, 210),
(34679, 31, 12, 2, 2, 210),
(34680, 31, 12, 2, 8, 210),
(34684, 31, 12, 5, 13, 209),
(34685, 31, 12, 5, 19, 209),
(34686, 31, 12, 5, 7, 209),
(34687, 31, 12, 6, 21, 211),
(34688, 31, 12, 6, 3, 211),
(34689, 31, 12, 6, 9, 211),
(34690, 31, 12, 7, 24, 212),
(34691, 31, 12, 7, 6, 212),
(34692, 31, 12, 7, 18, 212),
(34693, 31, 12, 8, 25, 213),
(34694, 31, 12, 8, 9, 213),
(34695, 31, 12, 8, 1, 213),
(34696, 31, 13, 1, 22, 103),
(34697, 31, 13, 1, 4, 103),
(34698, 31, 13, 1, 10, 103),
(34699, 31, 13, 2, 8, 218),
(34700, 31, 13, 2, 2, 218),
(34704, 31, 13, 5, 1, 217),
(34705, 31, 13, 5, 13, 217),
(34706, 31, 13, 6, 9, 219),
(34707, 31, 13, 6, 21, 219),
(34708, 31, 13, 7, 24, 220),
(34709, 31, 13, 7, 6, 220),
(34710, 31, 13, 8, 1, 221),
(34711, 31, 13, 8, 17, 221),
(34712, 31, 13, 8, 25, 221),
(34713, 31, 14, 1, 10, 111),
(34714, 31, 14, 1, 16, 111),
(34715, 31, 14, 1, 4, 111),
(34716, 31, 14, 2, 20, 226),
(34717, 31, 14, 2, 2, 226),
(34718, 31, 14, 2, 14, 226),
(34721, 31, 14, 5, 13, 225),
(34722, 31, 14, 5, 7, 225),
(34723, 31, 14, 6, 21, 227),
(34724, 31, 14, 6, 15, 227),
(34725, 31, 14, 6, 9, 227),
(34726, 31, 14, 7, 24, 228),
(34727, 31, 14, 7, 18, 228),
(34728, 31, 14, 8, 17, 229),
(34729, 31, 14, 8, 9, 229),
(34730, 31, 15, 1, 16, 119),
(34731, 31, 15, 1, 4, 119),
(34732, 31, 15, 2, 20, 234),
(34733, 31, 15, 2, 14, 234),
(34734, 31, 15, 2, 8, 234),
(34738, 31, 15, 5, 7, 233),
(34739, 31, 15, 5, 19, 233),
(34740, 31, 15, 5, 13, 233),
(34741, 31, 15, 6, 15, 235),
(34742, 31, 15, 6, 21, 235),
(34743, 31, 15, 7, 24, 236),
(34744, 31, 15, 7, 6, 236),
(34745, 31, 15, 7, 18, 236),
(34746, 31, 15, 8, 17, 237),
(34747, 31, 15, 8, 25, 237),
(34748, 32, 1, 1, 16, 7),
(34749, 32, 1, 1, 4, 7),
(34750, 32, 1, 2, 14, 122),
(34751, 32, 1, 2, 8, 122),
(34752, 32, 1, 4, 5, 8),
(34753, 32, 1, 4, 11, 8),
(34754, 32, 1, 4, 23, 8),
(34755, 32, 1, 5, 19, 121),
(34756, 32, 1, 5, 7, 121),
(34757, 32, 1, 6, 3, 123),
(34758, 32, 1, 6, 15, 123),
(34759, 32, 1, 6, 9, 123),
(34760, 32, 1, 7, 18, 124),
(34761, 32, 1, 7, 6, 124),
(34762, 32, 1, 8, 17, 125),
(34763, 32, 1, 8, 1, 125),
(34764, 32, 2, 1, 22, 15),
(34765, 32, 2, 1, 16, 15),
(34766, 32, 2, 2, 14, 130),
(34767, 32, 2, 2, 2, 130),
(34768, 32, 2, 2, 8, 130),
(34772, 32, 2, 5, 19, 129),
(34773, 32, 2, 5, 1, 129),
(34774, 32, 2, 5, 13, 129),
(34775, 32, 2, 6, 3, 131),
(34776, 32, 2, 6, 21, 131),
(34777, 32, 2, 6, 9, 131),
(34778, 32, 2, 7, 6, 132),
(34779, 32, 2, 7, 12, 132),
(34780, 32, 2, 7, 24, 132),
(34781, 32, 2, 8, 25, 133),
(34782, 32, 2, 8, 1, 133),
(34783, 32, 3, 1, 10, 23),
(34784, 32, 3, 1, 4, 23),
(34785, 32, 3, 2, 14, 138),
(34786, 32, 3, 2, 8, 138),
(34790, 32, 3, 5, 7, 137),
(34791, 32, 3, 5, 13, 137),
(34792, 32, 3, 6, 15, 139),
(34793, 32, 3, 6, 9, 139),
(34794, 32, 3, 7, 12, 140),
(34795, 32, 3, 7, 18, 140),
(34796, 32, 3, 8, 1, 141),
(34797, 32, 3, 8, 17, 141),
(34798, 32, 4, 1, 10, 31),
(34799, 32, 4, 1, 16, 31),
(34800, 32, 4, 2, 2, 146),
(34801, 32, 4, 2, 8, 146),
(34802, 32, 4, 2, 14, 146),
(34805, 32, 4, 5, 7, 145),
(34806, 32, 4, 5, 13, 145),
(34807, 32, 4, 6, 3, 147),
(34808, 32, 4, 6, 15, 147),
(34809, 32, 4, 7, 24, 148),
(34810, 32, 4, 7, 6, 148),
(34811, 32, 4, 8, 17, 149),
(34812, 32, 4, 8, 9, 149),
(34813, 32, 4, 8, 1, 149),
(34814, 32, 5, 1, 22, 39),
(34815, 32, 5, 1, 10, 39),
(34816, 32, 5, 1, 4, 39),
(34817, 32, 5, 2, 8, 154),
(34818, 32, 5, 2, 14, 154),
(34822, 32, 5, 5, 1, 153),
(34823, 32, 5, 5, 13, 153),
(34824, 32, 5, 5, 7, 153),
(34825, 32, 5, 6, 3, 155),
(34826, 32, 5, 6, 15, 155),
(34827, 32, 5, 7, 6, 156),
(34828, 32, 5, 7, 18, 156),
(34829, 32, 5, 7, 24, 156),
(34830, 32, 5, 8, 1, 157),
(34831, 32, 5, 8, 9, 157),
(34832, 32, 5, 8, 25, 157),
(34833, 32, 6, 1, 10, 47),
(34834, 32, 6, 1, 4, 47),
(34835, 32, 6, 2, 14, 162),
(34836, 32, 6, 2, 8, 162),
(34837, 32, 6, 2, 2, 162),
(34840, 32, 6, 5, 1, 161),
(34841, 32, 6, 5, 19, 161),
(34842, 32, 6, 5, 13, 161),
(34843, 32, 6, 6, 3, 163),
(34844, 32, 6, 6, 21, 163),
(34845, 32, 6, 7, 18, 164),
(34846, 32, 6, 7, 12, 164),
(34847, 32, 6, 7, 24, 164),
(34848, 32, 6, 8, 17, 165),
(34849, 32, 6, 8, 25, 165),
(34850, 32, 6, 8, 9, 165),
(34851, 32, 7, 1, 22, 55),
(34852, 32, 7, 1, 16, 55),
(34853, 32, 7, 2, 8, 170),
(34854, 32, 7, 2, 14, 170),
(34855, 32, 7, 2, 2, 170),
(34858, 32, 7, 5, 19, 169),
(34859, 32, 7, 5, 7, 169),
(34860, 32, 7, 6, 9, 171),
(34861, 32, 7, 6, 3, 171),
(34862, 32, 7, 7, 6, 172),
(34863, 32, 7, 7, 12, 172),
(34864, 32, 7, 8, 17, 173),
(34865, 32, 7, 8, 1, 173),
(34866, 32, 8, 1, 10, 63),
(34867, 32, 8, 1, 16, 63),
(34868, 32, 8, 1, 22, 63),
(34869, 32, 8, 2, 14, 178),
(34870, 32, 8, 2, 20, 178),
(34874, 32, 8, 5, 13, 177),
(34875, 32, 8, 5, 1, 177),
(34876, 32, 8, 6, 9, 179),
(34877, 32, 8, 6, 3, 179),
(34878, 32, 8, 7, 12, 180),
(34879, 32, 8, 7, 18, 180),
(34880, 32, 8, 8, 1, 181),
(34881, 32, 8, 8, 17, 181),
(34882, 32, 9, 1, 22, 71),
(34883, 32, 9, 1, 4, 71),
(34884, 32, 9, 2, 14, 186),
(34885, 32, 9, 2, 8, 186),
(34886, 32, 9, 2, 2, 186),
(34889, 32, 9, 5, 7, 185),
(34890, 32, 9, 5, 19, 185),
(34891, 32, 9, 6, 15, 187),
(34892, 32, 9, 6, 3, 187),
(34893, 32, 9, 7, 24, 188),
(34894, 32, 9, 7, 12, 188),
(34895, 32, 9, 7, 18, 188),
(34896, 32, 9, 8, 9, 189),
(34897, 32, 9, 8, 25, 189),
(34898, 32, 10, 1, 16, 79),
(34899, 32, 10, 1, 4, 79),
(34900, 32, 10, 1, 22, 79),
(34901, 32, 10, 2, 2, 194),
(34902, 32, 10, 2, 20, 194),
(34905, 32, 10, 5, 19, 193),
(34906, 32, 10, 5, 1, 193),
(34907, 32, 10, 6, 3, 195),
(34908, 32, 10, 6, 15, 195),
(34909, 32, 10, 6, 9, 195),
(34910, 32, 10, 7, 12, 196),
(34911, 32, 10, 7, 6, 196),
(34912, 32, 10, 7, 18, 196),
(34913, 32, 10, 8, 9, 197),
(34914, 32, 10, 8, 1, 197),
(34915, 32, 11, 1, 4, 87),
(34916, 32, 11, 1, 22, 87),
(34917, 32, 11, 1, 16, 87),
(34918, 32, 11, 2, 14, 202),
(34919, 32, 11, 2, 8, 202),
(34922, 32, 11, 5, 13, 201),
(34923, 32, 11, 5, 7, 201),
(34924, 32, 11, 6, 3, 203),
(34925, 32, 11, 6, 15, 203),
(34926, 32, 11, 7, 12, 204),
(34927, 32, 11, 7, 18, 204),
(34928, 32, 11, 8, 1, 205),
(34929, 32, 11, 8, 9, 205),
(34930, 32, 11, 8, 25, 205),
(34931, 32, 12, 1, 22, 95),
(34932, 32, 12, 1, 16, 95),
(34933, 32, 12, 1, 10, 95),
(34934, 32, 12, 2, 8, 210),
(34935, 32, 12, 2, 2, 210),
(34936, 32, 12, 2, 14, 210),
(34939, 32, 12, 5, 7, 209),
(34940, 32, 12, 5, 1, 209),
(34941, 32, 12, 6, 3, 211),
(34942, 32, 12, 6, 15, 211),
(34943, 32, 12, 7, 12, 212),
(34944, 32, 12, 7, 24, 212),
(34945, 32, 12, 7, 6, 212),
(34946, 32, 12, 8, 17, 213),
(34947, 32, 12, 8, 25, 213),
(34948, 32, 13, 1, 4, 103),
(34949, 32, 13, 1, 22, 103),
(34950, 32, 13, 1, 10, 103),
(34951, 32, 13, 2, 20, 218),
(34952, 32, 13, 2, 8, 218),
(34953, 32, 13, 2, 14, 218),
(34957, 32, 13, 5, 1, 217),
(34958, 32, 13, 5, 19, 217),
(34959, 32, 13, 6, 9, 219),
(34960, 32, 13, 6, 21, 219),
(34961, 32, 13, 6, 15, 219),
(34962, 32, 13, 7, 12, 220),
(34963, 32, 13, 7, 24, 220),
(34964, 32, 13, 7, 6, 220),
(34965, 32, 13, 8, 17, 221),
(34966, 32, 13, 8, 25, 221),
(34967, 32, 14, 1, 22, 111),
(34968, 32, 14, 1, 16, 111),
(34969, 32, 14, 1, 10, 111),
(34970, 32, 14, 2, 2, 226),
(34971, 32, 14, 2, 8, 226),
(34975, 32, 14, 5, 7, 225),
(34976, 32, 14, 5, 13, 225),
(34977, 32, 14, 5, 1, 225),
(34978, 32, 14, 6, 9, 227),
(34979, 32, 14, 6, 21, 227),
(34980, 32, 14, 7, 24, 228),
(34981, 32, 14, 7, 12, 228),
(34982, 32, 14, 7, 18, 228),
(34984, 32, 14, 8, 9, 229),
(34985, 32, 14, 8, 17, 229),
(34986, 32, 15, 1, 22, 119),
(34987, 32, 15, 1, 16, 119),
(34988, 32, 15, 2, 14, 234),
(34989, 32, 15, 2, 2, 234),
(34993, 32, 15, 5, 19, 233),
(34994, 32, 15, 5, 7, 233),
(34995, 32, 15, 5, 13, 233),
(34996, 32, 15, 6, 9, 235),
(34997, 32, 15, 6, 15, 235),
(34998, 32, 15, 7, 6, 236),
(34999, 32, 15, 7, 24, 236),
(35000, 32, 15, 8, 9, 237),
(35001, 32, 15, 8, 17, 237),
(35002, 32, 15, 8, 25, 237),
(35003, 33, 1, 1, 10, 7),
(35004, 33, 1, 1, 16, 7),
(35005, 33, 1, 1, 4, 7),
(35006, 33, 1, 2, 20, 122),
(35007, 33, 1, 2, 8, 122),
(35008, 33, 1, 4, 17, 8),
(35009, 33, 1, 4, 11, 8),
(35010, 33, 1, 4, 23, 8),
(35011, 33, 1, 5, 19, 121),
(35012, 33, 1, 5, 1, 121),
(35013, 33, 1, 6, 21, 123),
(35014, 33, 1, 6, 15, 123),
(35015, 33, 1, 7, 12, 124),
(35016, 33, 1, 7, 6, 124),
(35017, 33, 1, 8, 25, 125),
(35018, 33, 1, 8, 1, 125),
(35019, 33, 2, 1, 16, 15),
(35020, 33, 2, 1, 22, 15),
(35021, 33, 2, 2, 14, 130),
(35022, 33, 2, 2, 8, 130),
(35025, 33, 2, 5, 1, 129),
(35026, 33, 2, 5, 7, 129),
(35027, 33, 2, 6, 3, 131),
(35028, 33, 2, 6, 9, 131),
(35029, 33, 2, 6, 15, 131),
(35030, 33, 2, 7, 24, 132),
(35031, 33, 2, 7, 12, 132),
(35032, 33, 2, 7, 6, 132),
(35033, 33, 2, 8, 9, 133),
(35034, 33, 2, 8, 1, 133),
(35035, 33, 2, 8, 25, 133),
(35036, 33, 3, 1, 16, 23),
(35037, 33, 3, 1, 4, 23),
(35038, 33, 3, 1, 22, 23),
(35039, 33, 3, 2, 8, 138),
(35040, 33, 3, 2, 20, 138),
(35041, 33, 3, 2, 2, 138),
(35045, 33, 3, 5, 7, 137),
(35046, 33, 3, 5, 1, 137),
(35047, 33, 3, 6, 15, 139),
(35048, 33, 3, 6, 9, 139),
(35049, 33, 3, 7, 6, 140),
(35050, 33, 3, 7, 12, 140),
(35051, 33, 3, 7, 18, 140),
(35052, 33, 3, 8, 1, 141),
(35053, 33, 3, 8, 25, 141),
(35054, 33, 4, 1, 16, 31),
(35055, 33, 4, 1, 10, 31),
(35056, 33, 4, 1, 22, 31),
(35057, 33, 4, 2, 2, 146),
(35058, 33, 4, 2, 14, 146),
(35062, 33, 4, 5, 7, 145),
(35063, 33, 4, 5, 13, 145),
(35064, 33, 4, 5, 1, 145),
(35065, 33, 4, 6, 21, 147),
(35066, 33, 4, 6, 9, 147),
(35067, 33, 4, 7, 18, 148),
(35068, 33, 4, 7, 24, 148),
(35069, 33, 4, 8, 1, 149),
(35070, 33, 4, 8, 17, 149),
(35071, 33, 4, 8, 9, 149),
(35072, 33, 5, 1, 22, 39),
(35073, 33, 5, 1, 4, 39),
(35074, 33, 5, 1, 16, 39),
(35075, 33, 5, 2, 8, 154),
(35076, 33, 5, 2, 2, 154),
(35077, 33, 5, 2, 20, 154),
(35081, 33, 5, 5, 1, 153),
(35082, 33, 5, 5, 19, 153),
(35083, 33, 5, 5, 13, 153),
(35084, 33, 5, 6, 21, 155),
(35085, 33, 5, 6, 15, 155),
(35086, 33, 5, 7, 18, 156),
(35087, 33, 5, 7, 6, 156),
(35088, 33, 5, 7, 12, 156),
(35089, 33, 5, 8, 17, 157),
(35090, 33, 5, 8, 25, 157),
(35091, 33, 5, 8, 9, 157),
(35092, 33, 6, 1, 4, 47),
(35093, 33, 6, 1, 16, 47),
(35094, 33, 6, 2, 2, 162),
(35095, 33, 6, 2, 8, 162),
(35096, 33, 6, 2, 14, 162),
(35099, 33, 6, 5, 13, 161),
(35100, 33, 6, 5, 7, 161),
(35101, 33, 6, 6, 3, 163),
(35102, 33, 6, 6, 21, 163),
(35103, 33, 6, 6, 9, 163),
(35104, 33, 6, 7, 6, 164),
(35105, 33, 6, 7, 18, 164),
(35106, 33, 6, 7, 12, 164),
(35107, 33, 6, 8, 25, 165),
(35108, 33, 6, 8, 1, 165),
(35109, 33, 7, 1, 22, 55),
(35110, 33, 7, 1, 4, 55),
(35111, 33, 7, 1, 10, 55),
(35112, 33, 7, 2, 20, 170),
(35113, 33, 7, 2, 2, 170),
(35114, 33, 7, 2, 8, 170),
(35118, 33, 7, 5, 19, 169),
(35119, 33, 7, 5, 13, 169),
(35120, 33, 7, 5, 7, 169),
(35121, 33, 7, 6, 3, 171),
(35122, 33, 7, 6, 9, 171),
(35123, 33, 7, 7, 12, 172),
(35124, 33, 7, 7, 18, 172),
(35125, 33, 7, 8, 9, 173),
(35126, 33, 7, 8, 17, 173),
(35127, 33, 8, 1, 10, 63),
(35128, 33, 8, 1, 22, 63),
(35129, 33, 8, 2, 8, 178),
(35130, 33, 8, 2, 20, 178),
(35131, 33, 8, 2, 2, 178),
(35134, 33, 8, 5, 13, 177),
(35135, 33, 8, 5, 1, 177),
(35136, 33, 8, 6, 3, 179),
(35137, 33, 8, 6, 21, 179),
(35138, 33, 8, 6, 9, 179),
(35139, 33, 8, 7, 6, 180),
(35140, 33, 8, 7, 12, 180),
(35141, 33, 8, 7, 18, 180),
(35142, 33, 8, 8, 25, 181),
(35143, 33, 8, 8, 17, 181),
(35144, 33, 8, 8, 9, 181),
(35145, 33, 9, 1, 22, 71),
(35146, 33, 9, 1, 10, 71),
(35147, 33, 9, 2, 14, 186),
(35148, 33, 9, 2, 2, 186),
(35149, 33, 9, 2, 20, 186),
(35153, 33, 9, 5, 13, 185),
(35154, 33, 9, 5, 19, 185),
(35155, 33, 9, 5, 1, 185),
(35156, 33, 9, 6, 3, 187),
(35157, 33, 9, 6, 15, 187),
(35158, 33, 9, 7, 6, 188),
(35159, 33, 9, 7, 18, 188),
(35160, 33, 9, 7, 12, 188),
(35161, 33, 9, 8, 17, 189),
(35162, 33, 9, 8, 9, 189),
(35163, 33, 9, 8, 1, 189),
(35164, 33, 10, 1, 22, 79),
(35165, 33, 10, 1, 10, 79),
(35166, 33, 10, 2, 2, 194),
(35167, 33, 10, 2, 8, 194),
(35168, 33, 10, 2, 20, 194),
(35172, 33, 10, 5, 1, 193),
(35173, 33, 10, 5, 7, 193),
(35174, 33, 10, 5, 19, 193),
(35175, 33, 10, 6, 15, 195),
(35176, 33, 10, 6, 9, 195),
(35177, 33, 10, 6, 21, 195),
(35178, 33, 10, 7, 18, 196),
(35179, 33, 10, 7, 6, 196),
(35180, 33, 10, 8, 1, 197),
(35181, 33, 10, 8, 9, 197),
(35182, 33, 11, 1, 10, 87),
(35183, 33, 11, 1, 16, 87),
(35184, 33, 11, 2, 8, 202),
(35185, 33, 11, 2, 14, 202),
(35189, 33, 11, 5, 7, 201),
(35190, 33, 11, 5, 13, 201),
(35191, 33, 11, 6, 3, 203),
(35192, 33, 11, 6, 21, 203),
(35193, 33, 11, 7, 24, 204),
(35194, 33, 11, 7, 6, 204),
(35195, 33, 11, 8, 1, 205),
(35196, 33, 11, 8, 25, 205),
(35197, 33, 11, 8, 9, 205),
(35198, 33, 12, 1, 16, 95),
(35199, 33, 12, 1, 22, 95),
(35200, 33, 12, 1, 4, 95),
(35201, 33, 12, 2, 14, 210),
(35202, 33, 12, 2, 2, 210),
(35203, 33, 12, 2, 8, 210),
(35206, 33, 12, 5, 19, 209),
(35207, 33, 12, 5, 7, 209),
(35208, 33, 12, 6, 9, 211),
(35209, 33, 12, 6, 15, 211),
(35210, 33, 12, 7, 24, 212),
(35211, 33, 12, 7, 18, 212),
(35212, 33, 12, 8, 1, 213),
(35213, 33, 12, 8, 25, 213),
(35214, 33, 12, 8, 17, 213),
(35215, 33, 13, 1, 4, 103),
(35216, 33, 13, 1, 10, 103),
(35217, 33, 13, 1, 16, 103),
(35218, 33, 13, 2, 20, 218),
(35219, 33, 13, 2, 2, 218),
(35220, 33, 13, 2, 14, 218),
(35224, 33, 13, 5, 7, 217),
(35225, 33, 13, 5, 13, 217),
(35226, 33, 13, 5, 1, 217),
(35227, 33, 13, 6, 15, 219),
(35228, 33, 13, 6, 21, 219),
(35229, 33, 13, 7, 18, 220),
(35230, 33, 13, 7, 12, 220),
(35231, 33, 13, 8, 17, 221),
(35232, 33, 13, 8, 25, 221),
(35233, 33, 13, 8, 9, 221),
(35234, 33, 14, 1, 16, 111),
(35235, 33, 14, 1, 22, 111),
(35236, 33, 14, 2, 20, 226),
(35237, 33, 14, 2, 14, 226),
(35241, 33, 14, 5, 7, 225),
(35242, 33, 14, 5, 1, 225),
(35243, 33, 14, 6, 15, 227),
(35244, 33, 14, 6, 21, 227),
(35245, 33, 14, 7, 12, 228),
(35246, 33, 14, 7, 18, 228),
(35247, 33, 14, 7, 6, 228),
(35248, 33, 14, 8, 1, 229),
(35249, 33, 14, 8, 17, 229),
(35250, 33, 15, 1, 4, 119),
(35251, 33, 15, 1, 16, 119),
(35252, 33, 15, 1, 10, 119),
(35253, 33, 15, 2, 20, 234),
(35254, 33, 15, 2, 14, 234),
(35255, 33, 15, 2, 8, 234),
(35258, 33, 15, 5, 13, 233),
(35259, 33, 15, 5, 7, 233),
(35260, 33, 15, 5, 1, 233),
(35261, 33, 15, 6, 9, 235),
(35262, 33, 15, 6, 3, 235),
(35263, 33, 15, 7, 12, 236),
(35264, 33, 15, 7, 6, 236),
(35265, 33, 15, 7, 24, 236),
(35266, 33, 15, 8, 9, 237),
(35267, 33, 15, 8, 1, 237),
(35268, 33, 15, 8, 25, 237),
(35269, 34, 1, 1, 10, 7),
(35270, 34, 1, 1, 22, 7),
(35271, 34, 1, 1, 16, 7),
(35272, 34, 1, 2, 8, 122),
(35273, 34, 1, 2, 20, 122),
(35274, 34, 1, 4, 17, 8),
(35277, 34, 1, 5, 13, 121),
(35278, 34, 1, 5, 1, 121),
(35279, 34, 1, 5, 7, 121),
(35280, 34, 1, 6, 9, 123),
(35281, 34, 1, 6, 21, 123),
(35282, 34, 1, 6, 15, 123),
(35283, 34, 1, 7, 24, 124),
(35284, 34, 1, 7, 12, 124),
(35285, 34, 1, 7, 6, 124),
(35286, 34, 1, 8, 9, 125),
(35287, 34, 1, 8, 1, 125),
(35288, 34, 2, 1, 16, 15),
(35289, 34, 2, 1, 22, 15),
(35290, 34, 2, 1, 4, 15),
(35291, 34, 2, 2, 8, 130),
(35292, 34, 2, 2, 2, 130),
(35295, 34, 2, 5, 13, 129),
(35296, 34, 2, 5, 7, 129),
(35297, 34, 2, 5, 1, 129),
(35298, 34, 2, 6, 15, 131),
(35299, 34, 2, 6, 9, 131),
(35300, 34, 2, 7, 12, 132),
(35301, 34, 2, 7, 6, 132),
(35302, 34, 2, 7, 18, 132),
(35303, 34, 2, 8, 25, 133),
(35304, 34, 2, 8, 17, 133),
(35305, 34, 3, 1, 16, 23),
(35306, 34, 3, 1, 22, 23),
(35307, 34, 3, 2, 20, 138),
(35308, 34, 3, 2, 14, 138),
(35312, 34, 3, 5, 7, 137),
(35313, 34, 3, 5, 1, 137),
(35314, 34, 3, 5, 13, 137),
(35315, 34, 3, 6, 3, 139),
(35316, 34, 3, 6, 15, 139),
(35317, 34, 3, 6, 21, 139),
(35318, 34, 3, 7, 24, 140),
(35319, 34, 3, 7, 6, 140),
(35320, 34, 3, 7, 12, 140),
(35321, 34, 3, 8, 9, 141),
(35322, 34, 3, 8, 25, 141),
(35323, 34, 3, 8, 17, 141),
(35324, 34, 4, 1, 4, 31),
(35325, 34, 4, 1, 22, 31),
(35326, 34, 4, 1, 16, 31),
(35327, 34, 4, 2, 14, 146),
(35328, 34, 4, 2, 8, 146),
(35331, 34, 4, 5, 19, 145),
(35332, 34, 4, 5, 1, 145),
(35333, 34, 4, 5, 7, 145),
(35334, 34, 4, 6, 15, 147),
(35335, 34, 4, 6, 3, 147),
(35336, 34, 4, 6, 21, 147),
(35337, 34, 4, 7, 24, 148),
(35338, 34, 4, 7, 18, 148),
(35339, 34, 4, 8, 17, 149),
(35340, 34, 4, 8, 25, 149),
(35377, 34, 7, 2, 14, 170),
(35378, 34, 7, 2, 20, 170),
(35379, 34, 7, 2, 8, 170),
(35383, 34, 7, 5, 7, 169),
(35384, 34, 7, 5, 1, 169),
(35385, 34, 7, 5, 19, 169),
(35386, 34, 7, 6, 15, 171),
(35387, 34, 7, 6, 21, 171),
(35388, 34, 7, 6, 9, 171),
(35389, 34, 7, 7, 24, 172),
(35390, 34, 7, 7, 18, 172),
(35391, 34, 7, 8, 17, 173),
(35392, 34, 7, 8, 9, 173),
(35393, 34, 7, 8, 25, 173),
(35397, 34, 8, 2, 2, 178),
(35398, 34, 8, 2, 8, 178),
(35399, 34, 8, 2, 14, 178),
(35403, 34, 8, 5, 7, 177),
(35404, 34, 8, 5, 1, 177),
(35405, 34, 8, 5, 13, 177),
(35406, 34, 8, 6, 21, 179),
(35407, 34, 8, 6, 15, 179),
(35408, 34, 8, 7, 18, 180),
(35409, 34, 8, 7, 24, 180),
(35410, 34, 8, 8, 9, 181),
(35411, 34, 8, 8, 25, 181),
(35412, 34, 8, 8, 1, 181),
(35434, 34, 10, 2, 2, 194),
(35435, 34, 10, 2, 20, 194),
(35436, 34, 10, 2, 14, 194),
(35439, 34, 10, 5, 7, 193),
(35440, 34, 10, 5, 13, 193),
(35441, 34, 10, 6, 9, 195),
(35442, 34, 10, 6, 21, 195),
(35443, 34, 10, 7, 12, 196),
(35444, 34, 10, 7, 18, 196),
(35445, 34, 10, 7, 6, 196),
(35446, 34, 10, 8, 1, 197),
(35447, 34, 10, 8, 9, 197),
(35450, 34, 11, 2, 2, 202),
(35451, 34, 11, 2, 14, 202),
(35452, 34, 11, 2, 20, 202),
(35456, 34, 11, 5, 13, 201),
(35457, 34, 11, 5, 7, 201),
(35458, 34, 11, 6, 9, 203),
(35459, 34, 11, 6, 21, 203),
(35460, 34, 11, 7, 24, 204),
(35461, 34, 11, 7, 18, 204),
(35462, 34, 11, 7, 6, 204),
(35463, 34, 11, 8, 9, 205),
(35464, 34, 11, 8, 17, 205),
(35468, 34, 12, 2, 14, 210),
(35469, 34, 12, 2, 8, 210),
(35472, 34, 12, 5, 1, 209),
(35473, 34, 12, 5, 19, 209),
(35474, 34, 12, 5, 13, 209),
(35475, 34, 12, 6, 9, 211),
(35476, 34, 12, 6, 3, 211),
(35477, 34, 12, 7, 18, 212),
(35478, 34, 12, 7, 12, 212),
(35479, 34, 12, 7, 6, 212),
(35480, 34, 12, 8, 9, 213),
(35481, 34, 12, 8, 25, 213),
(35485, 34, 13, 2, 8, 218),
(35486, 34, 13, 2, 2, 218),
(35487, 34, 13, 2, 14, 218),
(35491, 34, 13, 5, 1, 217),
(35492, 34, 13, 5, 19, 217),
(35493, 34, 13, 6, 21, 219),
(35494, 34, 13, 6, 15, 219),
(35495, 34, 13, 6, 9, 219),
(35496, 34, 13, 7, 24, 220),
(35497, 34, 13, 7, 6, 220),
(35498, 34, 13, 8, 9, 221),
(35499, 34, 13, 8, 17, 221),
(35500, 34, 13, 8, 25, 221),
(35503, 34, 14, 2, 2, 226),
(35504, 34, 14, 2, 20, 226),
(35505, 34, 14, 2, 8, 226),
(35509, 34, 14, 5, 13, 225),
(35510, 34, 14, 5, 7, 225),
(35511, 34, 14, 5, 1, 225),
(35512, 34, 14, 6, 3, 227),
(35513, 34, 14, 6, 15, 227),
(35514, 34, 14, 6, 21, 227),
(35515, 34, 14, 7, 12, 228),
(35516, 34, 14, 7, 24, 228),
(35517, 34, 14, 8, 25, 229),
(35518, 34, 14, 8, 1, 229),
(35521, 34, 15, 2, 8, 234),
(35522, 34, 15, 2, 2, 234),
(35523, 34, 15, 2, 14, 234),
(35527, 34, 15, 5, 1, 233),
(35528, 34, 15, 5, 7, 233),
(35529, 34, 15, 6, 3, 235),
(35530, 34, 15, 6, 9, 235),
(35531, 34, 15, 6, 21, 235),
(35532, 34, 15, 7, 18, 236),
(35533, 34, 15, 7, 12, 236),
(35534, 34, 15, 8, 25, 237),
(35535, 34, 15, 8, 17, 237),
(35536, 35, 1, 4, 22, 8),
(35538, 35, 1, 2, 20, 122),
(35539, 35, 1, 2, 14, 122),
(35540, 35, 1, 2, 8, 122),
(35544, 35, 1, 5, 1, 121),
(35545, 35, 1, 5, 19, 121),
(35546, 35, 1, 5, 7, 121),
(35547, 35, 1, 6, 3, 123),
(35548, 35, 1, 6, 9, 123),
(35549, 35, 1, 6, 21, 123),
(35550, 35, 1, 7, 6, 124),
(35551, 35, 1, 7, 18, 124),
(35552, 35, 1, 8, 1, 125),
(35553, 35, 1, 8, 17, 125),
(35554, 35, 1, 8, 9, 125),
(35558, 35, 2, 2, 8, 130),
(35559, 35, 2, 2, 20, 130),
(35563, 35, 2, 5, 13, 129),
(35564, 35, 2, 5, 1, 129),
(35565, 35, 2, 5, 7, 129),
(35566, 35, 2, 6, 9, 131),
(35567, 35, 2, 6, 3, 131),
(35568, 35, 2, 7, 18, 132),
(35569, 35, 2, 7, 12, 132),
(35570, 35, 2, 7, 24, 132),
(35571, 35, 2, 8, 1, 133),
(35572, 35, 2, 8, 9, 133),
(35573, 35, 2, 8, 25, 133),
(35577, 35, 3, 2, 8, 138),
(35578, 35, 3, 2, 20, 138),
(35579, 35, 3, 2, 2, 138),
(35582, 35, 3, 5, 7, 137),
(35583, 35, 3, 5, 19, 137),
(35584, 35, 3, 5, 13, 137),
(35585, 35, 3, 6, 15, 139),
(35586, 35, 3, 6, 3, 139),
(35587, 35, 3, 7, 12, 140),
(35588, 35, 3, 7, 18, 140),
(35589, 35, 3, 8, 25, 141),
(35590, 35, 3, 8, 17, 141),
(35591, 35, 3, 8, 9, 141),
(35594, 35, 4, 2, 8, 146),
(35595, 35, 4, 2, 14, 146),
(35599, 35, 4, 5, 7, 145),
(35600, 35, 4, 5, 19, 145),
(35601, 35, 4, 5, 1, 145),
(35602, 35, 4, 6, 3, 147),
(35603, 35, 4, 6, 15, 147),
(35604, 35, 4, 7, 6, 148),
(35605, 35, 4, 7, 24, 148),
(35606, 35, 4, 7, 18, 148),
(35607, 35, 4, 8, 17, 149),
(35608, 35, 4, 8, 1, 149),
(35609, 35, 4, 8, 9, 149),
(35613, 35, 5, 2, 8, 154),
(35614, 35, 5, 2, 14, 154),
(35615, 35, 5, 2, 2, 154),
(35619, 35, 5, 5, 13, 153),
(35620, 35, 5, 5, 19, 153),
(35621, 35, 5, 5, 1, 153),
(35622, 35, 5, 6, 9, 155),
(35623, 35, 5, 6, 15, 155),
(35624, 35, 5, 6, 21, 155),
(35625, 35, 5, 7, 18, 156),
(35626, 35, 5, 7, 6, 156),
(35627, 35, 5, 7, 24, 156),
(35628, 35, 5, 8, 25, 157),
(35629, 35, 5, 8, 9, 157),
(35630, 35, 5, 8, 17, 157),
(35634, 35, 6, 2, 20, 162),
(35635, 35, 6, 2, 2, 162),
(35638, 35, 6, 5, 19, 161),
(35639, 35, 6, 5, 1, 161),
(35640, 35, 6, 5, 7, 161),
(35641, 35, 6, 6, 15, 163),
(35642, 35, 6, 6, 3, 163),
(35643, 35, 6, 7, 24, 164),
(35644, 35, 6, 7, 12, 164),
(35645, 35, 6, 8, 25, 165),
(35646, 35, 6, 8, 1, 165),
(35667, 35, 8, 2, 2, 178),
(35668, 35, 8, 2, 20, 178),
(35672, 35, 8, 5, 7, 177),
(35673, 35, 8, 5, 1, 177),
(35674, 35, 8, 6, 3, 179),
(35675, 35, 8, 6, 9, 179),
(35676, 35, 8, 6, 21, 179),
(35677, 35, 8, 7, 6, 180),
(35678, 35, 8, 7, 12, 180),
(35679, 35, 8, 7, 18, 180),
(35680, 35, 8, 8, 17, 181),
(35681, 35, 8, 8, 9, 181),
(35684, 35, 9, 2, 8, 186),
(35685, 35, 9, 2, 20, 186),
(35686, 35, 9, 2, 14, 186),
(35690, 35, 9, 5, 19, 185),
(35691, 35, 9, 5, 13, 185),
(35692, 35, 9, 5, 1, 185),
(35693, 35, 9, 6, 3, 187),
(35694, 35, 9, 6, 9, 187),
(35695, 35, 9, 7, 12, 188),
(35696, 35, 9, 7, 6, 188),
(35697, 35, 9, 7, 18, 188),
(35698, 35, 9, 8, 25, 189),
(35699, 35, 9, 8, 1, 189),
(35702, 35, 10, 2, 20, 194),
(35703, 35, 10, 2, 2, 194),
(35706, 35, 10, 5, 19, 193),
(35707, 35, 10, 5, 7, 193),
(35708, 35, 10, 6, 21, 195),
(35709, 35, 10, 6, 3, 195),
(35710, 35, 10, 7, 12, 196),
(35711, 35, 10, 7, 18, 196),
(35712, 35, 10, 8, 17, 197),
(35713, 35, 10, 8, 1, 197),
(35714, 35, 10, 8, 9, 197),
(35718, 35, 11, 2, 8, 202),
(35719, 35, 11, 2, 2, 202),
(35720, 35, 11, 2, 20, 202),
(35723, 35, 11, 5, 7, 201),
(35724, 35, 11, 5, 1, 201),
(35725, 35, 11, 5, 19, 201),
(35726, 35, 11, 6, 15, 203),
(35727, 35, 11, 6, 3, 203),
(35728, 35, 11, 6, 21, 203),
(35729, 35, 11, 7, 18, 204),
(35730, 35, 11, 7, 6, 204),
(35731, 35, 11, 7, 24, 204),
(35732, 35, 11, 8, 1, 205),
(35733, 35, 11, 8, 9, 205),
(35737, 35, 12, 2, 2, 210),
(35738, 35, 12, 2, 14, 210),
(35739, 35, 12, 2, 8, 210),
(35743, 35, 12, 5, 7, 209),
(35744, 35, 12, 5, 1, 209),
(35745, 35, 12, 5, 13, 209),
(35746, 35, 12, 6, 15, 211),
(35747, 35, 12, 6, 9, 211),
(35748, 35, 12, 7, 12, 212),
(35749, 35, 12, 7, 24, 212),
(35750, 35, 12, 8, 25, 213),
(35751, 35, 12, 8, 17, 213),
(35755, 35, 13, 2, 14, 218),
(35756, 35, 13, 2, 2, 218),
(35757, 35, 13, 2, 8, 218),
(35760, 35, 13, 5, 13, 217),
(35761, 35, 13, 5, 1, 217),
(35762, 35, 13, 6, 3, 219),
(35763, 35, 13, 6, 15, 219),
(35764, 35, 13, 7, 6, 220),
(35765, 35, 13, 7, 12, 220),
(35766, 35, 13, 8, 1, 221),
(35767, 35, 13, 8, 17, 221),
(35768, 35, 13, 8, 9, 221),
(35771, 35, 14, 2, 8, 226),
(35772, 35, 14, 2, 2, 226),
(35776, 35, 14, 5, 7, 225),
(35777, 35, 14, 5, 13, 225),
(35778, 35, 14, 5, 19, 225),
(35779, 35, 14, 6, 9, 227),
(35780, 35, 14, 6, 15, 227),
(35781, 35, 14, 7, 24, 228),
(35782, 35, 14, 7, 18, 228),
(35783, 35, 14, 8, 1, 229),
(35784, 35, 14, 8, 9, 229),
(35788, 35, 15, 2, 14, 234),
(35789, 35, 15, 2, 20, 234),
(35790, 35, 15, 2, 2, 234),
(35794, 35, 15, 5, 7, 233),
(35795, 35, 15, 5, 1, 233),
(35796, 35, 15, 6, 15, 235),
(35797, 35, 15, 6, 3, 235),
(35798, 35, 15, 7, 24, 236),
(35799, 35, 15, 7, 12, 236),
(35800, 35, 15, 7, 6, 236),
(35801, 35, 15, 8, 9, 237),
(35802, 35, 15, 8, 17, 237),
(35803, 35, 15, 8, 25, 237),
(35804, 38, 1, 4, 10, 8),
(35805, 38, 1, 4, 4, 8),
(35806, 38, 1, 2, 20, 122),
(35807, 38, 1, 2, 2, 122),
(35808, 38, 1, 2, 14, 122),
(35809, 38, 1, 4, 17, 8),
(35811, 38, 1, 5, 13, 121),
(35812, 38, 1, 5, 19, 121),
(35813, 38, 1, 6, 9, 123),
(35814, 38, 1, 6, 15, 123),
(35815, 38, 1, 7, 6, 124),
(35816, 38, 1, 7, 24, 124),
(35817, 38, 1, 8, 25, 125),
(35818, 38, 1, 8, 1, 125),
(35819, 38, 1, 8, 9, 125),
(35822, 38, 2, 2, 8, 130),
(35823, 38, 2, 2, 14, 130),
(35824, 38, 2, 2, 20, 130),
(35828, 38, 2, 5, 1, 129),
(35829, 38, 2, 5, 13, 129),
(35830, 38, 2, 6, 21, 131),
(35831, 38, 2, 6, 9, 131),
(35832, 38, 2, 7, 18, 132),
(35833, 38, 2, 7, 24, 132),
(35834, 38, 2, 8, 9, 133),
(35835, 38, 2, 8, 17, 133),
(35836, 38, 2, 8, 1, 133),
(35840, 38, 3, 2, 14, 138),
(35841, 38, 3, 2, 8, 138),
(35842, 38, 3, 2, 2, 138),
(35845, 38, 3, 5, 1, 137),
(35846, 38, 3, 5, 19, 137),
(35847, 38, 3, 6, 15, 139),
(35848, 38, 3, 6, 21, 139),
(35849, 38, 3, 6, 9, 139),
(35850, 38, 3, 7, 12, 140),
(35851, 38, 3, 7, 6, 140),
(35852, 38, 3, 8, 17, 141),
(35853, 38, 3, 8, 9, 141),
(35856, 38, 4, 2, 2, 146),
(35857, 38, 4, 2, 8, 146),
(35860, 38, 4, 5, 13, 145),
(35861, 38, 4, 5, 1, 145),
(35862, 38, 4, 6, 15, 147),
(35863, 38, 4, 6, 3, 147),
(35864, 38, 4, 6, 21, 147),
(35865, 38, 4, 7, 6, 148),
(35866, 38, 4, 7, 24, 148),
(35867, 38, 4, 7, 18, 148),
(35868, 38, 4, 8, 25, 149),
(35869, 38, 4, 8, 9, 149),
(35873, 38, 5, 2, 20, 154),
(35874, 38, 5, 2, 14, 154),
(35875, 38, 5, 2, 8, 154),
(35878, 38, 5, 5, 13, 153),
(35879, 38, 5, 5, 7, 153),
(35880, 38, 5, 5, 1, 153),
(35881, 38, 5, 6, 21, 155),
(35882, 38, 5, 6, 15, 155),
(35883, 38, 5, 7, 18, 156),
(35884, 38, 5, 7, 6, 156),
(35885, 38, 5, 7, 12, 156),
(35886, 38, 5, 8, 17, 157),
(35887, 38, 5, 8, 1, 157),
(35888, 38, 5, 8, 9, 157),
(35891, 38, 6, 2, 2, 162),
(35892, 38, 6, 2, 8, 162),
(35893, 38, 6, 2, 14, 162),
(35897, 38, 6, 5, 19, 161),
(35898, 38, 6, 5, 7, 161),
(35899, 38, 6, 6, 15, 163),
(35900, 38, 6, 6, 9, 163),
(35902, 38, 6, 7, 18, 164),
(35903, 38, 6, 7, 12, 164),
(35904, 38, 6, 7, 6, 164),
(35905, 38, 6, 8, 25, 165),
(35906, 38, 6, 8, 9, 165),
(35909, 38, 7, 2, 14, 170),
(35910, 38, 7, 2, 20, 170),
(35911, 38, 7, 2, 8, 170),
(35914, 38, 7, 5, 13, 169),
(35915, 38, 7, 5, 1, 169),
(35916, 38, 7, 5, 19, 169),
(35917, 38, 7, 6, 3, 171),
(35918, 38, 7, 6, 15, 171),
(35919, 38, 7, 7, 18, 172),
(35920, 38, 7, 7, 24, 172),
(35921, 38, 7, 8, 1, 173),
(35922, 38, 7, 8, 17, 173),
(35923, 38, 7, 8, 25, 173),
(35945, 38, 9, 2, 2, 186),
(35946, 38, 9, 2, 8, 186),
(35949, 38, 9, 5, 13, 185),
(35950, 38, 9, 5, 7, 185),
(35951, 38, 9, 6, 21, 187),
(35952, 38, 9, 6, 3, 187),
(35953, 38, 9, 6, 9, 187),
(35954, 38, 9, 7, 6, 188),
(35955, 38, 9, 7, 18, 188),
(35956, 38, 9, 7, 12, 188),
(35957, 38, 9, 8, 1, 189),
(35958, 38, 9, 8, 25, 189),
(35961, 38, 10, 2, 8, 194),
(35962, 38, 10, 2, 20, 194),
(35963, 38, 10, 2, 14, 194),
(35967, 38, 10, 5, 13, 193),
(35968, 38, 10, 5, 1, 193),
(35969, 38, 10, 5, 7, 193),
(35970, 38, 10, 6, 9, 195),
(35971, 38, 10, 6, 21, 195),
(35972, 38, 10, 7, 18, 196),
(35973, 38, 10, 7, 6, 196),
(35974, 38, 10, 7, 24, 196),
(35975, 38, 10, 8, 1, 197),
(35976, 38, 10, 8, 9, 197),
(35979, 38, 11, 2, 20, 202),
(35980, 38, 11, 2, 8, 202),
(35984, 38, 11, 5, 1, 201),
(35985, 38, 11, 5, 13, 201),
(35986, 38, 11, 5, 7, 201),
(35987, 38, 11, 6, 15, 203),
(35988, 38, 11, 6, 3, 203),
(35989, 38, 11, 7, 18, 204),
(35990, 38, 11, 7, 6, 204),
(35991, 38, 11, 7, 24, 204),
(35992, 38, 11, 8, 1, 205),
(35993, 38, 11, 8, 25, 205),
(35996, 38, 12, 2, 14, 210),
(35997, 38, 12, 2, 20, 210),
(35998, 38, 12, 2, 2, 210),
(36001, 38, 12, 5, 1, 209),
(36002, 38, 12, 5, 13, 209),
(36003, 38, 12, 5, 7, 209),
(36004, 38, 12, 6, 9, 211),
(36005, 38, 12, 6, 21, 211),
(36006, 38, 12, 6, 15, 211),
(36007, 38, 12, 7, 24, 212),
(36008, 38, 12, 7, 12, 212),
(36009, 38, 12, 8, 17, 213),
(36010, 38, 12, 8, 25, 213),
(36014, 38, 13, 2, 14, 218),
(36015, 38, 13, 2, 20, 218),
(36018, 38, 13, 5, 7, 217),
(36019, 38, 13, 5, 13, 217),
(36020, 38, 13, 5, 19, 217),
(36021, 38, 13, 6, 9, 219),
(36022, 38, 13, 6, 15, 219),
(36023, 38, 13, 6, 3, 219),
(36024, 38, 13, 7, 24, 220),
(36025, 38, 13, 7, 18, 220),
(36026, 38, 13, 7, 12, 220),
(36027, 38, 13, 8, 25, 221),
(36028, 38, 13, 8, 1, 221),
(36029, 38, 13, 8, 17, 221),
(36032, 38, 14, 2, 14, 226),
(36033, 38, 14, 2, 20, 226),
(36034, 38, 14, 2, 2, 226),
(36038, 38, 14, 5, 1, 225),
(36039, 38, 14, 5, 13, 225),
(36040, 38, 14, 5, 19, 225),
(36041, 38, 14, 6, 15, 227),
(36042, 38, 14, 6, 3, 227),
(36043, 38, 14, 6, 9, 227),
(36044, 38, 14, 7, 12, 228),
(36045, 38, 14, 7, 18, 228),
(36046, 38, 14, 8, 1, 229),
(36047, 38, 14, 8, 17, 229),
(36048, 38, 14, 8, 25, 229),
(36051, 38, 15, 2, 20, 234),
(36052, 38, 15, 2, 14, 234),
(36056, 38, 15, 5, 19, 233),
(36057, 38, 15, 5, 1, 233),
(36058, 38, 15, 6, 21, 235),
(36059, 38, 15, 6, 9, 235),
(36060, 38, 15, 7, 6, 236),
(36061, 38, 15, 7, 24, 236),
(36062, 38, 15, 7, 12, 236),
(36063, 38, 15, 8, 9, 237),
(36064, 38, 15, 8, 1, 237),
(36065, 39, 1, 4, 4, 8),
(36066, 39, 1, 4, 10, 8),
(36068, 39, 1, 2, 2, 122),
(36069, 39, 1, 2, 14, 122),
(36070, 39, 1, 2, 20, 122),
(36073, 39, 1, 5, 7, 121),
(36074, 39, 1, 5, 13, 121),
(36075, 39, 1, 5, 1, 121),
(36076, 39, 1, 6, 15, 123),
(36077, 39, 1, 6, 3, 123),
(36078, 39, 1, 7, 18, 124),
(36079, 39, 1, 7, 24, 124),
(36080, 39, 1, 7, 12, 124),
(36081, 39, 1, 8, 1, 125),
(36082, 39, 1, 8, 9, 125),
(36083, 39, 1, 8, 17, 125),
(36086, 39, 2, 2, 2, 130),
(36087, 39, 2, 2, 14, 130),
(36090, 39, 2, 5, 19, 129),
(36091, 39, 2, 5, 1, 129),
(36092, 39, 2, 5, 7, 129),
(36093, 39, 2, 6, 15, 131),
(36094, 39, 2, 6, 3, 131),
(36095, 39, 2, 6, 9, 131),
(36096, 39, 2, 7, 12, 132),
(36097, 39, 2, 7, 18, 132),
(36098, 39, 2, 7, 6, 132),
(36099, 39, 2, 8, 25, 133),
(36100, 39, 2, 8, 9, 133),
(36104, 39, 3, 2, 20, 138),
(36105, 39, 3, 2, 14, 138),
(36109, 39, 3, 5, 19, 137),
(36110, 39, 3, 5, 7, 137),
(36111, 39, 3, 5, 1, 137),
(36112, 39, 3, 6, 9, 139),
(36113, 39, 3, 6, 3, 139),
(36114, 39, 3, 6, 21, 139),
(36115, 39, 3, 7, 18, 140),
(36116, 39, 3, 7, 6, 140),
(36117, 39, 3, 8, 25, 141),
(36118, 39, 3, 8, 9, 141),
(36122, 39, 4, 2, 14, 146),
(36123, 39, 4, 2, 2, 146),
(36126, 39, 4, 5, 13, 145),
(36127, 39, 4, 5, 1, 145),
(36128, 39, 4, 5, 19, 145),
(36129, 39, 4, 6, 21, 147),
(36130, 39, 4, 6, 3, 147),
(36131, 39, 4, 7, 24, 148),
(36132, 39, 4, 7, 6, 148),
(36133, 39, 4, 8, 25, 149),
(36134, 39, 4, 8, 9, 149),
(36135, 39, 4, 8, 17, 149),
(36139, 39, 5, 2, 14, 154),
(36140, 39, 5, 2, 20, 154),
(36141, 39, 5, 2, 8, 154),
(36145, 39, 5, 5, 1, 153),
(36146, 39, 5, 5, 7, 153),
(36147, 39, 5, 5, 13, 153),
(36148, 39, 5, 6, 3, 155),
(36149, 39, 5, 6, 15, 155),
(36150, 39, 5, 7, 6, 156),
(36151, 39, 5, 7, 12, 156),
(36152, 39, 5, 8, 17, 157),
(36153, 39, 5, 8, 9, 157),
(36154, 39, 5, 8, 25, 157),
(36157, 39, 6, 2, 20, 162),
(36158, 39, 6, 2, 2, 162),
(36159, 39, 6, 2, 14, 162),
(36163, 39, 6, 5, 19, 161),
(36164, 39, 6, 5, 13, 161),
(36165, 39, 6, 6, 15, 163),
(36166, 39, 6, 6, 21, 163),
(36167, 39, 6, 6, 3, 163),
(36168, 39, 6, 7, 6, 164),
(36169, 39, 6, 7, 12, 164),
(36170, 39, 6, 8, 1, 165),
(36171, 39, 6, 8, 25, 165),
(36175, 39, 7, 2, 8, 170),
(36176, 39, 7, 2, 14, 170),
(36179, 39, 7, 5, 7, 169),
(36180, 39, 7, 5, 19, 169),
(36181, 39, 7, 6, 9, 171),
(36182, 39, 7, 6, 21, 171),
(36183, 39, 7, 6, 15, 171),
(36184, 39, 7, 7, 12, 172),
(36185, 39, 7, 7, 24, 172),
(36186, 39, 7, 8, 17, 173),
(36187, 39, 7, 8, 1, 173),
(36188, 39, 7, 8, 25, 173),
(36192, 39, 8, 2, 14, 178),
(36193, 39, 8, 2, 8, 178),
(36194, 39, 8, 2, 20, 178),
(36198, 39, 8, 5, 7, 177),
(36199, 39, 8, 5, 1, 177),
(36200, 39, 8, 5, 13, 177),
(36201, 39, 8, 6, 9, 179),
(36202, 39, 8, 6, 15, 179),
(36203, 39, 8, 6, 21, 179),
(36204, 39, 8, 7, 12, 180),
(36205, 39, 8, 7, 18, 180),
(36206, 39, 8, 8, 9, 181),
(36207, 39, 8, 8, 25, 181),
(36208, 39, 8, 8, 1, 181),
(36212, 39, 9, 2, 14, 186),
(36213, 39, 9, 2, 8, 186),
(36217, 39, 9, 5, 7, 185),
(36218, 39, 9, 5, 1, 185),
(36219, 39, 9, 5, 13, 185),
(36220, 39, 9, 6, 15, 187),
(36221, 39, 9, 6, 3, 187),
(36222, 39, 9, 6, 9, 187),
(36223, 39, 9, 7, 18, 188),
(36224, 39, 9, 7, 12, 188),
(36225, 39, 9, 7, 6, 188),
(36226, 39, 9, 8, 17, 189),
(36227, 39, 9, 8, 25, 189),
(36231, 39, 10, 2, 14, 194),
(36232, 39, 10, 2, 8, 194),
(36233, 39, 10, 2, 20, 194),
(36236, 39, 10, 5, 19, 193),
(36237, 39, 10, 5, 1, 193),
(36238, 39, 10, 6, 3, 195),
(36239, 39, 10, 6, 15, 195),
(36240, 39, 10, 7, 24, 196),
(36241, 39, 10, 7, 12, 196),
(36242, 39, 10, 7, 18, 196),
(36243, 39, 10, 8, 9, 197),
(36244, 39, 10, 8, 25, 197),
(36245, 39, 10, 8, 1, 197),
(36248, 39, 11, 2, 20, 202),
(36249, 39, 11, 2, 8, 202),
(36252, 39, 11, 5, 7, 201),
(36253, 39, 11, 5, 19, 201),
(36254, 39, 11, 6, 21, 203),
(36255, 39, 11, 6, 3, 203),
(36256, 39, 11, 7, 18, 204),
(36257, 39, 11, 7, 6, 204),
(36258, 39, 11, 7, 24, 204),
(36259, 39, 11, 8, 17, 205),
(36260, 39, 11, 8, 1, 205),
(36264, 39, 12, 2, 14, 210),
(36265, 39, 12, 2, 2, 210),
(36266, 39, 12, 2, 20, 210),
(36269, 39, 12, 5, 19, 209),
(36270, 39, 12, 5, 7, 209),
(36271, 39, 12, 6, 9, 211),
(36272, 39, 12, 6, 21, 211),
(36273, 39, 12, 6, 3, 211),
(36274, 39, 12, 7, 18, 212),
(36275, 39, 12, 7, 6, 212),
(36276, 39, 12, 7, 24, 212),
(36277, 39, 12, 8, 17, 213),
(36278, 39, 12, 8, 25, 213),
(36279, 39, 12, 8, 9, 213),
(36282, 39, 13, 2, 14, 218),
(36283, 39, 13, 2, 20, 218),
(36286, 39, 13, 5, 7, 217),
(36287, 39, 13, 5, 1, 217),
(36288, 39, 13, 6, 21, 219),
(36289, 39, 13, 6, 15, 219),
(36290, 39, 13, 7, 18, 220),
(36291, 39, 13, 7, 6, 220),
(36292, 39, 13, 8, 1, 221),
(36293, 39, 13, 8, 17, 221),
(36297, 39, 14, 2, 8, 226),
(36298, 39, 14, 2, 14, 226),
(36301, 39, 14, 5, 7, 225),
(36302, 39, 14, 5, 1, 225),
(36303, 39, 14, 6, 3, 227),
(36304, 39, 14, 6, 15, 227),
(36305, 39, 14, 6, 9, 227),
(36306, 39, 14, 7, 18, 228),
(36307, 39, 14, 7, 6, 228),
(36308, 39, 14, 7, 24, 228),
(36309, 39, 14, 8, 1, 229),
(36310, 39, 14, 8, 25, 229),
(36314, 39, 15, 2, 8, 234),
(36315, 39, 15, 2, 2, 234),
(36318, 39, 15, 5, 1, 233),
(36319, 39, 15, 5, 7, 233),
(36320, 39, 15, 5, 19, 233),
(36321, 39, 15, 6, 21, 235),
(36322, 39, 15, 6, 9, 235),
(36323, 39, 15, 7, 18, 236),
(36324, 39, 15, 7, 24, 236),
(36325, 39, 15, 8, 9, 237),
(36326, 39, 15, 8, 17, 237),
(36327, 40, 1, 4, 22, 8),
(36328, 40, 1, 6, 16, 123),
(36329, 40, 1, 2, 20, 122),
(36330, 40, 1, 2, 14, 122),
(36331, 40, 1, 4, 11, 8),
(36333, 40, 1, 5, 1, 121),
(36334, 40, 1, 5, 19, 121),
(36335, 40, 1, 5, 7, 121),
(36336, 40, 1, 6, 21, 123),
(36337, 40, 1, 6, 9, 123),
(36338, 40, 1, 6, 15, 123),
(36339, 40, 1, 7, 6, 124),
(36340, 40, 1, 7, 18, 124),
(36341, 40, 1, 7, 12, 124),
(36342, 40, 1, 8, 25, 125),
(36343, 40, 1, 8, 1, 125),
(36344, 40, 2, 6, 16, 131),
(36345, 40, 2, 6, 22, 131),
(36346, 40, 2, 6, 4, 131),
(36347, 40, 2, 2, 8, 130),
(36348, 40, 2, 2, 14, 130),
(36352, 40, 2, 5, 7, 129),
(36353, 40, 2, 5, 13, 129),
(36354, 40, 2, 6, 9, 131),
(36355, 40, 2, 6, 3, 131),
(36356, 40, 2, 7, 24, 132),
(36357, 40, 2, 7, 18, 132),
(36358, 40, 2, 8, 1, 133),
(36359, 40, 2, 8, 17, 133),
(36360, 40, 3, 6, 10, 139),
(36361, 40, 3, 6, 22, 139),
(36362, 40, 3, 6, 16, 139),
(36363, 40, 3, 2, 20, 138),
(36364, 40, 3, 2, 8, 138),
(36368, 40, 3, 5, 19, 137),
(36369, 40, 3, 5, 7, 137),
(36370, 40, 3, 5, 13, 137),
(36371, 40, 3, 6, 21, 139),
(36372, 40, 3, 6, 9, 139),
(36373, 40, 3, 7, 12, 140),
(36374, 40, 3, 7, 6, 140),
(36375, 40, 3, 8, 17, 141),
(36376, 40, 3, 8, 1, 141),
(36377, 40, 4, 6, 16, 147),
(36378, 40, 4, 6, 22, 147),
(36379, 40, 4, 6, 10, 147),
(36380, 40, 4, 2, 2, 146),
(36381, 40, 4, 2, 20, 146),
(36382, 40, 4, 2, 8, 146),
(36385, 40, 4, 5, 7, 145),
(36386, 40, 4, 5, 1, 145),
(36387, 40, 4, 5, 13, 145),
(36388, 40, 4, 6, 15, 147),
(36389, 40, 4, 6, 3, 147),
(36390, 40, 4, 7, 24, 148),
(36391, 40, 4, 7, 6, 148),
(36392, 40, 4, 7, 12, 148),
(36393, 40, 4, 8, 1, 149),
(36394, 40, 4, 8, 17, 149),
(36395, 40, 5, 6, 16, 155),
(36396, 40, 5, 6, 4, 155),
(36397, 40, 5, 2, 20, 154),
(36398, 40, 5, 2, 8, 154),
(36401, 40, 5, 5, 1, 153),
(36402, 40, 5, 5, 13, 153),
(36403, 40, 5, 6, 9, 155),
(36404, 40, 5, 6, 21, 155),
(36405, 40, 5, 7, 18, 156),
(36406, 40, 5, 7, 6, 156),
(36407, 40, 5, 8, 9, 157),
(36408, 40, 5, 8, 1, 157),
(36409, 40, 6, 6, 4, 163),
(36410, 40, 6, 6, 10, 163),
(36411, 40, 6, 2, 2, 162),
(36412, 40, 6, 2, 8, 162),
(36416, 40, 6, 5, 19, 161),
(36417, 40, 6, 5, 1, 161),
(36418, 40, 6, 5, 13, 161),
(36419, 40, 6, 6, 3, 163),
(36420, 40, 6, 6, 9, 163),
(36421, 40, 6, 7, 18, 164),
(36422, 40, 6, 7, 12, 164),
(36423, 40, 6, 8, 17, 165),
(36424, 40, 6, 8, 1, 165),
(36425, 40, 7, 6, 10, 171),
(36426, 40, 7, 6, 16, 171),
(36427, 40, 7, 2, 20, 170),
(36428, 40, 7, 2, 14, 170),
(36429, 40, 7, 2, 8, 170),
(36432, 40, 7, 5, 1, 169),
(36433, 40, 7, 5, 7, 169),
(36434, 40, 7, 6, 3, 171),
(36435, 40, 7, 6, 21, 171),
(36436, 40, 7, 6, 15, 171),
(36437, 40, 7, 7, 12, 172),
(36438, 40, 7, 7, 24, 172),
(36439, 40, 7, 8, 17, 173),
(36440, 40, 7, 8, 25, 173),
(36441, 40, 7, 8, 9, 173),
(36442, 40, 8, 6, 22, 179),
(36443, 40, 8, 6, 10, 179),
(36444, 40, 8, 2, 20, 178),
(36445, 40, 8, 2, 2, 178),
(36448, 40, 8, 5, 1, 177),
(36449, 40, 8, 5, 7, 177),
(36450, 40, 8, 6, 9, 179),
(36451, 40, 8, 6, 3, 179),
(36452, 40, 8, 7, 12, 180),
(36453, 40, 8, 7, 6, 180),
(36454, 40, 8, 8, 9, 181),
(36455, 40, 8, 8, 1, 181),
(36456, 40, 9, 6, 10, 187),
(36457, 40, 9, 6, 22, 187),
(36458, 40, 9, 2, 14, 186),
(36459, 40, 9, 2, 8, 186),
(36460, 40, 9, 2, 2, 186),
(36463, 40, 9, 5, 1, 185),
(36464, 40, 9, 5, 13, 185),
(36465, 40, 9, 6, 21, 187),
(36466, 40, 9, 6, 9, 187),
(36467, 40, 9, 6, 15, 187),
(36468, 40, 9, 7, 12, 188),
(36469, 40, 9, 7, 6, 188),
(36470, 40, 9, 7, 24, 188),
(36471, 40, 9, 8, 9, 189),
(36472, 40, 9, 8, 25, 189),
(36473, 40, 9, 8, 1, 189),
(36474, 40, 10, 6, 16, 195),
(36475, 40, 10, 6, 10, 195),
(36476, 40, 10, 2, 14, 194),
(36477, 40, 10, 2, 8, 194),
(36478, 40, 10, 2, 2, 194),
(36481, 40, 10, 5, 19, 193),
(36482, 40, 10, 5, 13, 193),
(36483, 40, 10, 6, 9, 195),
(36484, 40, 10, 6, 21, 195),
(36485, 40, 10, 7, 24, 196),
(36486, 40, 10, 7, 6, 196),
(36487, 40, 10, 8, 9, 197),
(36488, 40, 10, 8, 1, 197),
(36489, 40, 10, 8, 25, 197),
(36490, 40, 11, 6, 16, 203),
(36491, 40, 11, 6, 22, 203),
(36492, 40, 11, 2, 20, 202),
(36493, 40, 11, 2, 2, 202),
(36497, 40, 11, 5, 13, 201),
(36498, 40, 11, 5, 19, 201),
(36499, 40, 11, 5, 1, 201),
(36500, 40, 11, 6, 3, 203),
(36501, 40, 11, 6, 21, 203),
(36502, 40, 11, 7, 6, 204),
(36503, 40, 11, 7, 18, 204),
(36504, 40, 11, 8, 25, 205),
(36505, 40, 11, 8, 1, 205),
(36506, 40, 12, 6, 4, 211),
(36507, 40, 12, 6, 22, 211),
(36508, 40, 12, 2, 20, 210),
(36509, 40, 12, 2, 8, 210),
(36513, 40, 12, 5, 13, 209),
(36514, 40, 12, 5, 1, 209),
(36515, 40, 12, 5, 19, 209),
(36516, 40, 12, 6, 15, 211),
(36517, 40, 12, 6, 3, 211),
(36518, 40, 12, 6, 9, 211),
(36519, 40, 12, 7, 12, 212),
(36520, 40, 12, 7, 24, 212),
(36521, 40, 12, 8, 9, 213),
(36522, 40, 12, 8, 25, 213),
(36523, 40, 13, 6, 10, 219),
(36524, 40, 13, 6, 4, 219),
(36525, 40, 13, 2, 20, 218),
(36526, 40, 13, 2, 8, 218),
(36530, 40, 13, 5, 19, 217),
(36531, 40, 13, 5, 7, 217),
(36532, 40, 13, 6, 21, 219),
(36533, 40, 13, 6, 9, 219),
(36534, 40, 13, 7, 24, 220),
(36535, 40, 13, 7, 12, 220),
(36536, 40, 13, 8, 17, 221),
(36537, 40, 13, 8, 9, 221),
(36538, 40, 13, 8, 25, 221),
(36539, 40, 14, 6, 4, 227),
(36540, 40, 14, 6, 16, 227),
(36541, 40, 14, 6, 10, 227),
(36542, 40, 14, 2, 14, 226),
(36543, 40, 14, 2, 2, 226),
(36547, 40, 14, 5, 13, 225),
(36548, 40, 14, 5, 1, 225),
(36549, 40, 14, 6, 15, 227),
(36550, 40, 14, 6, 21, 227),
(36551, 40, 14, 6, 9, 227),
(36552, 40, 14, 7, 12, 228),
(36553, 40, 14, 7, 6, 228),
(36554, 40, 14, 8, 1, 229),
(36555, 40, 14, 8, 17, 229),
(36556, 40, 14, 8, 9, 229),
(36557, 40, 15, 6, 22, 235),
(36558, 40, 15, 6, 4, 235),
(36559, 40, 15, 2, 14, 234),
(36560, 40, 15, 2, 2, 234),
(36561, 40, 15, 2, 20, 234),
(36564, 40, 15, 5, 7, 233),
(36565, 40, 15, 5, 1, 233),
(36566, 40, 15, 6, 3, 235),
(36567, 40, 15, 6, 21, 235),
(36568, 40, 15, 7, 12, 236),
(36569, 40, 15, 7, 18, 236),
(36570, 40, 15, 8, 17, 237),
(36571, 40, 15, 8, 25, 237),
(36572, 42, 1, 6, 10, 123),
(36573, 42, 1, 6, 4, 123),
(36574, 42, 1, 2, 20, 122),
(36575, 42, 1, 2, 2, 122),
(36576, 42, 1, 4, 17, 8),
(36577, 42, 1, 4, 11, 8),
(36578, 42, 1, 5, 13, 121),
(36579, 42, 1, 5, 19, 121),
(36580, 42, 1, 5, 7, 121),
(36581, 42, 1, 6, 21, 123),
(36582, 42, 1, 6, 3, 123),
(36583, 42, 1, 6, 9, 123),
(36584, 42, 1, 7, 6, 124),
(36585, 42, 1, 7, 24, 124),
(36586, 42, 1, 8, 9, 125),
(36587, 42, 1, 8, 1, 125),
(36588, 42, 2, 6, 4, 131),
(36589, 42, 2, 6, 16, 131),
(36590, 42, 2, 6, 22, 131),
(36591, 42, 2, 2, 8, 130),
(36592, 42, 2, 2, 14, 130),
(36596, 42, 2, 5, 13, 129),
(36597, 42, 2, 5, 19, 129),
(36598, 42, 2, 6, 21, 131),
(36599, 42, 2, 6, 15, 131),
(36600, 42, 2, 7, 18, 132),
(36601, 42, 2, 7, 24, 132),
(36602, 42, 2, 7, 6, 132),
(36603, 42, 2, 8, 17, 133),
(36604, 42, 2, 8, 1, 133),
(36605, 42, 2, 8, 9, 133),
(36606, 42, 3, 6, 16, 139),
(36607, 42, 3, 6, 22, 139),
(36608, 42, 3, 2, 14, 138),
(36609, 42, 3, 2, 2, 138),
(36613, 42, 3, 5, 1, 137),
(36614, 42, 3, 5, 13, 137),
(36615, 42, 3, 6, 15, 139),
(36616, 42, 3, 6, 3, 139),
(36617, 42, 3, 6, 21, 139),
(36618, 42, 3, 7, 24, 140),
(36619, 42, 3, 7, 12, 140),
(36620, 42, 3, 8, 1, 141),
(36621, 42, 3, 8, 9, 141),
(36622, 42, 3, 8, 25, 141),
(36623, 42, 4, 6, 4, 147),
(36624, 42, 4, 6, 10, 147),
(36625, 42, 4, 6, 22, 147),
(36626, 42, 4, 2, 8, 146),
(36627, 42, 4, 2, 2, 146),
(36630, 42, 4, 5, 19, 145),
(36631, 42, 4, 5, 13, 145),
(36632, 42, 4, 5, 1, 145),
(36633, 42, 4, 6, 9, 147),
(36634, 42, 4, 6, 21, 147),
(36635, 42, 4, 7, 12, 148),
(36636, 42, 4, 7, 24, 148),
(36637, 42, 4, 7, 18, 148),
(36638, 42, 4, 8, 17, 149),
(36639, 42, 4, 8, 25, 149),
(36640, 42, 5, 6, 22, 155),
(36641, 42, 5, 6, 16, 155),
(36642, 42, 5, 2, 8, 154),
(36643, 42, 5, 2, 14, 154),
(36644, 42, 5, 2, 2, 154),
(36647, 42, 5, 5, 7, 153),
(36648, 42, 5, 5, 19, 153),
(36649, 42, 5, 6, 15, 155),
(36650, 42, 5, 6, 21, 155),
(36651, 42, 5, 7, 12, 156),
(36652, 42, 5, 7, 18, 156),
(36653, 42, 5, 7, 6, 156),
(36654, 42, 5, 8, 25, 157),
(36655, 42, 5, 8, 1, 157),
(36656, 42, 6, 6, 16, 163),
(36657, 42, 6, 6, 10, 163),
(36658, 42, 6, 6, 22, 163),
(36659, 42, 6, 2, 14, 162),
(36660, 42, 6, 2, 8, 162),
(36664, 42, 6, 5, 7, 161),
(36665, 42, 6, 5, 13, 161),
(36666, 42, 6, 6, 21, 163),
(36667, 42, 6, 6, 3, 163),
(36668, 42, 6, 7, 18, 164),
(36669, 42, 6, 7, 6, 164),
(36670, 42, 6, 7, 24, 164),
(36671, 42, 6, 8, 9, 165),
(36672, 42, 6, 8, 1, 165),
(36673, 42, 6, 8, 17, 165),
(36674, 42, 7, 6, 4, 171),
(36675, 42, 7, 6, 10, 171),
(36676, 42, 7, 2, 14, 170),
(36677, 42, 7, 2, 8, 170),
(36680, 42, 7, 5, 1, 169),
(36681, 42, 7, 5, 13, 169),
(36682, 42, 7, 5, 7, 169),
(36683, 42, 7, 6, 3, 171),
(36684, 42, 7, 6, 21, 171),
(36685, 42, 7, 6, 9, 171),
(36686, 42, 7, 7, 12, 172),
(36687, 42, 7, 7, 24, 172),
(36688, 42, 7, 7, 18, 172),
(36689, 42, 7, 8, 25, 173),
(36690, 42, 7, 8, 9, 173),
(36691, 42, 8, 6, 22, 179),
(36692, 42, 8, 6, 4, 179),
(36693, 42, 8, 2, 20, 178),
(36694, 42, 8, 2, 8, 178),
(36697, 42, 8, 5, 13, 177),
(36698, 42, 8, 5, 1, 177),
(36699, 42, 8, 5, 7, 177),
(36700, 42, 8, 6, 3, 179),
(36701, 42, 8, 6, 9, 179),
(36702, 42, 8, 6, 21, 179),
(36703, 42, 8, 7, 24, 180),
(36704, 42, 8, 7, 12, 180),
(36705, 42, 8, 8, 25, 181),
(36706, 42, 8, 8, 17, 181),
(36707, 42, 8, 8, 1, 181),
(36708, 42, 9, 6, 10, 187),
(36709, 42, 9, 6, 4, 187),
(36710, 42, 9, 2, 2, 186),
(36711, 42, 9, 2, 8, 186),
(36715, 42, 9, 5, 1, 185),
(36716, 42, 9, 5, 7, 185),
(36717, 42, 9, 6, 9, 187),
(36718, 42, 9, 6, 3, 187),
(36719, 42, 9, 7, 6, 188),
(36720, 42, 9, 7, 24, 188),
(36721, 42, 9, 7, 18, 188),
(36722, 42, 9, 8, 9, 189),
(36723, 42, 9, 8, 25, 189),
(36724, 42, 9, 8, 17, 189),
(36725, 42, 10, 6, 10, 195),
(36726, 42, 10, 6, 4, 195),
(36727, 42, 10, 6, 22, 195),
(36728, 42, 10, 2, 20, 194),
(36729, 42, 10, 2, 14, 194),
(36730, 42, 10, 2, 2, 194),
(36734, 42, 10, 5, 13, 193),
(36735, 42, 10, 5, 7, 193),
(36736, 42, 10, 5, 19, 193),
(36737, 42, 10, 6, 21, 195),
(36738, 42, 10, 6, 3, 195),
(36739, 42, 10, 6, 15, 195),
(36740, 42, 10, 7, 18, 196),
(36741, 42, 10, 7, 24, 196),
(36742, 42, 10, 8, 9, 197),
(36743, 42, 10, 8, 1, 197),
(36744, 42, 11, 6, 16, 203),
(36745, 42, 11, 6, 4, 203),
(36746, 42, 11, 6, 22, 203),
(36747, 42, 11, 2, 8, 202),
(36748, 42, 11, 2, 14, 202),
(36752, 42, 11, 5, 13, 201),
(36753, 42, 11, 5, 1, 201),
(36754, 42, 11, 5, 19, 201),
(36755, 42, 11, 6, 21, 203),
(36756, 42, 11, 6, 15, 203),
(36757, 42, 11, 7, 18, 204),
(36758, 42, 11, 7, 12, 204),
(36759, 42, 11, 7, 24, 204),
(36760, 42, 11, 8, 1, 205),
(36761, 42, 11, 8, 17, 205),
(36762, 42, 11, 8, 9, 205),
(36763, 42, 12, 6, 4, 211),
(36764, 42, 12, 6, 10, 211),
(36765, 42, 12, 6, 16, 211),
(36766, 42, 12, 2, 20, 210),
(36767, 42, 12, 2, 8, 210),
(36768, 42, 12, 2, 14, 210),
(36772, 42, 12, 5, 1, 209),
(36773, 42, 12, 5, 13, 209),
(36774, 42, 12, 6, 3, 211),
(36775, 42, 12, 6, 15, 211),
(36776, 42, 12, 6, 21, 211),
(36777, 42, 12, 7, 24, 212),
(36778, 42, 12, 7, 18, 212),
(36779, 42, 12, 8, 25, 213),
(36780, 42, 12, 8, 9, 213),
(36781, 42, 12, 8, 17, 213),
(36782, 42, 13, 6, 4, 219),
(36783, 42, 13, 6, 22, 219),
(36784, 42, 13, 6, 10, 219),
(36785, 42, 13, 2, 2, 218),
(36786, 42, 13, 2, 8, 218),
(36787, 42, 13, 2, 20, 218),
(36791, 42, 13, 5, 7, 217),
(36792, 42, 13, 5, 13, 217),
(36793, 42, 13, 6, 3, 219),
(36794, 42, 13, 6, 9, 219),
(36795, 42, 13, 6, 15, 219),
(36796, 42, 13, 7, 18, 220),
(36797, 42, 13, 7, 6, 220),
(36798, 42, 13, 8, 25, 221),
(36799, 42, 13, 8, 1, 221),
(36800, 42, 14, 6, 22, 227),
(36801, 42, 14, 1, 4, 111),
(36802, 42, 14, 2, 14, 226),
(36803, 42, 14, 2, 20, 226),
(36807, 42, 14, 5, 19, 225),
(36808, 42, 14, 5, 13, 225),
(36809, 42, 14, 6, 3, 227),
(36810, 42, 14, 6, 9, 227),
(36811, 42, 14, 7, 18, 228),
(36812, 42, 14, 7, 12, 228),
(36813, 42, 14, 7, 6, 228),
(36814, 42, 14, 8, 1, 229),
(36815, 42, 14, 8, 9, 229),
(36816, 42, 14, 8, 25, 229),
(36817, 42, 15, 1, 22, 119),
(36818, 42, 15, 1, 10, 119),
(36819, 42, 15, 2, 20, 234),
(36820, 42, 15, 2, 8, 234),
(36821, 42, 15, 2, 2, 234),
(36825, 42, 15, 5, 7, 233),
(36826, 42, 15, 5, 19, 233),
(36827, 42, 15, 6, 15, 235),
(36828, 42, 15, 6, 9, 235),
(36829, 42, 15, 6, 3, 235),
(36830, 42, 15, 7, 18, 236),
(36831, 42, 15, 7, 24, 236),
(36832, 42, 15, 7, 6, 236),
(36833, 42, 15, 8, 9, 237),
(36834, 42, 15, 8, 25, 237),
(36835, 38, 6, 8, 14, 165),
(36836, 42, 14, 2, 2, 226),
(36837, 23, 1, 5, 3, 121),
(36838, 23, 1, 5, 5, 121),
(36839, 23, 1, 5, 7, 121),
(36840, 23, 1, 5, 10, 121),
(36841, 23, 1, 5, 14, 121),
(36842, 23, 1, 5, 26, 121),
(36844, 1, 1, 1, 1, 7),
(36845, 2, 1, 1, 1, 7),
(36846, 3, 1, 1, 1, 7),
(36847, 4, 1, 1, 1, 7),
(36848, 5, 1, 1, 1, 7),
(36849, 1, 1, 5, 1, 121),
(36850, 2, 1, 5, 1, 121),
(36851, 3, 1, 2, 1, 122),
(36852, 4, 1, 7, 1, 124),
(36853, 5, 1, 5, 1, 121),
(36854, 6, 1, 6, 1, 123),
(36855, 32, 1, 2, 1, 122),
(36856, 24, 1, 5, 1, 121),
(36857, 4, 1, 4, 1, 8),
(36858, 28, 1, 2, 1, 122),
(36859, 40, 1, 2, 1, 122),
(36860, 12, 1, 1, 1, 7),
(36861, 15, 1, 1, 1, 7),
(36862, 3, 1, 1, 1, 7),
(36863, 23, 1, 7, 1, 124),
(36864, 19, 1, 2, 1, 122),
(36865, 9, 1, 1, 1, 7),
(36866, 5, 1, 2, 1, 122),
(36867, 39, 1, 5, 1, 121),
(36868, 31, 1, 1, 1, 7),
(36869, 42, 1, 1, 1, 7),
(36870, 25, 1, 2, 1, 122),
(36871, 35, 1, 5, 1, 121),
(36872, 22, 1, 5, 1, 121),
(36873, 38, 1, 2, 1, 122),
(36874, 30, 1, 5, 1, 121),
(36875, 15, 1, 5, 3, 121),
(36876, 34, 3, 7, 1, 140),
(36877, 28, 3, 4, 1, 24),
(36878, 32, 3, 7, 1, 140),
(36879, 25, 3, 4, 4, 24),
(36880, 35, 2, 4, 5, 16),
(36881, 42, 3, 5, 3, 137),
(36882, 40, 1, 2, 3, 122),
(36883, 24, 1, 2, 5, 122),
(36884, 35, 1, 1, 3, 7),
(36885, 39, 2, 5, 5, 129),
(36886, 40, 1, 1, 5, 7),
(36887, 10, 3, 4, 2, 24),
(36888, 16, 2, 1, 3, 15),
(36889, 30, 1, 5, 5, 121),
(36890, 6, 3, 1, 1, 23),
(36891, 42, 1, 4, 3, 8),
(36892, 19, 1, 2, 4, 122),
(36893, 8, 2, 5, 2, 129),
(36894, 3, 2, 4, 2, 16),
(36895, 13, 2, 6, 3, 131),
(36896, 18, 3, 5, 5, 137),
(36897, 12, 2, 5, 2, 129),
(36898, 19, 3, 5, 1, 137),
(36899, 9, 2, 4, 3, 16),
(36900, 12, 2, 8, 3, 133),
(36901, 39, 2, 4, 4, 16),
(36902, 25, 3, 2, 2, 138),
(36903, 28, 1, 5, 5, 121),
(36904, 29, 1, 6, 1, 123),
(36905, 10, 1, 2, 3, 122),
(36906, 1, 2, 5, 1, 129),
(36907, 34, 2, 1, 5, 15),
(36908, 2, 3, 2, 5, 138),
(36909, 31, 1, 4, 5, 8),
(36910, 42, 1, 5, 4, 121),
(36911, 32, 2, 2, 1, 130),
(36912, 3, 2, 2, 4, 130),
(36913, 27, 1, 5, 2, 121),
(36914, 40, 2, 4, 2, 16),
(36915, 3, 3, 1, 4, 23),
(36916, 8, 1, 7, 1, 124),
(36917, 2, 1, 5, 1, 121),
(36918, 1, 3, 5, 1, 137),
(36919, 35, 2, 2, 3, 130),
(36920, 19, 1, 1, 2, 7),
(36921, 12, 2, 1, 3, 15),
(36922, 10, 2, 5, 2, 129),
(36923, 22, 2, 1, 4, 15),
(36924, 29, 1, 1, 2, 7),
(36925, 10, 2, 5, 3, 129),
(36926, 16, 2, 5, 2, 129),
(36927, 17, 3, 2, 3, 138),
(36928, 25, 3, 1, 1, 23),
(36929, 39, 1, 1, 2, 7),
(36930, 13, 2, 5, 3, 129),
(36931, 19, 3, 2, 1, 138),
(36932, 42, 3, 2, 3, 138),
(36933, 22, 2, 1, 3, 15),
(36934, 4, 3, 1, 2, 23),
(36935, 3, 3, 4, 3, 24),
(36936, 34, 3, 4, 5, 24),
(36937, 27, 3, 2, 5, 138),
(36938, 19, 1, 1, 2, 7),
(36939, 34, 3, 4, 5, 24),
(36940, 35, 1, 4, 2, 8),
(36941, 30, 1, 6, 2, 123),
(36942, 29, 3, 4, 2, 24),
(36943, 25, 3, 5, 2, 137),
(36944, 4, 2, 2, 1, 130),
(36945, 2, 2, 1, 4, 15),
(36946, 5, 2, 1, 3, 15),
(36947, 12, 1, 4, 5, 8),
(36948, 32, 2, 1, 3, 15),
(36949, 31, 3, 2, 1, 138),
(36950, 15, 3, 1, 1, 23),
(36951, 4, 1, 4, 1, 8),
(36952, 28, 1, 5, 4, 121),
(36953, 39, 2, 5, 5, 129),
(36954, 19, 3, 4, 5, 24),
(36955, 35, 2, 2, 5, 130),
(36956, 32, 1, 5, 3, 121),
(36957, 5, 1, 2, 2, 122),
(36958, 12, 2, 5, 3, 129),
(36959, 30, 1, 1, 4, 7),
(36960, 29, 2, 2, 2, 130),
(36961, 9, 1, 2, 1, 122),
(36962, 17, 1, 2, 5, 122),
(36963, 25, 3, 5, 3, 137),
(36964, 13, 2, 2, 5, 130),
(36965, 42, 3, 1, 1, 23),
(36966, 27, 2, 5, 4, 129),
(36967, 3, 1, 4, 5, 8),
(36968, 25, 2, 5, 1, 129),
(36970, 20, 8, 5, 1, 177),
(36971, 2, 8, 5, 27, 177),
(36975, 34, 8, 5, 6, 177),
(36976, 38, 6, 5, 26, 161),
(36979, 40, 8, 1, 1, 63),
(36980, 39, 8, 1, 1, 63),
(36981, 35, 8, 1, 1, 63),
(36984, 24, 8, 4, 1, 64),
(36985, 24, 8, 4, 2, 64),
(36986, 24, 8, 4, 3, 64),
(36990, 23, 8, 4, 1, 64),
(36991, 23, 8, 4, 2, 64),
(36992, 23, 8, 4, 3, 64),
(36994, 40, 8, 1, 2, 63),
(36995, 39, 8, 1, 3, 63),
(36996, 35, 8, 1, 2, 63);
INSERT INTO `horarios_sessao` (`id`, `id_filme`, `id_cinema`, `id_tipo_sessao`, `id_horario`, `id_sala`) VALUES
(36998, 38, 6, 6, 3, 163),
(37003, 38, 10, 4, 6, 80),
(37005, 38, 10, 4, 11, 80),
(37008, 38, 6, 5, 6, 161),
(37010, 32, 14, 8, 1, 229),
(37014, 38, 6, 4, 1, 48),
(37015, 2, 8, 4, 1, 64),
(37021, 32, 14, 5, 5, 225),
(37035, 55, 7, 4, 1, 56);

-- --------------------------------------------------------

--
-- Table structure for table `horarios_sessao_backup`
--

DROP TABLE IF EXISTS `horarios_sessao_backup`;
CREATE TABLE IF NOT EXISTS `horarios_sessao_backup` (
  `id` int NOT NULL DEFAULT '0',
  `id_filme` int NOT NULL,
  `id_cinema` int NOT NULL,
  `id_tipo_sessao` int NOT NULL,
  `id_sala` int DEFAULT NULL,
  `id_horario` int NOT NULL
) ENGINE=MyISAM DEFAULT CHARSET=utf8mb4 COLLATE=utf8mb4_0900_ai_ci;

--
-- Dumping data for table `horarios_sessao_backup`
--

INSERT INTO `horarios_sessao_backup` (`id`, `id_filme`, `id_cinema`, `id_tipo_sessao`, `id_sala`, `id_horario`) VALUES
(6451, 1, 2, 4, 9, 10),
(6450, 1, 2, 3, 9, 9),
(6449, 1, 2, 3, 9, 6),
(6448, 1, 2, 3, 9, 3),
(6447, 1, 2, 2, 9, 8),
(6446, 1, 2, 2, 9, 5),
(6445, 1, 2, 2, 9, 2),
(6444, 1, 2, 1, 9, 7),
(6443, 1, 2, 1, 9, 4),
(6442, 1, 2, 1, 9, 1),
(6441, 1, 8, 8, 64, 5),
(6440, 1, 8, 8, 64, 4),
(6439, 1, 8, 8, 64, 3),
(6438, 1, 8, 7, 63, 2),
(6437, 1, 8, 7, 63, 19),
(6436, 1, 8, 7, 63, 12),
(6435, 1, 8, 6, 57, 1),
(6434, 1, 8, 6, 57, 18),
(6433, 1, 8, 6, 57, 11),
(6432, 1, 8, 5, 57, 24),
(6431, 1, 8, 5, 57, 17),
(6430, 1, 8, 5, 57, 10),
(6429, 1, 8, 4, 57, 23),
(6428, 1, 8, 4, 57, 16),
(6427, 1, 8, 4, 57, 9),
(6426, 1, 8, 3, 57, 22),
(6425, 1, 8, 3, 57, 15),
(6424, 1, 8, 3, 57, 8),
(6423, 1, 8, 2, 57, 21),
(6422, 1, 8, 2, 57, 14),
(6421, 1, 8, 2, 57, 7),
(6420, 1, 8, 1, 57, 20),
(6419, 1, 8, 1, 57, 13),
(6418, 1, 8, 1, 57, 6),
(6417, 1, 7, 8, 56, 4),
(6416, 1, 7, 8, 56, 3),
(6415, 1, 7, 8, 56, 2),
(6414, 1, 7, 7, 55, 1),
(6413, 1, 7, 7, 55, 18),
(6412, 1, 7, 7, 55, 11),
(6411, 1, 7, 6, 49, 24),
(6410, 1, 7, 6, 49, 17),
(6409, 1, 7, 6, 49, 10),
(6408, 1, 7, 5, 49, 23),
(6407, 1, 7, 5, 49, 16),
(6406, 1, 7, 5, 49, 9),
(6405, 1, 7, 4, 49, 22),
(6404, 1, 7, 4, 49, 15),
(6403, 1, 7, 4, 49, 8),
(6402, 1, 7, 3, 49, 21),
(6401, 1, 7, 3, 49, 14),
(6400, 1, 7, 3, 49, 7),
(6399, 1, 7, 2, 49, 20),
(6398, 1, 7, 2, 49, 13),
(6397, 1, 7, 2, 49, 6),
(6396, 1, 7, 1, 49, 19),
(6395, 1, 7, 1, 49, 12),
(6394, 1, 7, 1, 49, 5),
(6393, 1, 5, 8, 40, 3),
(6392, 1, 5, 8, 40, 2),
(6391, 1, 5, 8, 40, 1),
(6390, 1, 5, 7, 39, 24),
(6389, 1, 5, 7, 39, 17),
(6388, 1, 5, 7, 39, 10),
(6387, 1, 5, 6, 33, 23),
(6386, 1, 5, 6, 33, 16),
(6385, 1, 5, 6, 33, 9),
(6384, 1, 5, 5, 33, 22),
(6383, 1, 5, 5, 33, 15),
(6382, 1, 5, 5, 33, 8),
(6381, 1, 5, 4, 33, 21),
(6380, 1, 5, 4, 33, 14),
(6379, 1, 5, 4, 33, 7),
(6378, 1, 5, 3, 33, 20),
(6377, 1, 5, 3, 33, 13),
(6376, 1, 5, 3, 33, 6),
(6375, 1, 5, 2, 33, 19),
(6374, 1, 5, 2, 33, 12),
(6373, 1, 5, 2, 33, 5),
(6372, 1, 5, 1, 33, 18),
(6371, 1, 5, 1, 33, 11),
(6370, 1, 5, 1, 33, 4),
(6369, 1, 4, 8, 32, 24),
(6368, 1, 4, 8, 32, 2),
(6367, 1, 4, 8, 32, 1),
(6366, 1, 4, 7, 31, 23),
(6365, 1, 4, 7, 31, 16),
(6364, 1, 4, 7, 31, 9),
(6363, 1, 4, 6, 25, 22),
(6362, 1, 4, 6, 25, 15),
(6361, 1, 4, 6, 25, 8),
(6360, 1, 4, 5, 25, 21),
(6359, 1, 4, 5, 25, 14),
(6358, 1, 4, 5, 25, 7),
(6357, 1, 4, 4, 25, 20),
(6356, 1, 4, 4, 25, 13),
(6355, 1, 4, 4, 25, 6),
(6354, 1, 4, 3, 25, 19),
(6353, 1, 4, 3, 25, 12),
(6352, 1, 4, 3, 25, 5),
(6351, 1, 4, 2, 25, 18),
(6350, 1, 4, 2, 25, 11),
(6349, 1, 4, 2, 25, 4),
(6348, 1, 4, 1, 25, 17),
(6347, 1, 4, 1, 25, 10),
(6346, 1, 4, 1, 25, 3),
(6345, 1, 3, 8, 24, 24),
(6344, 1, 3, 8, 24, 23),
(6343, 1, 3, 8, 24, 22),
(6342, 1, 3, 7, 23, 21),
(6341, 1, 3, 7, 23, 20),
(6340, 1, 3, 7, 23, 19),
(6339, 1, 3, 6, 17, 18),
(6338, 1, 3, 6, 17, 17),
(6337, 1, 3, 6, 17, 16),
(6336, 1, 3, 5, 17, 15),
(6335, 1, 3, 5, 17, 14),
(6334, 1, 3, 5, 17, 13),
(6333, 1, 3, 4, 17, 12),
(6332, 1, 3, 4, 17, 8),
(6331, 1, 3, 4, 17, 4),
(6330, 1, 3, 3, 17, 11),
(6329, 1, 3, 3, 17, 7),
(6328, 1, 3, 3, 17, 3),
(6327, 1, 3, 2, 17, 10),
(6326, 1, 3, 2, 17, 6),
(6325, 1, 3, 2, 17, 2),
(6324, 1, 3, 1, 17, 9),
(6323, 1, 3, 1, 17, 5),
(6322, 1, 3, 1, 17, 1),
(6321, 1, 1, 8, 8, 24),
(6320, 1, 1, 8, 8, 23),
(6319, 1, 1, 8, 8, 20),
(6318, 1, 1, 7, 7, 22),
(6317, 1, 1, 7, 7, 21),
(6316, 1, 1, 7, 7, 19),
(6315, 1, 1, 6, 1, 18),
(6314, 1, 1, 6, 1, 12),
(6313, 1, 1, 6, 1, 11),
(6312, 1, 1, 5, 1, 17),
(6311, 1, 1, 5, 1, 10),
(6310, 1, 1, 5, 1, 1),
(6309, 1, 1, 4, 1, 16),
(6308, 1, 1, 4, 1, 9),
(6307, 1, 1, 4, 1, 5),
(6306, 1, 1, 3, 1, 15),
(6305, 1, 1, 3, 1, 8),
(6304, 1, 1, 3, 1, 4),
(6303, 1, 1, 2, 1, 14),
(6302, 1, 1, 2, 1, 7),
(6301, 1, 1, 2, 1, 3),
(6300, 1, 1, 1, 1, 13),
(6299, 1, 1, 1, 1, 6),
(6298, 1, 1, 1, 1, 2),
(155, 2, 1, 1, 1, 2),
(156, 2, 1, 1, 1, 7),
(157, 2, 1, 2, NULL, 3),
(158, 2, 1, 2, NULL, 8),
(159, 2, 1, 3, NULL, 4),
(160, 2, 1, 3, NULL, 9),
(161, 2, 1, 4, NULL, 5),
(162, 2, 1, 4, NULL, 10),
(163, 2, 1, 5, NULL, 1),
(164, 2, 1, 5, NULL, 6),
(165, 2, 1, 6, NULL, 16),
(166, 2, 1, 6, NULL, 20),
(167, 2, 1, 7, NULL, 17),
(168, 2, 1, 7, NULL, 21),
(169, 2, 1, 8, NULL, 18),
(170, 2, 1, 8, NULL, 22),
(171, 2, 3, 1, 17, 3),
(172, 2, 3, 1, 17, 8),
(173, 2, 3, 2, NULL, 4),
(174, 2, 3, 2, NULL, 9),
(175, 2, 3, 3, NULL, 5),
(176, 2, 3, 3, NULL, 10),
(177, 2, 3, 4, NULL, 6),
(178, 2, 3, 4, NULL, 11),
(179, 2, 3, 5, NULL, 1),
(180, 2, 3, 5, NULL, 7),
(181, 2, 3, 6, NULL, 16),
(182, 2, 3, 6, NULL, 20),
(183, 2, 3, 7, NULL, 17),
(184, 2, 3, 7, NULL, 21),
(185, 2, 3, 8, NULL, 18),
(186, 2, 3, 8, NULL, 22),
(187, 2, 4, 1, 25, 4),
(188, 2, 4, 1, 25, 9),
(189, 2, 4, 2, NULL, 5),
(190, 2, 4, 2, NULL, 10),
(191, 2, 4, 3, NULL, 6),
(192, 2, 4, 3, NULL, 11),
(193, 2, 4, 4, NULL, 1),
(194, 2, 4, 4, NULL, 7),
(195, 2, 4, 5, NULL, 2),
(196, 2, 4, 5, NULL, 8),
(197, 2, 4, 6, NULL, 16),
(198, 2, 4, 6, NULL, 20),
(199, 2, 4, 7, NULL, 17),
(200, 2, 4, 7, NULL, 21),
(201, 2, 4, 8, NULL, 18),
(202, 2, 4, 8, NULL, 22),
(203, 2, 5, 1, 33, 5),
(204, 2, 5, 1, 33, 10),
(205, 2, 5, 2, NULL, 6),
(206, 2, 5, 2, NULL, 11),
(207, 2, 5, 3, NULL, 1),
(208, 2, 5, 3, NULL, 7),
(209, 2, 5, 4, NULL, 2),
(210, 2, 5, 4, NULL, 8),
(211, 2, 5, 5, NULL, 3),
(212, 2, 5, 5, NULL, 9),
(213, 2, 5, 6, NULL, 16),
(214, 2, 5, 6, NULL, 20),
(215, 2, 5, 7, NULL, 17),
(216, 2, 5, 7, NULL, 21),
(217, 2, 5, 8, NULL, 18),
(218, 2, 5, 8, NULL, 22),
(219, 2, 7, 1, 49, 1),
(220, 2, 7, 1, 49, 6),
(221, 2, 7, 2, NULL, 2),
(222, 2, 7, 2, NULL, 7),
(223, 2, 7, 3, NULL, 3),
(224, 2, 7, 3, NULL, 8),
(225, 2, 7, 4, NULL, 4),
(226, 2, 7, 4, NULL, 9),
(227, 2, 7, 5, NULL, 5),
(228, 2, 7, 5, NULL, 10),
(229, 2, 7, 6, NULL, 16),
(230, 2, 7, 6, NULL, 20),
(231, 2, 7, 7, NULL, 17),
(232, 2, 7, 7, NULL, 21),
(233, 2, 7, 8, NULL, 18),
(234, 2, 7, 8, NULL, 22),
(235, 2, 8, 1, 57, 2),
(236, 2, 8, 1, 57, 7),
(237, 2, 8, 2, NULL, 3),
(238, 2, 8, 2, NULL, 8),
(239, 2, 8, 3, NULL, 4),
(240, 2, 8, 3, NULL, 9),
(241, 2, 8, 4, NULL, 5),
(242, 2, 8, 4, NULL, 10),
(243, 2, 8, 5, NULL, 1),
(244, 2, 8, 5, NULL, 6),
(245, 2, 8, 6, NULL, 16),
(246, 2, 8, 6, NULL, 20),
(247, 2, 8, 7, NULL, 17),
(248, 2, 8, 7, NULL, 21),
(249, 2, 8, 8, NULL, 18),
(250, 2, 8, 8, NULL, 22),
(251, 3, 1, 1, 1, 1),
(252, 3, 1, 1, 1, 6),
(253, 3, 1, 2, NULL, 2),
(254, 3, 1, 2, NULL, 7),
(255, 3, 1, 3, NULL, 3),
(256, 3, 1, 3, NULL, 8),
(257, 3, 1, 4, NULL, 4),
(258, 3, 1, 4, NULL, 9),
(259, 3, 1, 5, NULL, 5),
(260, 3, 1, 5, NULL, 10),
(261, 3, 1, 6, NULL, 16),
(262, 3, 1, 6, NULL, 20),
(263, 3, 1, 7, NULL, 17),
(264, 3, 1, 7, NULL, 21),
(265, 3, 1, 8, NULL, 18),
(266, 3, 1, 8, NULL, 22),
(267, 3, 3, 1, 17, 2),
(268, 3, 3, 1, 17, 7),
(269, 3, 3, 2, NULL, 3),
(270, 3, 3, 2, NULL, 8),
(271, 3, 3, 3, NULL, 4),
(272, 3, 3, 3, NULL, 9),
(273, 3, 3, 4, NULL, 5),
(274, 3, 3, 4, NULL, 10),
(275, 3, 3, 5, NULL, 1),
(276, 3, 3, 5, NULL, 6),
(277, 3, 3, 6, NULL, 16),
(278, 3, 3, 6, NULL, 20),
(279, 3, 3, 7, NULL, 17),
(280, 3, 3, 7, NULL, 21),
(281, 3, 3, 8, NULL, 18),
(282, 3, 3, 8, NULL, 22),
(283, 3, 4, 1, 25, 3),
(284, 3, 4, 1, 25, 8),
(285, 3, 4, 2, NULL, 4),
(286, 3, 4, 2, NULL, 9),
(287, 3, 4, 3, NULL, 5),
(288, 3, 4, 3, NULL, 10),
(289, 3, 4, 4, NULL, 6),
(290, 3, 4, 4, NULL, 11),
(291, 3, 4, 5, NULL, 1),
(292, 3, 4, 5, NULL, 7),
(293, 3, 4, 6, NULL, 16),
(294, 3, 4, 6, NULL, 20),
(295, 3, 4, 7, NULL, 17),
(296, 3, 4, 7, NULL, 21),
(297, 3, 4, 8, NULL, 18),
(298, 3, 4, 8, NULL, 22),
(299, 3, 5, 1, 33, 2),
(300, 3, 5, 1, 33, 7),
(301, 3, 5, 2, NULL, 3),
(302, 3, 5, 2, NULL, 8),
(303, 3, 5, 3, NULL, 4),
(304, 3, 5, 3, NULL, 9),
(305, 3, 5, 4, NULL, 5),
(306, 3, 5, 4, NULL, 10),
(307, 3, 5, 5, NULL, 1),
(308, 3, 5, 5, NULL, 6),
(309, 3, 5, 6, NULL, 16),
(310, 3, 5, 6, NULL, 20),
(311, 3, 5, 7, NULL, 17),
(312, 3, 5, 7, NULL, 21),
(313, 3, 5, 8, NULL, 18),
(314, 3, 5, 8, NULL, 22),
(315, 3, 7, 1, 49, 1),
(316, 3, 7, 1, 49, 6),
(317, 3, 7, 2, NULL, 2),
(318, 3, 7, 2, NULL, 7),
(319, 3, 7, 3, NULL, 3),
(320, 3, 7, 3, NULL, 8),
(321, 3, 7, 4, NULL, 4),
(322, 3, 7, 4, NULL, 9),
(323, 3, 7, 5, NULL, 5),
(324, 3, 7, 5, NULL, 10),
(325, 3, 7, 6, NULL, 16),
(326, 3, 7, 6, NULL, 20),
(327, 3, 7, 7, NULL, 17),
(328, 3, 7, 7, NULL, 21),
(329, 3, 7, 8, NULL, 18),
(330, 3, 7, 8, NULL, 22),
(331, 3, 8, 1, 57, 2),
(332, 3, 8, 1, 57, 7),
(333, 3, 8, 2, NULL, 3),
(334, 3, 8, 2, NULL, 8),
(335, 3, 8, 3, NULL, 4),
(336, 3, 8, 3, NULL, 9),
(337, 3, 8, 4, NULL, 5),
(338, 3, 8, 4, NULL, 10),
(339, 3, 8, 5, NULL, 1),
(340, 3, 8, 5, NULL, 6),
(341, 3, 8, 6, NULL, 16),
(342, 3, 8, 6, NULL, 20),
(343, 3, 8, 7, NULL, 17),
(344, 3, 8, 7, NULL, 21),
(345, 3, 8, 8, NULL, 18),
(346, 3, 8, 8, NULL, 22),
(347, 3, 1, 1, 1, 1),
(348, 3, 1, 1, 1, 6),
(349, 3, 1, 2, NULL, 2),
(350, 3, 1, 2, NULL, 7),
(351, 3, 1, 3, NULL, 3),
(352, 3, 1, 3, NULL, 8),
(353, 3, 1, 4, NULL, 4),
(354, 3, 1, 4, NULL, 9),
(355, 3, 1, 5, NULL, 5),
(356, 3, 1, 5, NULL, 10),
(357, 3, 1, 6, NULL, 16),
(358, 3, 1, 6, NULL, 20),
(359, 3, 1, 7, NULL, 17),
(360, 3, 1, 7, NULL, 21),
(361, 3, 1, 8, NULL, 18),
(362, 3, 1, 8, NULL, 22),
(363, 3, 3, 1, 17, 2),
(364, 3, 3, 1, 17, 7),
(365, 3, 3, 2, NULL, 3),
(366, 3, 3, 2, NULL, 8),
(367, 3, 3, 3, NULL, 4),
(368, 3, 3, 3, NULL, 9),
(369, 3, 3, 4, NULL, 5),
(370, 3, 3, 4, NULL, 10),
(371, 3, 3, 5, NULL, 1),
(372, 3, 3, 5, NULL, 6),
(373, 3, 3, 6, NULL, 16),
(374, 3, 3, 6, NULL, 20),
(375, 3, 3, 7, NULL, 17),
(376, 3, 3, 7, NULL, 21),
(377, 3, 3, 8, NULL, 18),
(378, 3, 3, 8, NULL, 22),
(379, 3, 4, 1, 25, 3),
(380, 3, 4, 1, 25, 8),
(381, 3, 4, 2, NULL, 4),
(382, 3, 4, 2, NULL, 9),
(383, 3, 4, 3, NULL, 5),
(384, 3, 4, 3, NULL, 10),
(385, 3, 4, 4, NULL, 6),
(386, 3, 4, 4, NULL, 11),
(387, 3, 4, 5, NULL, 1),
(388, 3, 4, 5, NULL, 7),
(389, 3, 4, 6, NULL, 16),
(390, 3, 4, 6, NULL, 20),
(391, 3, 4, 7, NULL, 17),
(392, 3, 4, 7, NULL, 21),
(393, 3, 4, 8, NULL, 18),
(394, 3, 4, 8, NULL, 22),
(395, 3, 5, 1, 33, 2),
(396, 3, 5, 1, 33, 7),
(397, 3, 5, 2, NULL, 3),
(398, 3, 5, 2, NULL, 8),
(399, 3, 5, 3, NULL, 4),
(400, 3, 5, 3, NULL, 9),
(401, 3, 5, 4, NULL, 5),
(402, 3, 5, 4, NULL, 10),
(403, 3, 5, 5, NULL, 1),
(404, 3, 5, 5, NULL, 6),
(405, 3, 5, 6, NULL, 16),
(406, 3, 5, 6, NULL, 20),
(407, 3, 5, 7, NULL, 17),
(408, 3, 5, 7, NULL, 21),
(409, 3, 5, 8, NULL, 18),
(410, 3, 5, 8, NULL, 22),
(411, 3, 7, 1, 49, 1),
(412, 3, 7, 1, 49, 6),
(413, 3, 7, 2, NULL, 2),
(414, 3, 7, 2, NULL, 7),
(415, 3, 7, 3, NULL, 3),
(416, 3, 7, 3, NULL, 8),
(417, 3, 7, 4, NULL, 4),
(418, 3, 7, 4, NULL, 9),
(419, 3, 7, 5, NULL, 5),
(420, 3, 7, 5, NULL, 10),
(421, 3, 7, 6, NULL, 16),
(422, 3, 7, 6, NULL, 20),
(423, 3, 7, 7, NULL, 17),
(424, 3, 7, 7, NULL, 21),
(425, 3, 7, 8, NULL, 18),
(426, 3, 7, 8, NULL, 22),
(427, 3, 8, 1, 57, 2),
(428, 3, 8, 1, 57, 7),
(429, 3, 8, 2, NULL, 3),
(430, 3, 8, 2, NULL, 8),
(431, 3, 8, 3, NULL, 4),
(432, 3, 8, 3, NULL, 9),
(433, 3, 8, 4, NULL, 5),
(434, 3, 8, 4, NULL, 10),
(435, 3, 8, 5, NULL, 1),
(436, 3, 8, 5, NULL, 6),
(437, 3, 8, 6, NULL, 16),
(438, 3, 8, 6, NULL, 20),
(439, 3, 8, 7, NULL, 17),
(440, 3, 8, 7, NULL, 21),
(441, 3, 8, 8, NULL, 18),
(442, 3, 8, 8, NULL, 22),
(443, 4, 1, 1, 1, 1),
(444, 4, 1, 1, 1, 6),
(445, 4, 1, 2, NULL, 2),
(446, 4, 1, 2, NULL, 7),
(447, 4, 1, 3, NULL, 3),
(448, 4, 1, 3, NULL, 8),
(449, 4, 1, 4, NULL, 4),
(450, 4, 1, 4, NULL, 9),
(451, 4, 1, 5, NULL, 5),
(452, 4, 1, 5, NULL, 10),
(453, 4, 1, 6, NULL, 16),
(454, 4, 1, 6, NULL, 20),
(455, 4, 1, 7, NULL, 17),
(456, 4, 1, 7, NULL, 21),
(457, 4, 1, 8, NULL, 18),
(458, 4, 1, 8, NULL, 22),
(459, 4, 3, 1, 17, 2),
(460, 4, 3, 1, 17, 7),
(461, 4, 3, 2, NULL, 3),
(462, 4, 3, 2, NULL, 8),
(463, 4, 3, 3, NULL, 4),
(464, 4, 3, 3, NULL, 9),
(465, 4, 3, 4, NULL, 5),
(466, 4, 3, 4, NULL, 10),
(467, 4, 3, 5, NULL, 1),
(468, 4, 3, 5, NULL, 6),
(469, 4, 3, 6, NULL, 16),
(470, 4, 3, 6, NULL, 20),
(471, 4, 3, 7, NULL, 17),
(472, 4, 3, 7, NULL, 21),
(473, 4, 3, 8, NULL, 18),
(474, 4, 3, 8, NULL, 22),
(475, 4, 4, 1, 25, 3),
(476, 4, 4, 1, 25, 8),
(477, 4, 4, 2, NULL, 4),
(478, 4, 4, 2, NULL, 9),
(479, 4, 4, 3, NULL, 5),
(480, 4, 4, 3, NULL, 10),
(481, 4, 4, 4, NULL, 6),
(482, 4, 4, 4, NULL, 11),
(483, 4, 4, 5, NULL, 1),
(484, 4, 4, 5, NULL, 7),
(485, 4, 4, 6, NULL, 16),
(486, 4, 4, 6, NULL, 20),
(487, 4, 4, 7, NULL, 17),
(488, 4, 4, 7, NULL, 21),
(489, 4, 4, 8, NULL, 18),
(490, 4, 4, 8, NULL, 22),
(491, 5, 1, 1, 1, 1),
(492, 5, 1, 1, 1, 6),
(493, 5, 1, 2, NULL, 2),
(494, 5, 1, 2, NULL, 7),
(495, 5, 1, 3, NULL, 3),
(496, 5, 1, 3, NULL, 8),
(497, 5, 1, 4, NULL, 4),
(498, 5, 1, 4, NULL, 9),
(499, 5, 1, 5, NULL, 5),
(500, 5, 1, 5, NULL, 10),
(501, 5, 1, 6, NULL, 16),
(502, 5, 1, 6, NULL, 20),
(503, 5, 1, 7, NULL, 17),
(504, 5, 1, 7, NULL, 21),
(505, 5, 1, 8, NULL, 18),
(506, 5, 1, 8, NULL, 22),
(507, 5, 3, 1, 17, 2),
(508, 5, 3, 1, 17, 7),
(509, 5, 3, 2, NULL, 3),
(510, 5, 3, 2, NULL, 8),
(511, 5, 3, 3, NULL, 4),
(512, 5, 3, 3, NULL, 9),
(513, 5, 3, 4, NULL, 5),
(514, 5, 3, 4, NULL, 10),
(515, 5, 3, 5, NULL, 1),
(516, 5, 3, 5, NULL, 6),
(517, 5, 3, 6, NULL, 16),
(518, 5, 3, 6, NULL, 20),
(519, 5, 3, 7, NULL, 17),
(520, 5, 3, 7, NULL, 21),
(521, 5, 3, 8, NULL, 18),
(522, 5, 3, 8, NULL, 22),
(523, 6, 1, 1, 1, 1),
(524, 6, 1, 1, 1, 6),
(525, 6, 1, 2, NULL, 2),
(526, 6, 1, 2, NULL, 7),
(527, 6, 1, 3, NULL, 3),
(528, 6, 1, 3, NULL, 8),
(529, 6, 1, 4, NULL, 4),
(530, 6, 1, 4, NULL, 9),
(531, 6, 1, 5, NULL, 5),
(532, 6, 1, 5, NULL, 10),
(533, 6, 1, 6, NULL, 16),
(534, 6, 1, 6, NULL, 20),
(535, 6, 1, 7, NULL, 17),
(536, 6, 1, 7, NULL, 21),
(537, 6, 1, 8, NULL, 18),
(538, 6, 1, 8, NULL, 22),
(539, 6, 3, 1, 17, 2),
(540, 6, 3, 1, 17, 7),
(541, 6, 3, 2, NULL, 3),
(542, 6, 3, 2, NULL, 8),
(543, 6, 3, 3, NULL, 4),
(544, 6, 3, 3, NULL, 9),
(545, 6, 3, 4, NULL, 5),
(546, 6, 3, 4, NULL, 10),
(547, 6, 3, 5, NULL, 1),
(548, 6, 3, 5, NULL, 6),
(549, 6, 3, 6, NULL, 16),
(550, 6, 3, 6, NULL, 20),
(551, 6, 3, 7, NULL, 17),
(552, 6, 3, 7, NULL, 21),
(553, 6, 3, 8, NULL, 18),
(554, 6, 3, 8, NULL, 22),
(555, 4, 5, 1, 33, 1),
(556, 4, 5, 1, 33, 6),
(557, 4, 5, 2, NULL, 2),
(558, 4, 5, 2, NULL, 7),
(559, 4, 5, 3, NULL, 3),
(560, 4, 5, 3, NULL, 8),
(561, 4, 5, 4, NULL, 4),
(562, 4, 5, 4, NULL, 9),
(563, 4, 5, 5, NULL, 5),
(564, 4, 5, 5, NULL, 10),
(565, 4, 5, 6, NULL, 16),
(566, 4, 5, 6, NULL, 20),
(567, 4, 5, 7, NULL, 17),
(568, 4, 5, 7, NULL, 21),
(569, 4, 5, 8, NULL, 18),
(570, 4, 5, 8, NULL, 22),
(571, 4, 7, 1, 49, 2),
(572, 4, 7, 1, 49, 7),
(573, 4, 7, 2, NULL, 3),
(574, 4, 7, 2, NULL, 8),
(575, 4, 7, 3, NULL, 4),
(576, 4, 7, 3, NULL, 9),
(577, 4, 7, 4, NULL, 5),
(578, 4, 7, 4, NULL, 10),
(579, 4, 7, 5, NULL, 1),
(580, 4, 7, 5, NULL, 6),
(581, 4, 7, 6, NULL, 16),
(582, 4, 7, 6, NULL, 20),
(583, 4, 7, 7, NULL, 17),
(584, 4, 7, 7, NULL, 21),
(585, 4, 7, 8, NULL, 18),
(586, 4, 7, 8, NULL, 22),
(587, 4, 8, 1, 57, 3),
(588, 4, 8, 1, 57, 8),
(589, 4, 8, 2, NULL, 4),
(590, 4, 8, 2, NULL, 9),
(591, 4, 8, 3, NULL, 5),
(592, 4, 8, 3, NULL, 10),
(593, 4, 8, 4, NULL, 6),
(594, 4, 8, 4, NULL, 11),
(595, 4, 8, 5, NULL, 1),
(596, 4, 8, 5, NULL, 7),
(597, 4, 8, 6, NULL, 16),
(598, 4, 8, 6, NULL, 20),
(599, 4, 8, 7, NULL, 17),
(600, 4, 8, 7, NULL, 21),
(601, 4, 8, 8, NULL, 18),
(602, 4, 8, 8, NULL, 22),
(603, 5, 1, 1, 1, 1),
(604, 5, 1, 1, 1, 6),
(605, 5, 1, 2, NULL, 2),
(606, 5, 1, 2, NULL, 7),
(607, 5, 1, 3, NULL, 3),
(608, 5, 1, 3, NULL, 8),
(609, 5, 1, 4, NULL, 4),
(610, 5, 1, 4, NULL, 9),
(611, 5, 1, 5, NULL, 5),
(612, 5, 1, 5, NULL, 10),
(613, 5, 1, 6, NULL, 16),
(614, 5, 1, 6, NULL, 20),
(615, 5, 1, 7, NULL, 17),
(616, 5, 1, 7, NULL, 21),
(617, 5, 1, 8, NULL, 18),
(618, 5, 1, 8, NULL, 22),
(619, 5, 3, 1, 17, 2),
(620, 5, 3, 1, 17, 7),
(621, 5, 3, 2, NULL, 3),
(622, 5, 3, 2, NULL, 8),
(623, 5, 3, 3, NULL, 4),
(624, 5, 3, 3, NULL, 9),
(625, 5, 3, 4, NULL, 5),
(626, 5, 3, 4, NULL, 10),
(627, 5, 3, 5, NULL, 1),
(628, 5, 3, 5, NULL, 6),
(629, 5, 3, 6, NULL, 16),
(630, 5, 3, 6, NULL, 20),
(631, 5, 3, 7, NULL, 17),
(632, 5, 3, 7, NULL, 21),
(633, 5, 3, 8, NULL, 18),
(634, 5, 3, 8, NULL, 22),
(635, 4, 1, 1, 1, 1),
(636, 4, 1, 1, 1, 6),
(637, 4, 1, 2, NULL, 2),
(638, 4, 1, 2, NULL, 7),
(639, 4, 1, 3, NULL, 3),
(640, 4, 1, 3, NULL, 8),
(641, 4, 1, 4, NULL, 4),
(642, 4, 1, 4, NULL, 9),
(643, 4, 1, 5, NULL, 5),
(644, 4, 1, 5, NULL, 10),
(645, 4, 1, 6, NULL, 16),
(646, 4, 1, 7, NULL, 17),
(647, 4, 1, 8, NULL, 18),
(648, 4, 3, 1, 17, 2),
(649, 4, 3, 1, 17, 7),
(650, 4, 3, 2, NULL, 3),
(651, 4, 3, 2, NULL, 8),
(652, 4, 3, 3, NULL, 4),
(653, 4, 3, 3, NULL, 9),
(654, 4, 3, 4, NULL, 5),
(655, 4, 3, 4, NULL, 10),
(656, 4, 3, 5, NULL, 1),
(657, 4, 3, 5, NULL, 6),
(658, 4, 3, 6, NULL, 16),
(659, 4, 3, 7, NULL, 17),
(660, 4, 3, 8, NULL, 18),
(661, 4, 4, 1, 25, 3),
(662, 4, 4, 1, 25, 8),
(663, 4, 4, 2, NULL, 4),
(664, 4, 4, 2, NULL, 9),
(665, 4, 4, 3, NULL, 5),
(666, 4, 4, 3, NULL, 10),
(667, 4, 4, 4, NULL, 6),
(668, 4, 4, 4, NULL, 11),
(669, 4, 4, 5, NULL, 1),
(670, 4, 4, 5, NULL, 7),
(671, 4, 4, 6, NULL, 16),
(672, 4, 4, 7, NULL, 17),
(673, 4, 4, 8, NULL, 18),
(674, 4, 5, 1, 33, 2),
(675, 4, 5, 1, 33, 7),
(676, 4, 5, 2, NULL, 3),
(677, 4, 5, 2, NULL, 8),
(678, 4, 5, 3, NULL, 4),
(679, 4, 5, 3, NULL, 9),
(680, 4, 5, 4, NULL, 5),
(681, 4, 5, 4, NULL, 10),
(682, 4, 5, 5, NULL, 1),
(683, 4, 5, 5, NULL, 6),
(684, 4, 5, 6, NULL, 16),
(685, 4, 5, 7, NULL, 17),
(686, 4, 5, 8, NULL, 18),
(687, 4, 7, 1, 49, 3),
(688, 4, 7, 1, 49, 8),
(689, 4, 7, 2, NULL, 4),
(690, 4, 7, 2, NULL, 9),
(691, 4, 7, 3, NULL, 5),
(692, 4, 7, 3, NULL, 10),
(693, 4, 7, 4, NULL, 6),
(694, 4, 7, 4, NULL, 11),
(695, 4, 7, 5, NULL, 1),
(696, 4, 7, 5, NULL, 7),
(697, 4, 7, 6, NULL, 16),
(698, 4, 7, 7, NULL, 17),
(699, 4, 7, 8, NULL, 18),
(700, 4, 8, 1, 57, 4),
(701, 4, 8, 1, 57, 9),
(702, 4, 8, 2, NULL, 5),
(703, 4, 8, 2, NULL, 10),
(704, 4, 8, 3, NULL, 6),
(705, 4, 8, 3, NULL, 11),
(706, 4, 8, 4, NULL, 1),
(707, 4, 8, 4, NULL, 7),
(708, 4, 8, 5, NULL, 2),
(709, 4, 8, 5, NULL, 8),
(710, 4, 8, 6, NULL, 16),
(711, 4, 8, 7, NULL, 17),
(712, 4, 8, 8, NULL, 18),
(713, 5, 1, 1, 1, 1),
(714, 5, 1, 1, 1, 6),
(715, 5, 1, 2, NULL, 2),
(716, 5, 1, 2, NULL, 7),
(717, 5, 1, 3, NULL, 3),
(718, 5, 1, 3, NULL, 8),
(719, 5, 1, 4, NULL, 4),
(720, 5, 1, 4, NULL, 9),
(721, 5, 1, 5, NULL, 5),
(722, 5, 1, 5, NULL, 10),
(723, 5, 1, 6, NULL, 16),
(724, 5, 1, 7, NULL, 17),
(725, 5, 1, 8, NULL, 18),
(726, 5, 3, 1, 17, 2),
(727, 5, 3, 1, 17, 7),
(728, 5, 3, 2, NULL, 3),
(729, 5, 3, 2, NULL, 8),
(730, 5, 3, 3, NULL, 4),
(731, 5, 3, 3, NULL, 9),
(732, 5, 3, 4, NULL, 5),
(733, 5, 3, 4, NULL, 10),
(734, 5, 3, 5, NULL, 1),
(735, 5, 3, 5, NULL, 6),
(736, 5, 3, 6, NULL, 16),
(737, 5, 3, 7, NULL, 17),
(738, 5, 3, 8, NULL, 18),
(739, 5, 4, 1, 25, 3),
(740, 5, 4, 1, 25, 8),
(741, 5, 4, 2, NULL, 4),
(742, 5, 4, 2, NULL, 9),
(743, 5, 4, 3, NULL, 5),
(744, 5, 4, 3, NULL, 10),
(745, 5, 4, 4, NULL, 6),
(746, 5, 4, 4, NULL, 11),
(747, 5, 4, 5, NULL, 1),
(748, 5, 4, 5, NULL, 7),
(749, 5, 4, 6, NULL, 16),
(750, 5, 4, 7, NULL, 17),
(751, 5, 4, 8, NULL, 18),
(752, 5, 7, 1, 49, 4),
(753, 5, 7, 1, 49, 9),
(754, 5, 7, 2, NULL, 5),
(755, 5, 7, 2, NULL, 10),
(756, 5, 7, 3, NULL, 6),
(757, 5, 7, 3, NULL, 11),
(758, 5, 7, 4, NULL, 1),
(759, 5, 7, 4, NULL, 7),
(760, 5, 7, 5, NULL, 2),
(761, 5, 7, 5, NULL, 8),
(762, 5, 7, 6, NULL, 16),
(763, 5, 7, 7, NULL, 17),
(764, 5, 7, 8, NULL, 18),
(765, 5, 8, 1, 57, 5),
(766, 5, 8, 1, 57, 10),
(767, 5, 8, 2, NULL, 6),
(768, 5, 8, 2, NULL, 11),
(769, 5, 8, 3, NULL, 1),
(770, 5, 8, 3, NULL, 7),
(771, 5, 8, 4, NULL, 2),
(772, 5, 8, 4, NULL, 8),
(773, 5, 8, 5, NULL, 3),
(774, 5, 8, 5, NULL, 9),
(775, 5, 8, 6, NULL, 16),
(776, 5, 8, 7, NULL, 17),
(777, 5, 8, 8, NULL, 18),
(778, 5, 5, 1, 33, 1),
(779, 5, 5, 1, 33, 6),
(780, 5, 5, 2, NULL, 2),
(781, 5, 5, 2, NULL, 7),
(782, 5, 5, 3, NULL, 3),
(783, 5, 5, 3, NULL, 8),
(784, 5, 5, 4, NULL, 4),
(785, 5, 5, 4, NULL, 9),
(786, 5, 5, 5, NULL, 5),
(787, 5, 5, 5, NULL, 10),
(788, 5, 5, 6, NULL, 16),
(789, 5, 5, 7, NULL, 17),
(790, 5, 5, 8, NULL, 18),
(791, 6, 1, 1, 1, 1),
(792, 6, 1, 1, 1, 6),
(793, 6, 1, 2, NULL, 2),
(794, 6, 1, 2, NULL, 7),
(795, 6, 1, 3, NULL, 3),
(796, 6, 1, 3, NULL, 8),
(797, 6, 1, 4, NULL, 4),
(798, 6, 1, 4, NULL, 9),
(799, 6, 1, 5, NULL, 5),
(800, 6, 1, 5, NULL, 10),
(801, 6, 1, 6, NULL, 16),
(802, 6, 1, 7, NULL, 17),
(803, 6, 1, 8, NULL, 18),
(804, 6, 3, 1, 17, 1),
(805, 6, 3, 1, 17, 6),
(806, 6, 3, 2, NULL, 2),
(807, 6, 3, 2, NULL, 7),
(808, 6, 3, 3, NULL, 3),
(809, 6, 3, 3, NULL, 8),
(810, 6, 3, 4, NULL, 4),
(811, 6, 3, 4, NULL, 9),
(812, 6, 3, 5, NULL, 5),
(813, 6, 3, 5, NULL, 10),
(814, 6, 3, 6, NULL, 16),
(815, 6, 3, 7, NULL, 17),
(816, 6, 3, 8, NULL, 18),
(817, 6, 4, 1, 25, 1),
(818, 6, 4, 1, 25, 6),
(819, 6, 4, 2, NULL, 2),
(820, 6, 4, 2, NULL, 7),
(821, 6, 4, 3, NULL, 3),
(822, 6, 4, 3, NULL, 8),
(823, 6, 4, 4, NULL, 4),
(824, 6, 4, 4, NULL, 9),
(825, 6, 4, 5, NULL, 5),
(826, 6, 4, 5, NULL, 10),
(827, 6, 4, 6, NULL, 16),
(828, 6, 4, 7, NULL, 17),
(829, 6, 4, 8, NULL, 18),
(830, 6, 7, 1, 49, 1),
(831, 6, 7, 1, 49, 6),
(832, 6, 7, 2, NULL, 2),
(833, 6, 7, 2, NULL, 7),
(834, 6, 7, 3, NULL, 3),
(835, 6, 7, 3, NULL, 8),
(836, 6, 7, 4, NULL, 4),
(837, 6, 7, 4, NULL, 9),
(838, 6, 7, 5, NULL, 5),
(839, 6, 7, 5, NULL, 10),
(840, 6, 7, 6, NULL, 16),
(841, 6, 7, 7, NULL, 17),
(842, 6, 7, 8, NULL, 18),
(843, 6, 8, 1, 57, 1),
(844, 6, 8, 1, 57, 6),
(845, 6, 8, 2, NULL, 2),
(846, 6, 8, 2, NULL, 7),
(847, 6, 8, 3, NULL, 3),
(848, 6, 8, 3, NULL, 8),
(849, 6, 8, 4, NULL, 4),
(850, 6, 8, 4, NULL, 9),
(851, 6, 8, 5, NULL, 5),
(852, 6, 8, 5, NULL, 10),
(853, 6, 8, 6, NULL, 16),
(854, 6, 8, 7, NULL, 17),
(855, 6, 8, 8, NULL, 18),
(856, 6, 5, 1, 33, 1),
(857, 6, 5, 1, 33, 6),
(858, 6, 5, 2, NULL, 2),
(859, 6, 5, 2, NULL, 7),
(860, 6, 5, 3, NULL, 3),
(861, 6, 5, 3, NULL, 8),
(862, 6, 5, 4, NULL, 4),
(863, 6, 5, 4, NULL, 9),
(864, 6, 5, 5, NULL, 5),
(865, 6, 5, 5, NULL, 10),
(866, 6, 5, 6, NULL, 16),
(867, 6, 5, 7, NULL, 17),
(868, 6, 5, 8, NULL, 18),
(869, 7, 1, 1, 1, 1),
(870, 7, 1, 1, 1, 6),
(871, 7, 1, 2, NULL, 2),
(872, 7, 1, 2, NULL, 7),
(873, 7, 1, 3, NULL, 3),
(874, 7, 1, 3, NULL, 8),
(875, 7, 1, 4, NULL, 4),
(876, 7, 1, 4, NULL, 9),
(877, 7, 1, 5, NULL, 5),
(878, 7, 1, 5, NULL, 10),
(879, 7, 1, 6, NULL, 16),
(880, 7, 1, 7, NULL, 17),
(881, 7, 1, 8, NULL, 18),
(882, 7, 3, 1, 17, 1),
(883, 7, 3, 1, 17, 6),
(884, 7, 3, 2, NULL, 2),
(885, 7, 3, 2, NULL, 7),
(886, 7, 3, 3, NULL, 3),
(887, 7, 3, 3, NULL, 8),
(888, 7, 3, 4, NULL, 4),
(889, 7, 3, 4, NULL, 9),
(890, 7, 3, 5, NULL, 5),
(891, 7, 3, 5, NULL, 10),
(892, 7, 3, 6, NULL, 16),
(893, 7, 3, 7, NULL, 17),
(894, 7, 3, 8, NULL, 18),
(895, 7, 4, 1, 25, 1),
(896, 7, 4, 1, 25, 6),
(897, 7, 4, 2, NULL, 2),
(898, 7, 4, 2, NULL, 7),
(899, 7, 4, 3, NULL, 3),
(900, 7, 4, 3, NULL, 8),
(901, 7, 4, 4, NULL, 4),
(902, 7, 4, 4, NULL, 9),
(903, 7, 4, 5, NULL, 5),
(904, 7, 4, 5, NULL, 10),
(905, 7, 4, 6, NULL, 16),
(906, 7, 4, 7, NULL, 17),
(907, 7, 4, 8, NULL, 18),
(908, 7, 5, 1, 33, 1),
(909, 7, 5, 1, 33, 6),
(910, 7, 5, 2, NULL, 2),
(911, 7, 5, 2, NULL, 7),
(912, 7, 5, 3, NULL, 3),
(913, 7, 5, 3, NULL, 8),
(914, 7, 5, 4, NULL, 4),
(915, 7, 5, 4, NULL, 9),
(916, 7, 5, 5, NULL, 5),
(917, 7, 5, 5, NULL, 10),
(918, 7, 5, 6, NULL, 16),
(919, 7, 5, 7, NULL, 17),
(920, 7, 5, 8, NULL, 18),
(921, 7, 7, 1, 49, 1),
(922, 7, 7, 1, 49, 6),
(923, 7, 7, 2, NULL, 2),
(924, 7, 7, 2, NULL, 7),
(925, 7, 7, 3, NULL, 3),
(926, 7, 7, 3, NULL, 8),
(927, 7, 7, 4, NULL, 4),
(928, 7, 7, 4, NULL, 9),
(929, 7, 7, 5, NULL, 5),
(930, 7, 7, 5, NULL, 10),
(931, 7, 7, 6, NULL, 16),
(932, 7, 7, 7, NULL, 17),
(933, 7, 7, 8, NULL, 18),
(934, 7, 8, 1, 57, 1),
(935, 7, 8, 1, 57, 6),
(936, 7, 8, 2, NULL, 2),
(937, 7, 8, 2, NULL, 7),
(938, 7, 8, 3, NULL, 3),
(939, 7, 8, 3, NULL, 8),
(940, 7, 8, 4, NULL, 4),
(941, 7, 8, 4, NULL, 9),
(942, 7, 8, 5, NULL, 5),
(943, 7, 8, 5, NULL, 10),
(944, 7, 8, 6, NULL, 16),
(945, 7, 8, 7, NULL, 17),
(946, 7, 8, 8, NULL, 18),
(947, 8, 1, 1, 1, 1),
(948, 8, 1, 1, 1, 6),
(949, 8, 1, 2, NULL, 2),
(950, 8, 1, 2, NULL, 7),
(951, 8, 1, 3, NULL, 3),
(952, 8, 1, 3, NULL, 8),
(953, 8, 1, 4, NULL, 4),
(954, 8, 1, 4, NULL, 9),
(955, 8, 1, 5, NULL, 5),
(956, 8, 1, 5, NULL, 10),
(957, 8, 1, 6, NULL, 16),
(958, 8, 1, 7, NULL, 17),
(959, 8, 1, 8, NULL, 18),
(960, 8, 3, 1, 17, 1),
(961, 8, 3, 1, 17, 6),
(962, 8, 3, 2, NULL, 2),
(963, 8, 3, 2, NULL, 7),
(964, 8, 3, 3, NULL, 3),
(965, 8, 3, 3, NULL, 8),
(966, 8, 3, 4, NULL, 4),
(967, 8, 3, 4, NULL, 9),
(968, 8, 3, 5, NULL, 5),
(969, 8, 3, 5, NULL, 10),
(970, 8, 3, 6, NULL, 16),
(971, 8, 3, 7, NULL, 17),
(972, 8, 3, 8, NULL, 18),
(973, 8, 4, 1, 25, 1),
(974, 8, 4, 1, 25, 6),
(975, 8, 4, 2, NULL, 2),
(976, 8, 4, 2, NULL, 7),
(977, 8, 4, 3, NULL, 3),
(978, 8, 4, 3, NULL, 8),
(979, 8, 4, 4, NULL, 4),
(980, 8, 4, 4, NULL, 9),
(981, 8, 4, 5, NULL, 5),
(982, 8, 4, 5, NULL, 10),
(983, 8, 4, 6, NULL, 16),
(984, 8, 4, 7, NULL, 17),
(985, 8, 4, 8, NULL, 18),
(986, 8, 5, 1, 33, 1),
(987, 8, 5, 1, 33, 6),
(988, 8, 5, 2, NULL, 2),
(989, 8, 5, 2, NULL, 7),
(990, 8, 5, 3, NULL, 3),
(991, 8, 5, 3, NULL, 8),
(992, 8, 5, 4, NULL, 4),
(993, 8, 5, 4, NULL, 9),
(994, 8, 5, 5, NULL, 5),
(995, 8, 5, 5, NULL, 10),
(996, 8, 5, 6, NULL, 16),
(997, 8, 5, 7, NULL, 17),
(998, 8, 5, 8, NULL, 18),
(999, 8, 7, 1, 49, 1),
(1000, 8, 7, 1, 49, 6),
(1001, 8, 7, 2, NULL, 2),
(1002, 8, 7, 2, NULL, 7),
(1003, 8, 7, 3, NULL, 3),
(1004, 8, 7, 3, NULL, 8),
(1005, 8, 7, 4, NULL, 4),
(1006, 8, 7, 4, NULL, 9),
(1007, 8, 7, 5, NULL, 5),
(1008, 8, 7, 5, NULL, 10),
(1009, 8, 7, 6, NULL, 16),
(1010, 8, 7, 7, NULL, 17),
(1011, 8, 7, 8, NULL, 18),
(1012, 8, 8, 1, 57, 1),
(1013, 8, 8, 1, 57, 6),
(1014, 8, 8, 2, NULL, 2),
(1015, 8, 8, 2, NULL, 7),
(1016, 8, 8, 3, NULL, 3),
(1017, 8, 8, 3, NULL, 8),
(1018, 8, 8, 4, NULL, 4),
(1019, 8, 8, 4, NULL, 9),
(1020, 8, 8, 5, NULL, 5),
(1021, 8, 8, 5, NULL, 10),
(1022, 8, 8, 6, NULL, 16),
(1023, 8, 8, 7, NULL, 17),
(1024, 8, 8, 8, NULL, 18),
(5618, 16, 3, 6, NULL, 15),
(5617, 16, 3, 6, NULL, 8),
(5616, 16, 3, 5, NULL, 21),
(5615, 16, 3, 5, NULL, 14),
(5614, 16, 3, 5, NULL, 7),
(5613, 16, 3, 4, NULL, 20),
(5612, 16, 3, 4, NULL, 13),
(5611, 16, 3, 4, NULL, 6),
(5610, 16, 3, 3, NULL, 19),
(5609, 16, 3, 3, NULL, 12),
(5608, 16, 3, 3, NULL, 5),
(5607, 16, 3, 2, NULL, 18),
(5606, 16, 3, 2, NULL, 11),
(5605, 16, 3, 2, NULL, 4),
(5604, 16, 3, 1, 17, 17),
(5603, 16, 3, 1, 17, 10),
(5602, 16, 3, 1, 17, 3),
(5601, 16, 1, 8, NULL, 24),
(5600, 16, 1, 8, NULL, 23),
(5599, 16, 1, 8, NULL, 22),
(5598, 16, 1, 7, NULL, 21),
(5597, 16, 1, 7, NULL, 20),
(5596, 16, 1, 7, NULL, 19),
(5595, 16, 1, 6, NULL, 18),
(5594, 16, 1, 6, NULL, 8),
(5593, 16, 1, 6, NULL, 1),
(5592, 16, 1, 5, NULL, 17),
(5591, 16, 1, 5, NULL, 12),
(5590, 16, 1, 5, NULL, 6),
(5589, 16, 1, 4, NULL, 16),
(5588, 16, 1, 4, NULL, 11),
(5587, 16, 1, 4, NULL, 5),
(5586, 16, 1, 3, NULL, 15),
(5585, 16, 1, 3, NULL, 10),
(5584, 16, 1, 3, NULL, 4),
(5583, 16, 1, 2, NULL, 14),
(5582, 16, 1, 2, NULL, 9),
(5581, 16, 1, 2, NULL, 3),
(5580, 16, 1, 1, 1, 13),
(5579, 16, 1, 1, 1, 7),
(5578, 16, 1, 1, 1, 2),
(5577, 15, 8, 8, NULL, 5),
(5576, 15, 8, 8, NULL, 4),
(5575, 15, 8, 8, NULL, 3),
(5574, 15, 8, 7, NULL, 2),
(5573, 15, 8, 7, NULL, 1),
(5572, 15, 8, 7, NULL, 24),
(5571, 15, 8, 6, NULL, 23),
(5570, 15, 8, 6, NULL, 17),
(5569, 15, 8, 6, NULL, 11),
(5568, 15, 8, 5, NULL, 22),
(5567, 15, 8, 5, NULL, 16),
(5566, 15, 8, 5, NULL, 10),
(5565, 15, 8, 4, NULL, 21),
(5564, 15, 8, 4, NULL, 15),
(5563, 15, 8, 4, NULL, 9),
(5562, 15, 8, 3, NULL, 20),
(5561, 15, 8, 3, NULL, 14),
(5560, 15, 8, 3, NULL, 8),
(5559, 15, 8, 2, NULL, 19),
(5558, 15, 8, 2, NULL, 13),
(5557, 15, 8, 2, NULL, 7),
(5556, 15, 8, 1, 57, 18),
(5555, 15, 8, 1, 57, 12),
(5554, 15, 8, 1, 57, 6),
(5553, 15, 7, 8, NULL, 4),
(5552, 15, 7, 8, NULL, 3),
(5551, 15, 7, 8, NULL, 2),
(5550, 15, 7, 7, NULL, 1),
(5549, 15, 7, 7, NULL, 24),
(5548, 15, 7, 7, NULL, 23),
(5547, 15, 7, 6, NULL, 22),
(5546, 15, 7, 6, NULL, 16),
(5545, 15, 7, 6, NULL, 10),
(5544, 15, 7, 5, NULL, 21),
(5543, 15, 7, 5, NULL, 15),
(5542, 15, 7, 5, NULL, 9),
(5541, 15, 7, 4, NULL, 20),
(5540, 15, 7, 4, NULL, 14),
(5539, 15, 7, 4, NULL, 8),
(5538, 15, 7, 3, NULL, 19),
(5537, 15, 7, 3, NULL, 13),
(5536, 15, 7, 3, NULL, 7),
(5535, 15, 7, 2, NULL, 18),
(5534, 15, 7, 2, NULL, 12),
(5533, 15, 7, 2, NULL, 6),
(5532, 15, 7, 1, 49, 17),
(5531, 15, 7, 1, 49, 11),
(5530, 15, 7, 1, 49, 5),
(5529, 15, 5, 8, NULL, 3),
(5528, 15, 5, 8, NULL, 2),
(5527, 15, 5, 8, NULL, 1),
(5526, 15, 5, 7, NULL, 24),
(5525, 15, 5, 7, NULL, 23),
(5524, 15, 5, 7, NULL, 22),
(5523, 15, 5, 6, NULL, 21),
(5522, 15, 5, 6, NULL, 15),
(5521, 15, 5, 6, NULL, 9),
(5520, 15, 5, 5, NULL, 20),
(5519, 15, 5, 5, NULL, 14),
(5518, 15, 5, 5, NULL, 8),
(5517, 15, 5, 4, NULL, 19),
(5516, 15, 5, 4, NULL, 13),
(5515, 15, 5, 4, NULL, 7),
(5514, 15, 5, 3, NULL, 18),
(5513, 15, 5, 3, NULL, 12),
(5512, 15, 5, 3, NULL, 6),
(5511, 15, 5, 2, NULL, 17),
(5510, 15, 5, 2, NULL, 11),
(5509, 15, 5, 2, NULL, 5),
(5508, 15, 5, 1, 33, 16),
(5507, 15, 5, 1, 33, 10),
(5506, 15, 5, 1, 33, 4),
(5505, 15, 4, 8, NULL, 22),
(5504, 15, 4, 8, NULL, 2),
(5503, 15, 4, 8, NULL, 1),
(5502, 15, 4, 7, NULL, 24),
(5501, 15, 4, 7, NULL, 23),
(5500, 15, 4, 7, NULL, 21),
(5499, 15, 4, 6, NULL, 20),
(5498, 15, 4, 6, NULL, 14),
(5497, 15, 4, 6, NULL, 8),
(5496, 15, 4, 5, NULL, 19),
(5495, 15, 4, 5, NULL, 13),
(5494, 15, 4, 5, NULL, 7),
(5493, 15, 4, 4, NULL, 18),
(5492, 15, 4, 4, NULL, 12),
(5491, 15, 4, 4, NULL, 6),
(5490, 15, 4, 3, NULL, 17),
(5489, 15, 4, 3, NULL, 11),
(5488, 15, 4, 3, NULL, 5),
(5487, 15, 4, 2, NULL, 16),
(5486, 15, 4, 2, NULL, 10),
(5485, 15, 4, 2, NULL, 4),
(5484, 15, 4, 1, 25, 15),
(5483, 15, 4, 1, 25, 9),
(5482, 15, 4, 1, 25, 3),
(5481, 15, 3, 8, NULL, 23),
(5480, 15, 3, 8, NULL, 21),
(5479, 15, 3, 8, NULL, 20),
(5478, 15, 3, 7, NULL, 24),
(5477, 15, 3, 7, NULL, 22),
(5476, 15, 3, 7, NULL, 19),
(5475, 15, 3, 6, NULL, 13),
(5474, 15, 3, 6, NULL, 7),
(5473, 15, 3, 6, NULL, 1),
(5472, 15, 3, 5, NULL, 18),
(5471, 15, 3, 5, NULL, 12),
(5470, 15, 3, 5, NULL, 6),
(5469, 15, 3, 4, NULL, 17),
(5468, 15, 3, 4, NULL, 11),
(5467, 15, 3, 4, NULL, 5),
(5466, 15, 3, 3, NULL, 16),
(5465, 15, 3, 3, NULL, 10),
(5464, 15, 3, 3, NULL, 4),
(5463, 15, 3, 2, NULL, 15),
(5462, 15, 3, 2, NULL, 9),
(5461, 15, 3, 2, NULL, 3),
(5460, 15, 3, 1, 17, 14),
(5459, 15, 3, 1, 17, 8),
(5458, 15, 3, 1, 17, 2),
(5457, 15, 1, 8, NULL, 24),
(5456, 15, 1, 8, NULL, 22),
(5455, 15, 1, 8, NULL, 20),
(5454, 15, 1, 7, NULL, 23),
(5453, 15, 1, 7, NULL, 21),
(5452, 15, 1, 7, NULL, 19),
(5451, 15, 1, 6, NULL, 18),
(5450, 15, 1, 6, NULL, 17),
(5449, 15, 1, 6, NULL, 16),
(5448, 15, 1, 5, NULL, 15),
(5447, 15, 1, 5, NULL, 10),
(5446, 15, 1, 5, NULL, 5),
(5445, 15, 1, 4, NULL, 14),
(5444, 15, 1, 4, NULL, 9),
(5443, 15, 1, 4, NULL, 4),
(5442, 15, 1, 3, NULL, 13),
(5441, 15, 1, 3, NULL, 8),
(5440, 15, 1, 3, NULL, 3),
(5439, 15, 1, 2, NULL, 12),
(5438, 15, 1, 2, NULL, 7),
(5437, 15, 1, 2, NULL, 2),
(5436, 15, 1, 1, 1, 11),
(5435, 15, 1, 1, 1, 6),
(5434, 15, 1, 1, 1, 1),
(4713, 14, 8, 8, NULL, 24),
(4712, 14, 8, 8, NULL, 23),
(4711, 14, 8, 8, NULL, 22),
(4710, 14, 8, 7, NULL, 21),
(4709, 14, 8, 7, NULL, 18),
(4708, 14, 8, 7, NULL, 15),
(4707, 14, 8, 6, NULL, 20),
(4706, 14, 8, 6, NULL, 17),
(4705, 14, 8, 6, NULL, 14),
(4704, 14, 8, 5, NULL, 19),
(4703, 14, 8, 5, NULL, 16),
(4702, 14, 8, 5, NULL, 13),
(4701, 14, 8, 4, NULL, 12),
(4700, 14, 8, 4, NULL, 8),
(4699, 14, 8, 4, NULL, 4),
(4698, 14, 8, 3, NULL, 11),
(4697, 14, 8, 3, NULL, 7),
(4696, 14, 8, 3, NULL, 3),
(4695, 14, 8, 2, NULL, 10),
(4694, 14, 8, 2, NULL, 6),
(4693, 14, 8, 2, NULL, 2),
(4692, 14, 8, 1, 57, 9),
(4691, 14, 8, 1, 57, 5),
(4690, 14, 8, 1, 57, 1),
(4689, 14, 7, 8, NULL, 24),
(4688, 14, 7, 8, NULL, 21),
(4687, 14, 7, 8, NULL, 18),
(4686, 14, 7, 7, NULL, 23),
(4685, 14, 7, 7, NULL, 20),
(4684, 14, 7, 7, NULL, 17),
(4683, 14, 7, 6, NULL, 22),
(4682, 14, 7, 6, NULL, 19),
(4681, 14, 7, 6, NULL, 16),
(4680, 14, 7, 5, NULL, 21),
(4679, 14, 7, 5, NULL, 18),
(4678, 14, 7, 5, NULL, 15),
(4677, 14, 7, 4, NULL, 14),
(4676, 14, 7, 4, NULL, 10),
(4675, 14, 7, 4, NULL, 6),
(4674, 14, 7, 3, NULL, 13),
(4673, 14, 7, 3, NULL, 9),
(4672, 14, 7, 3, NULL, 5),
(4671, 14, 7, 2, NULL, 12),
(4670, 14, 7, 2, NULL, 8),
(4669, 14, 7, 2, NULL, 4),
(4668, 14, 7, 1, 49, 11),
(4667, 14, 7, 1, 49, 7),
(4666, 14, 7, 1, 49, 3),
(4665, 14, 5, 8, NULL, 1),
(4664, 14, 5, 8, NULL, 23),
(4663, 14, 5, 8, NULL, 21),
(4662, 14, 5, 7, NULL, 24),
(4661, 14, 5, 7, NULL, 22),
(4660, 14, 5, 7, NULL, 20),
(4659, 14, 5, 6, NULL, 19),
(4658, 14, 5, 6, NULL, 16),
(4657, 14, 5, 6, NULL, 13),
(4656, 14, 5, 5, NULL, 18),
(4655, 14, 5, 5, NULL, 15),
(4654, 14, 5, 5, NULL, 12),
(4653, 14, 5, 4, NULL, 17),
(4652, 14, 5, 4, NULL, 14),
(4651, 14, 5, 4, NULL, 11),
(4650, 14, 5, 3, NULL, 10),
(4649, 14, 5, 3, NULL, 7),
(4648, 14, 5, 3, NULL, 4),
(4647, 14, 5, 2, NULL, 9),
(4646, 14, 5, 2, NULL, 6),
(4645, 14, 5, 2, NULL, 3),
(4644, 14, 5, 1, 33, 8),
(4643, 14, 5, 1, 33, 5),
(4642, 14, 5, 1, 33, 2),
(4641, 14, 4, 8, NULL, 2),
(4640, 14, 4, 8, NULL, 1),
(4639, 14, 4, 8, NULL, 24),
(4638, 14, 4, 7, NULL, 23),
(4637, 14, 4, 7, NULL, 22),
(4636, 14, 4, 7, NULL, 21),
(4635, 14, 4, 6, NULL, 20),
(4634, 14, 4, 6, NULL, 17),
(4633, 14, 4, 6, NULL, 14),
(4632, 14, 4, 5, NULL, 19),
(4631, 14, 4, 5, NULL, 16),
(4630, 14, 4, 5, NULL, 13),
(4629, 14, 4, 4, NULL, 18),
(4628, 14, 4, 4, NULL, 15),
(4627, 14, 4, 4, NULL, 12),
(4626, 14, 4, 3, NULL, 11),
(4625, 14, 4, 3, NULL, 8),
(4624, 14, 4, 3, NULL, 5),
(4623, 14, 4, 2, NULL, 10),
(4622, 14, 4, 2, NULL, 7),
(4621, 14, 4, 2, NULL, 4),
(4620, 14, 4, 1, 25, 9),
(4619, 14, 4, 1, 25, 6),
(4618, 14, 4, 1, 25, 3),
(4617, 14, 3, 8, NULL, 24),
(4616, 14, 3, 8, NULL, 23),
(4615, 14, 3, 8, NULL, 22),
(4614, 14, 3, 7, NULL, 21),
(4613, 14, 3, 7, NULL, 18),
(4612, 14, 3, 7, NULL, 15),
(4611, 14, 3, 6, NULL, 20),
(4610, 14, 3, 6, NULL, 17),
(4609, 14, 3, 6, NULL, 14),
(4608, 14, 3, 5, NULL, 19),
(4607, 14, 3, 5, NULL, 16),
(4606, 14, 3, 5, NULL, 13),
(4605, 14, 3, 4, NULL, 12),
(4604, 14, 3, 4, NULL, 8),
(4603, 14, 3, 4, NULL, 4),
(4602, 14, 3, 3, NULL, 11),
(4601, 14, 3, 3, NULL, 7),
(4600, 14, 3, 3, NULL, 3),
(4599, 14, 3, 2, NULL, 10),
(4598, 14, 3, 2, NULL, 6),
(4597, 14, 3, 2, NULL, 2),
(4596, 14, 3, 1, 17, 9),
(4595, 14, 3, 1, 17, 5),
(4594, 14, 3, 1, 17, 1),
(4593, 14, 1, 8, NULL, 22),
(4592, 14, 1, 8, NULL, 19),
(4591, 14, 1, 8, NULL, 16),
(4590, 14, 1, 7, NULL, 21),
(4589, 14, 1, 7, NULL, 18),
(4588, 14, 1, 7, NULL, 15),
(4587, 14, 1, 6, NULL, 20),
(4586, 14, 1, 6, NULL, 17),
(4585, 14, 1, 6, NULL, 14),
(4584, 14, 1, 5, NULL, 7),
(4583, 14, 1, 5, NULL, 4),
(4582, 14, 1, 5, NULL, 1),
(4581, 14, 1, 4, NULL, 13),
(4580, 14, 1, 4, NULL, 9),
(4579, 14, 1, 4, NULL, 5),
(4578, 14, 1, 3, NULL, 12),
(4577, 14, 1, 3, NULL, 8),
(4576, 14, 1, 3, NULL, 4),
(4575, 14, 1, 2, NULL, 11),
(4574, 14, 1, 2, NULL, 7),
(4573, 14, 1, 2, NULL, 3),
(4572, 14, 1, 1, 1, 10),
(4571, 14, 1, 1, 1, 6),
(4570, 14, 1, 1, 1, 2),
(3993, 13, 8, 8, NULL, 25),
(3992, 13, 8, 8, NULL, 24),
(3991, 13, 8, 8, NULL, 23),
(3990, 13, 8, 7, NULL, 22),
(3989, 13, 8, 7, NULL, 19),
(3988, 13, 8, 7, NULL, 16),
(3987, 13, 8, 6, NULL, 21),
(3986, 13, 8, 6, NULL, 18),
(3985, 13, 8, 6, NULL, 15),
(3984, 13, 8, 5, NULL, 20),
(3983, 13, 8, 5, NULL, 17),
(3982, 13, 8, 5, NULL, 14),
(3981, 13, 8, 4, NULL, 13),
(3980, 13, 8, 4, NULL, 9),
(3979, 13, 8, 4, NULL, 5),
(3978, 13, 8, 3, NULL, 12),
(3977, 13, 8, 3, NULL, 8),
(3976, 13, 8, 3, NULL, 4),
(3975, 13, 8, 2, NULL, 11),
(3974, 13, 8, 2, NULL, 7),
(3973, 13, 8, 2, NULL, 3),
(3972, 13, 8, 1, 57, 10),
(3971, 13, 8, 1, 57, 6),
(3970, 13, 8, 1, 57, 2),
(3969, 13, 7, 8, NULL, 24),
(3968, 13, 7, 8, NULL, 23),
(3967, 13, 7, 8, NULL, 22),
(3966, 13, 7, 7, NULL, 21),
(3965, 13, 7, 7, NULL, 18),
(3964, 13, 7, 7, NULL, 15),
(3963, 13, 7, 6, NULL, 20),
(3962, 13, 7, 6, NULL, 17),
(3961, 13, 7, 6, NULL, 14),
(3960, 13, 7, 5, NULL, 19),
(3959, 13, 7, 5, NULL, 16),
(3958, 13, 7, 5, NULL, 13),
(3957, 13, 7, 4, NULL, 12),
(3956, 13, 7, 4, NULL, 8),
(3955, 13, 7, 4, NULL, 4),
(3954, 13, 7, 3, NULL, 11),
(3953, 13, 7, 3, NULL, 7),
(3952, 13, 7, 3, NULL, 3),
(3951, 13, 7, 2, NULL, 10),
(3950, 13, 7, 2, NULL, 6),
(3949, 13, 7, 2, NULL, 2),
(3948, 13, 7, 1, 49, 9),
(3947, 13, 7, 1, 49, 5),
(3946, 13, 7, 1, 49, 1),
(3945, 13, 5, 8, NULL, 25),
(3944, 13, 5, 8, NULL, 24),
(3943, 13, 5, 8, NULL, 23),
(3942, 13, 5, 7, NULL, 22),
(3941, 13, 5, 7, NULL, 19),
(3940, 13, 5, 7, NULL, 16),
(3939, 13, 5, 6, NULL, 21),
(3938, 13, 5, 6, NULL, 18),
(3937, 13, 5, 6, NULL, 15),
(3936, 13, 5, 5, NULL, 20),
(3935, 13, 5, 5, NULL, 17),
(3934, 13, 5, 5, NULL, 14),
(3933, 13, 5, 4, NULL, 13),
(3932, 13, 5, 4, NULL, 9),
(3931, 13, 5, 4, NULL, 5),
(3930, 13, 5, 3, NULL, 12),
(3929, 13, 5, 3, NULL, 8),
(3928, 13, 5, 3, NULL, 4),
(3927, 13, 5, 2, NULL, 11),
(3926, 13, 5, 2, NULL, 7),
(3925, 13, 5, 2, NULL, 3),
(3924, 13, 5, 1, 33, 10),
(3923, 13, 5, 1, 33, 6),
(3922, 13, 5, 1, 33, 2),
(3921, 13, 4, 8, NULL, 24),
(3920, 13, 4, 8, NULL, 23),
(3919, 13, 4, 8, NULL, 22),
(3918, 13, 4, 7, NULL, 21),
(3917, 13, 4, 7, NULL, 18),
(3916, 13, 4, 7, NULL, 15),
(3915, 13, 4, 6, NULL, 20),
(3914, 13, 4, 6, NULL, 17),
(3913, 13, 4, 6, NULL, 14),
(3912, 13, 4, 5, NULL, 19),
(3911, 13, 4, 5, NULL, 16),
(3910, 13, 4, 5, NULL, 13),
(3909, 13, 4, 4, NULL, 12),
(3908, 13, 4, 4, NULL, 8),
(3907, 13, 4, 4, NULL, 4),
(3906, 13, 4, 3, NULL, 11),
(3905, 13, 4, 3, NULL, 7),
(3904, 13, 4, 3, NULL, 3),
(3903, 13, 4, 2, NULL, 10),
(3902, 13, 4, 2, NULL, 6),
(3901, 13, 4, 2, NULL, 2),
(3900, 13, 4, 1, 25, 9),
(3899, 13, 4, 1, 25, 5),
(3898, 13, 4, 1, 25, 1),
(3849, 12, 8, 8, NULL, 24),
(3848, 12, 8, 8, NULL, 22),
(3847, 12, 8, 8, NULL, 20),
(3846, 12, 8, 7, NULL, 23),
(3845, 12, 8, 7, NULL, 21),
(3844, 12, 8, 7, NULL, 19),
(3843, 12, 8, 6, NULL, 18),
(3842, 12, 8, 6, NULL, 15),
(3841, 12, 8, 6, NULL, 12),
(3840, 12, 8, 5, NULL, 17),
(3839, 12, 8, 5, NULL, 14),
(3838, 12, 8, 5, NULL, 11),
(3837, 12, 8, 4, NULL, 16),
(3836, 12, 8, 4, NULL, 13),
(3835, 12, 8, 4, NULL, 10),
(3834, 12, 8, 3, NULL, 9),
(3833, 12, 8, 3, NULL, 6),
(3832, 12, 8, 3, NULL, 3),
(3831, 12, 8, 2, NULL, 8),
(3830, 12, 8, 2, NULL, 5),
(3829, 12, 8, 2, NULL, 2),
(3828, 12, 8, 1, 57, 7),
(3827, 12, 8, 1, 57, 4),
(3826, 12, 8, 1, 57, 1),
(3825, 12, 7, 8, NULL, 22),
(3824, 12, 7, 8, NULL, 19),
(3823, 12, 7, 8, NULL, 16),
(3822, 12, 7, 7, NULL, 21),
(3821, 12, 7, 7, NULL, 18),
(3820, 12, 7, 7, NULL, 15),
(3819, 12, 7, 6, NULL, 20),
(3818, 12, 7, 6, NULL, 17),
(3817, 12, 7, 6, NULL, 14),
(3816, 12, 7, 5, NULL, 7),
(3815, 12, 7, 5, NULL, 4),
(3814, 12, 7, 5, NULL, 1),
(3813, 12, 7, 4, NULL, 13),
(3812, 12, 7, 4, NULL, 9),
(3811, 12, 7, 4, NULL, 5),
(3810, 12, 7, 3, NULL, 12),
(3809, 12, 7, 3, NULL, 8),
(3808, 12, 7, 3, NULL, 4),
(3807, 12, 7, 2, NULL, 11),
(3806, 12, 7, 2, NULL, 7),
(3805, 12, 7, 2, NULL, 3),
(3804, 12, 7, 1, 49, 10),
(3803, 12, 7, 1, 49, 6),
(3802, 12, 7, 1, 49, 2),
(3801, 12, 5, 8, NULL, 21),
(3800, 12, 5, 8, NULL, 18),
(3799, 12, 5, 8, NULL, 15),
(3798, 12, 5, 7, NULL, 20),
(3797, 12, 5, 7, NULL, 17),
(3796, 12, 5, 7, NULL, 14),
(3795, 12, 5, 6, NULL, 19),
(3794, 12, 5, 6, NULL, 16),
(3793, 12, 5, 6, NULL, 13),
(3792, 12, 5, 5, NULL, 7),
(3791, 12, 5, 5, NULL, 4),
(3790, 12, 5, 5, NULL, 1),
(3789, 12, 5, 4, NULL, 12),
(3788, 12, 5, 4, NULL, 8),
(3787, 12, 5, 4, NULL, 4),
(3786, 12, 5, 3, NULL, 11),
(3785, 12, 5, 3, NULL, 7),
(3784, 12, 5, 3, NULL, 3),
(3783, 12, 5, 2, NULL, 10),
(3782, 12, 5, 2, NULL, 6),
(3781, 12, 5, 2, NULL, 2),
(3780, 12, 5, 1, 33, 9),
(3779, 12, 5, 1, 33, 5),
(3778, 12, 5, 1, 33, 1),
(3777, 12, 4, 8, NULL, 22),
(3776, 12, 4, 8, NULL, 19),
(3775, 12, 4, 8, NULL, 16),
(3774, 12, 4, 7, NULL, 21),
(3773, 12, 4, 7, NULL, 18),
(3772, 12, 4, 7, NULL, 15),
(3771, 12, 4, 6, NULL, 20),
(3770, 12, 4, 6, NULL, 17),
(3769, 12, 4, 6, NULL, 14),
(3768, 12, 4, 5, NULL, 7),
(3767, 12, 4, 5, NULL, 4),
(3766, 12, 4, 5, NULL, 1),
(3765, 12, 4, 4, NULL, 13),
(3764, 12, 4, 4, NULL, 9),
(3763, 12, 4, 4, NULL, 5),
(3762, 12, 4, 3, NULL, 12),
(3761, 12, 4, 3, NULL, 8),
(3760, 12, 4, 3, NULL, 4),
(3759, 12, 4, 2, NULL, 11),
(3758, 12, 4, 2, NULL, 7),
(3757, 12, 4, 2, NULL, 3),
(3756, 12, 4, 1, 25, 10),
(3755, 12, 4, 1, 25, 6),
(3754, 12, 4, 1, 25, 2),
(3897, 13, 3, 8, NULL, 25),
(3896, 13, 3, 8, NULL, 24),
(3895, 13, 3, 8, NULL, 23),
(3894, 13, 3, 7, NULL, 22),
(3893, 13, 3, 7, NULL, 19),
(3892, 13, 3, 7, NULL, 16),
(3891, 13, 3, 6, NULL, 21),
(3890, 13, 3, 6, NULL, 18),
(3889, 13, 3, 6, NULL, 15),
(3888, 13, 3, 5, NULL, 20),
(3887, 13, 3, 5, NULL, 17),
(3886, 13, 3, 5, NULL, 14),
(3885, 13, 3, 4, NULL, 13),
(3884, 13, 3, 4, NULL, 9),
(3883, 13, 3, 4, NULL, 5),
(3882, 13, 3, 3, NULL, 12),
(3881, 13, 3, 3, NULL, 8),
(3880, 13, 3, 3, NULL, 4),
(3879, 13, 3, 2, NULL, 11),
(3878, 13, 3, 2, NULL, 7),
(3877, 13, 3, 2, NULL, 3),
(3876, 13, 3, 1, 17, 10),
(3875, 13, 3, 1, 17, 6),
(3874, 13, 3, 1, 17, 2),
(3873, 13, 1, 8, NULL, 24),
(3872, 13, 1, 8, NULL, 22),
(3871, 13, 1, 8, NULL, 20),
(3870, 13, 1, 7, NULL, 23),
(3869, 13, 1, 7, NULL, 21),
(3868, 13, 1, 7, NULL, 19),
(3867, 13, 1, 6, NULL, 18),
(3866, 13, 1, 6, NULL, 15),
(3865, 13, 1, 6, NULL, 12),
(3864, 13, 1, 5, NULL, 17),
(3863, 13, 1, 5, NULL, 14),
(3862, 13, 1, 5, NULL, 11),
(3861, 13, 1, 4, NULL, 16),
(3860, 13, 1, 4, NULL, 13),
(3859, 13, 1, 4, NULL, 10),
(3858, 13, 1, 3, NULL, 9),
(3857, 13, 1, 3, NULL, 6),
(3856, 13, 1, 3, NULL, 3),
(3855, 13, 1, 2, NULL, 8),
(3854, 13, 1, 2, NULL, 5),
(3853, 13, 1, 2, NULL, 2),
(3852, 13, 1, 1, 1, 7),
(3851, 13, 1, 1, 1, 4),
(3850, 13, 1, 1, 1, 1),
(3753, 12, 3, 8, NULL, 21),
(3752, 12, 3, 8, NULL, 18),
(3751, 12, 3, 8, NULL, 15),
(3750, 12, 3, 7, NULL, 20),
(3749, 12, 3, 7, NULL, 17),
(3748, 12, 3, 7, NULL, 14),
(3747, 12, 3, 6, NULL, 19),
(3746, 12, 3, 6, NULL, 16),
(3745, 12, 3, 6, NULL, 13),
(3744, 12, 3, 5, NULL, 9),
(3743, 12, 3, 5, NULL, 5),
(3742, 12, 3, 5, NULL, 1),
(3741, 12, 3, 4, NULL, 12),
(3740, 12, 3, 4, NULL, 8),
(3739, 12, 3, 4, NULL, 4),
(3738, 12, 3, 3, NULL, 11),
(3737, 12, 3, 3, NULL, 7),
(3736, 12, 3, 3, NULL, 3),
(3735, 12, 3, 2, NULL, 10),
(3734, 12, 3, 2, NULL, 6),
(3733, 12, 3, 2, NULL, 2),
(3732, 12, 3, 1, 17, 9),
(3731, 12, 3, 1, 17, 5),
(3730, 12, 3, 1, 17, 1),
(3729, 12, 1, 8, NULL, 24),
(3728, 12, 1, 8, NULL, 22),
(3727, 12, 1, 8, NULL, 20),
(3726, 12, 1, 7, NULL, 23),
(3725, 12, 1, 7, NULL, 21),
(3724, 12, 1, 7, NULL, 19),
(3723, 12, 1, 6, NULL, 18),
(3722, 12, 1, 6, NULL, 15),
(3721, 12, 1, 6, NULL, 12),
(3720, 12, 1, 5, NULL, 17),
(3719, 12, 1, 5, NULL, 14),
(3718, 12, 1, 5, NULL, 11),
(3717, 12, 1, 4, NULL, 16),
(3716, 12, 1, 4, NULL, 13),
(3715, 12, 1, 4, NULL, 10),
(3714, 12, 1, 3, NULL, 9),
(3713, 12, 1, 3, NULL, 6),
(3712, 12, 1, 3, NULL, 3),
(3711, 12, 1, 2, NULL, 8),
(3710, 12, 1, 2, NULL, 5),
(3709, 12, 1, 2, NULL, 2),
(3708, 12, 1, 1, 1, 7),
(3707, 12, 1, 1, 1, 4),
(3706, 12, 1, 1, 1, 1),
(3561, 9, 8, 8, NULL, 22),
(3560, 9, 8, 8, NULL, 18),
(3559, 9, 8, 7, NULL, 21),
(3558, 9, 8, 7, NULL, 17),
(3557, 9, 8, 6, NULL, 20),
(3556, 9, 8, 6, NULL, 16),
(3555, 9, 8, 5, NULL, 6),
(3554, 9, 8, 5, NULL, 1),
(3553, 9, 8, 4, NULL, 10),
(3552, 9, 8, 4, NULL, 5),
(3551, 9, 8, 3, NULL, 9),
(3550, 9, 8, 3, NULL, 4),
(3549, 9, 8, 2, NULL, 8),
(3548, 9, 8, 2, NULL, 3),
(3547, 9, 8, 1, 57, 7),
(3546, 9, 8, 1, 57, 2),
(3545, 9, 7, 8, NULL, 22),
(3544, 9, 7, 8, NULL, 18),
(3543, 9, 7, 7, NULL, 21),
(3542, 9, 7, 7, NULL, 17),
(3541, 9, 7, 6, NULL, 20),
(3540, 9, 7, 6, NULL, 16),
(3539, 9, 7, 5, NULL, 10),
(3538, 9, 7, 5, NULL, 5),
(3537, 9, 7, 4, NULL, 9),
(3536, 9, 7, 4, NULL, 4),
(3535, 9, 7, 3, NULL, 8),
(3534, 9, 7, 3, NULL, 3),
(3533, 9, 7, 2, NULL, 7),
(3532, 9, 7, 2, NULL, 2),
(3531, 9, 7, 1, 49, 6),
(3530, 9, 7, 1, 49, 1),
(3529, 9, 5, 8, NULL, 22),
(3528, 9, 5, 8, NULL, 18),
(3527, 9, 5, 7, NULL, 21),
(3526, 9, 5, 7, NULL, 17),
(3525, 9, 5, 6, NULL, 20),
(3524, 9, 5, 6, NULL, 16),
(3523, 9, 5, 5, NULL, 9),
(3522, 9, 5, 5, NULL, 3),
(3521, 9, 5, 4, NULL, 8),
(3520, 9, 5, 4, NULL, 2),
(3519, 9, 5, 3, NULL, 7),
(3518, 9, 5, 3, NULL, 1),
(3517, 9, 5, 2, NULL, 11),
(3516, 9, 5, 2, NULL, 6),
(3515, 9, 5, 1, 33, 10),
(3514, 9, 5, 1, 33, 5),
(3513, 9, 4, 8, NULL, 22),
(3512, 9, 4, 8, NULL, 18),
(3511, 9, 4, 7, NULL, 21),
(3510, 9, 4, 7, NULL, 17),
(3509, 9, 4, 6, NULL, 20),
(3508, 9, 4, 6, NULL, 16),
(3507, 9, 4, 5, NULL, 8),
(3506, 9, 4, 5, NULL, 2),
(3505, 9, 4, 4, NULL, 7),
(3504, 9, 4, 4, NULL, 1),
(3503, 9, 4, 3, NULL, 11),
(3502, 9, 4, 3, NULL, 6),
(3501, 9, 4, 2, NULL, 10),
(3500, 9, 4, 2, NULL, 5),
(3499, 9, 4, 1, 25, 9),
(3498, 9, 4, 1, 25, 4),
(3497, 9, 3, 8, NULL, 22),
(3496, 9, 3, 8, NULL, 18),
(3495, 9, 3, 7, NULL, 21),
(3494, 9, 3, 7, NULL, 17),
(3493, 9, 3, 6, NULL, 20),
(3492, 9, 3, 6, NULL, 16),
(3491, 9, 3, 5, NULL, 7),
(3490, 9, 3, 5, NULL, 1),
(3489, 9, 3, 4, NULL, 11),
(3488, 9, 3, 4, NULL, 6),
(3487, 9, 3, 3, NULL, 10),
(3486, 9, 3, 3, NULL, 5),
(3485, 9, 3, 2, NULL, 9),
(3484, 9, 3, 2, NULL, 4),
(3483, 9, 3, 1, 17, 8),
(3482, 9, 3, 1, 17, 3),
(3481, 9, 1, 8, NULL, 22),
(3480, 9, 1, 8, NULL, 18),
(3479, 9, 1, 7, NULL, 21),
(3478, 9, 1, 7, NULL, 17),
(3477, 9, 1, 6, NULL, 20),
(3476, 9, 1, 6, NULL, 16),
(3475, 9, 1, 5, NULL, 6),
(3474, 9, 1, 5, NULL, 1),
(3473, 9, 1, 4, NULL, 10),
(3472, 9, 1, 4, NULL, 5),
(3471, 9, 1, 3, NULL, 9),
(3470, 9, 1, 3, NULL, 4),
(3469, 9, 1, 2, NULL, 8),
(3468, 9, 1, 2, NULL, 3),
(3467, 9, 1, 1, 1, 7),
(3466, 9, 1, 1, 1, 2),
(2889, 11, 8, 8, NULL, 24),
(2888, 11, 8, 8, NULL, 20),
(2887, 11, 8, 8, NULL, 17),
(2886, 11, 8, 7, NULL, 23),
(2885, 11, 8, 7, NULL, 19),
(2884, 11, 8, 7, NULL, 16),
(2883, 11, 8, 6, NULL, 22),
(2882, 11, 8, 6, NULL, 18),
(2881, 11, 8, 6, NULL, 15),
(2880, 11, 8, 5, NULL, 14),
(2879, 11, 8, 5, NULL, 7),
(2878, 11, 8, 5, NULL, 1),
(2877, 11, 8, 4, NULL, 13),
(2876, 11, 8, 4, NULL, 9),
(2875, 11, 8, 4, NULL, 5),
(2874, 11, 8, 3, NULL, 12),
(2873, 11, 8, 3, NULL, 8),
(2872, 11, 8, 3, NULL, 4),
(2871, 11, 8, 2, NULL, 11),
(2870, 11, 8, 2, NULL, 7),
(2869, 11, 8, 2, NULL, 3),
(2868, 11, 8, 1, 57, 10),
(2867, 11, 8, 1, 57, 6),
(2866, 11, 8, 1, 57, 2),
(2865, 11, 7, 8, NULL, 24),
(2864, 11, 7, 8, NULL, 20),
(2863, 11, 7, 8, NULL, 17),
(2862, 11, 7, 7, NULL, 23),
(2861, 11, 7, 7, NULL, 19),
(2860, 11, 7, 7, NULL, 16),
(2859, 11, 7, 6, NULL, 22),
(2858, 11, 7, 6, NULL, 18),
(2857, 11, 7, 6, NULL, 15),
(2856, 11, 7, 5, NULL, 14),
(2855, 11, 7, 5, NULL, 7),
(2854, 11, 7, 5, NULL, 2),
(2853, 11, 7, 4, NULL, 10),
(2852, 11, 7, 4, NULL, 6),
(2851, 11, 7, 4, NULL, 1),
(2850, 11, 7, 3, NULL, 13),
(2849, 11, 7, 3, NULL, 9),
(2848, 11, 7, 3, NULL, 5),
(2847, 11, 7, 2, NULL, 12),
(2846, 11, 7, 2, NULL, 8),
(2845, 11, 7, 2, NULL, 4),
(2844, 11, 7, 1, 49, 11),
(2843, 11, 7, 1, 49, 7),
(2842, 11, 7, 1, 49, 3),
(2841, 11, 5, 8, NULL, 24),
(2840, 11, 5, 8, NULL, 20),
(2839, 11, 5, 8, NULL, 17),
(2838, 11, 5, 7, NULL, 23),
(2837, 11, 5, 7, NULL, 19),
(2836, 11, 5, 7, NULL, 16),
(2835, 11, 5, 6, NULL, 22),
(2834, 11, 5, 6, NULL, 18),
(2833, 11, 5, 6, NULL, 15),
(2832, 11, 5, 5, NULL, 14),
(2831, 11, 5, 5, NULL, 7),
(2830, 11, 5, 5, NULL, 1),
(2829, 11, 5, 4, NULL, 13),
(2828, 11, 5, 4, NULL, 9),
(2827, 11, 5, 4, NULL, 5),
(2826, 11, 5, 3, NULL, 12),
(2825, 11, 5, 3, NULL, 8),
(2824, 11, 5, 3, NULL, 4),
(2823, 11, 5, 2, NULL, 11),
(2822, 11, 5, 2, NULL, 7),
(2821, 11, 5, 2, NULL, 3),
(2820, 11, 5, 1, 33, 10),
(2819, 11, 5, 1, 33, 6),
(2818, 11, 5, 1, 33, 2),
(2817, 11, 4, 8, NULL, 24),
(2816, 11, 4, 8, NULL, 20),
(2815, 11, 4, 8, NULL, 17),
(2814, 11, 4, 7, NULL, 23),
(2813, 11, 4, 7, NULL, 19),
(2812, 11, 4, 7, NULL, 16),
(2811, 11, 4, 6, NULL, 22),
(2810, 11, 4, 6, NULL, 18),
(2809, 11, 4, 6, NULL, 15),
(2808, 11, 4, 5, NULL, 14),
(2807, 11, 4, 5, NULL, 7),
(2806, 11, 4, 5, NULL, 2),
(2805, 11, 4, 4, NULL, 10),
(2804, 11, 4, 4, NULL, 6),
(2803, 11, 4, 4, NULL, 1),
(2802, 11, 4, 3, NULL, 13),
(2801, 11, 4, 3, NULL, 9),
(2800, 11, 4, 3, NULL, 5),
(2799, 11, 4, 2, NULL, 12),
(2798, 11, 4, 2, NULL, 8),
(2797, 11, 4, 2, NULL, 4),
(2796, 11, 4, 1, 25, 11),
(2795, 11, 4, 1, 25, 7),
(2794, 11, 4, 1, 25, 3),
(2793, 11, 3, 8, NULL, 25),
(2792, 11, 3, 8, NULL, 21),
(2791, 11, 3, 8, NULL, 17),
(2790, 11, 3, 7, NULL, 24),
(2789, 11, 3, 7, NULL, 20),
(2788, 11, 3, 7, NULL, 16),
(2787, 11, 3, 6, NULL, 23),
(2786, 11, 3, 6, NULL, 19),
(2785, 11, 3, 6, NULL, 15),
(2784, 11, 3, 5, NULL, 14),
(2783, 11, 3, 5, NULL, 7),
(2782, 11, 3, 5, NULL, 1),
(2781, 11, 3, 4, NULL, 13),
(2780, 11, 3, 4, NULL, 9),
(2779, 11, 3, 4, NULL, 5),
(2778, 11, 3, 3, NULL, 12),
(2777, 11, 3, 3, NULL, 8),
(2776, 11, 3, 3, NULL, 4),
(2775, 11, 3, 2, NULL, 11),
(2774, 11, 3, 2, NULL, 7),
(2773, 11, 3, 2, NULL, 3),
(2772, 11, 3, 1, 17, 10),
(2771, 11, 3, 1, 17, 6),
(2770, 11, 3, 1, 17, 2),
(2769, 11, 1, 8, NULL, 24),
(2768, 11, 1, 8, NULL, 20),
(2767, 11, 1, 8, NULL, 16),
(2766, 11, 1, 7, NULL, 23),
(2765, 11, 1, 7, NULL, 19),
(2764, 11, 1, 7, NULL, 15),
(2763, 11, 1, 6, NULL, 22),
(2762, 11, 1, 6, NULL, 18),
(2761, 11, 1, 6, NULL, 14),
(2760, 11, 1, 5, NULL, 13),
(2759, 11, 1, 5, NULL, 10),
(2758, 11, 1, 5, NULL, 5),
(2757, 11, 1, 4, NULL, 12),
(2756, 11, 1, 4, NULL, 8),
(2755, 11, 1, 4, NULL, 4),
(2754, 11, 1, 3, NULL, 11),
(2753, 11, 1, 3, NULL, 7),
(2752, 11, 1, 3, NULL, 3),
(2751, 11, 1, 2, NULL, 10),
(2750, 11, 1, 2, NULL, 6),
(2749, 11, 1, 2, NULL, 2),
(2748, 11, 1, 1, 1, 9),
(2747, 11, 1, 1, 1, 5),
(2746, 11, 1, 1, 1, 1),
(2745, 10, 8, 8, NULL, 24),
(2744, 10, 8, 8, NULL, 20),
(2743, 10, 8, 8, NULL, 17),
(2742, 10, 8, 7, NULL, 23),
(2741, 10, 8, 7, NULL, 19),
(2740, 10, 8, 7, NULL, 16),
(2739, 10, 8, 6, NULL, 22),
(2738, 10, 8, 6, NULL, 18),
(2737, 10, 8, 6, NULL, 15),
(2736, 10, 8, 5, NULL, 14),
(2735, 10, 8, 5, NULL, 7),
(2734, 10, 8, 5, NULL, 1),
(2733, 10, 8, 4, NULL, 13),
(2732, 10, 8, 4, NULL, 9),
(2731, 10, 8, 4, NULL, 5),
(2730, 10, 8, 3, NULL, 12),
(2729, 10, 8, 3, NULL, 8),
(2728, 10, 8, 3, NULL, 4),
(2727, 10, 8, 2, NULL, 11),
(2726, 10, 8, 2, NULL, 7),
(2725, 10, 8, 2, NULL, 3),
(2724, 10, 8, 1, 57, 10),
(2723, 10, 8, 1, 57, 6),
(2722, 10, 8, 1, 57, 2),
(2721, 10, 7, 8, NULL, 24),
(2720, 10, 7, 8, NULL, 20),
(2719, 10, 7, 8, NULL, 17),
(2718, 10, 7, 7, NULL, 23),
(2717, 10, 7, 7, NULL, 19),
(2716, 10, 7, 7, NULL, 16),
(2715, 10, 7, 6, NULL, 22),
(2714, 10, 7, 6, NULL, 18),
(2713, 10, 7, 6, NULL, 15),
(2712, 10, 7, 5, NULL, 14),
(2711, 10, 7, 5, NULL, 7),
(2710, 10, 7, 5, NULL, 2),
(2709, 10, 7, 4, NULL, 10),
(2708, 10, 7, 4, NULL, 6),
(2707, 10, 7, 4, NULL, 1),
(2706, 10, 7, 3, NULL, 13),
(2705, 10, 7, 3, NULL, 9),
(2704, 10, 7, 3, NULL, 5),
(2703, 10, 7, 2, NULL, 12),
(2702, 10, 7, 2, NULL, 8),
(2701, 10, 7, 2, NULL, 4),
(2700, 10, 7, 1, 49, 11),
(2699, 10, 7, 1, 49, 7),
(2698, 10, 7, 1, 49, 3),
(2697, 10, 5, 8, NULL, 24),
(2696, 10, 5, 8, NULL, 20),
(2695, 10, 5, 8, NULL, 17),
(2694, 10, 5, 7, NULL, 23),
(2693, 10, 5, 7, NULL, 19),
(2692, 10, 5, 7, NULL, 16),
(2691, 10, 5, 6, NULL, 22),
(2690, 10, 5, 6, NULL, 18),
(2689, 10, 5, 6, NULL, 15),
(2688, 10, 5, 5, NULL, 14),
(2687, 10, 5, 5, NULL, 7),
(2686, 10, 5, 5, NULL, 1),
(2685, 10, 5, 4, NULL, 13),
(2684, 10, 5, 4, NULL, 9),
(2683, 10, 5, 4, NULL, 5),
(2682, 10, 5, 3, NULL, 12),
(2681, 10, 5, 3, NULL, 8),
(2680, 10, 5, 3, NULL, 4),
(2679, 10, 5, 2, NULL, 11),
(2678, 10, 5, 2, NULL, 7),
(2677, 10, 5, 2, NULL, 3),
(2676, 10, 5, 1, 33, 10),
(2675, 10, 5, 1, 33, 6),
(2674, 10, 5, 1, 33, 2),
(2673, 10, 4, 8, NULL, 24),
(2672, 10, 4, 8, NULL, 20),
(2671, 10, 4, 8, NULL, 17),
(2670, 10, 4, 7, NULL, 23),
(2669, 10, 4, 7, NULL, 19),
(2668, 10, 4, 7, NULL, 16),
(2667, 10, 4, 6, NULL, 22),
(2666, 10, 4, 6, NULL, 18),
(2665, 10, 4, 6, NULL, 15),
(2664, 10, 4, 5, NULL, 14),
(2663, 10, 4, 5, NULL, 7),
(2662, 10, 4, 5, NULL, 2),
(2661, 10, 4, 4, NULL, 10),
(2660, 10, 4, 4, NULL, 6),
(2659, 10, 4, 4, NULL, 1),
(2658, 10, 4, 3, NULL, 13),
(2657, 10, 4, 3, NULL, 9),
(2656, 10, 4, 3, NULL, 5),
(2655, 10, 4, 2, NULL, 12),
(2654, 10, 4, 2, NULL, 8),
(2653, 10, 4, 2, NULL, 4),
(2652, 10, 4, 1, 25, 11),
(2651, 10, 4, 1, 25, 7),
(2650, 10, 4, 1, 25, 3),
(2649, 10, 3, 8, NULL, 25),
(2648, 10, 3, 8, NULL, 21),
(2647, 10, 3, 8, NULL, 17),
(2646, 10, 3, 7, NULL, 24),
(2645, 10, 3, 7, NULL, 20),
(2644, 10, 3, 7, NULL, 16),
(2643, 10, 3, 6, NULL, 23),
(2642, 10, 3, 6, NULL, 19),
(2641, 10, 3, 6, NULL, 15),
(2640, 10, 3, 5, NULL, 14),
(2639, 10, 3, 5, NULL, 7),
(2638, 10, 3, 5, NULL, 1),
(2637, 10, 3, 4, NULL, 13),
(2636, 10, 3, 4, NULL, 9),
(2635, 10, 3, 4, NULL, 5),
(2634, 10, 3, 3, NULL, 12),
(2633, 10, 3, 3, NULL, 8),
(2632, 10, 3, 3, NULL, 4),
(2631, 10, 3, 2, NULL, 11),
(2630, 10, 3, 2, NULL, 7),
(2629, 10, 3, 2, NULL, 3),
(2628, 10, 3, 1, 17, 10),
(2627, 10, 3, 1, 17, 6),
(2626, 10, 3, 1, 17, 2),
(2625, 10, 1, 8, NULL, 24),
(2624, 10, 1, 8, NULL, 20),
(2623, 10, 1, 8, NULL, 16),
(2622, 10, 1, 7, NULL, 23),
(2621, 10, 1, 7, NULL, 19),
(2620, 10, 1, 7, NULL, 15),
(2619, 10, 1, 6, NULL, 22),
(2618, 10, 1, 6, NULL, 18),
(2617, 10, 1, 6, NULL, 14),
(2616, 10, 1, 5, NULL, 13),
(2615, 10, 1, 5, NULL, 10),
(2614, 10, 1, 5, NULL, 5),
(2613, 10, 1, 4, NULL, 12),
(2612, 10, 1, 4, NULL, 8),
(2611, 10, 1, 4, NULL, 4),
(2610, 10, 1, 3, NULL, 11),
(2609, 10, 1, 3, NULL, 7),
(2608, 10, 1, 3, NULL, 3),
(2607, 10, 1, 2, NULL, 10),
(2606, 10, 1, 2, NULL, 6),
(2605, 10, 1, 2, NULL, 2),
(2604, 10, 1, 1, 1, 9),
(2603, 10, 1, 1, 1, 5),
(2602, 10, 1, 1, 1, 1),
(5619, 16, 3, 6, NULL, 22),
(5620, 16, 3, 7, NULL, 9),
(5621, 16, 3, 7, NULL, 16),
(5622, 16, 3, 7, NULL, 23),
(5623, 16, 3, 8, NULL, 1),
(5624, 16, 3, 8, NULL, 2),
(5625, 16, 3, 8, NULL, 24),
(5626, 16, 4, 1, 25, 4),
(5627, 16, 4, 1, 25, 11),
(5628, 16, 4, 1, 25, 19),
(5629, 16, 4, 2, NULL, 5),
(5630, 16, 4, 2, NULL, 12),
(5631, 16, 4, 2, NULL, 20),
(5632, 16, 4, 3, NULL, 6),
(5633, 16, 4, 3, NULL, 13),
(5634, 16, 4, 3, NULL, 21),
(5635, 16, 4, 4, NULL, 7),
(5636, 16, 4, 4, NULL, 14),
(5637, 16, 4, 4, NULL, 22),
(5638, 16, 4, 5, NULL, 8),
(5639, 16, 4, 5, NULL, 15),
(5640, 16, 4, 5, NULL, 23),
(5641, 16, 4, 6, NULL, 9),
(5642, 16, 4, 6, NULL, 16),
(5643, 16, 4, 6, NULL, 24),
(5644, 16, 4, 7, NULL, 10),
(5645, 16, 4, 7, NULL, 17),
(5646, 16, 4, 7, NULL, 1),
(5647, 16, 4, 8, NULL, 2),
(5648, 16, 4, 8, NULL, 3),
(5649, 16, 4, 8, NULL, 18),
(5650, 16, 5, 1, 33, 5),
(5651, 16, 5, 1, 33, 12),
(5652, 16, 5, 1, 33, 20),
(5653, 16, 5, 2, NULL, 6),
(5654, 16, 5, 2, NULL, 13),
(5655, 16, 5, 2, NULL, 21),
(5656, 16, 5, 3, NULL, 7),
(5657, 16, 5, 3, NULL, 14),
(5658, 16, 5, 3, NULL, 22),
(5659, 16, 5, 4, NULL, 8),
(5660, 16, 5, 4, NULL, 15);
INSERT INTO `horarios_sessao_backup` (`id`, `id_filme`, `id_cinema`, `id_tipo_sessao`, `id_sala`, `id_horario`) VALUES
(5661, 16, 5, 4, NULL, 23),
(5662, 16, 5, 5, NULL, 9),
(5663, 16, 5, 5, NULL, 16),
(5664, 16, 5, 5, NULL, 24),
(5665, 16, 5, 6, NULL, 10),
(5666, 16, 5, 6, NULL, 17),
(5667, 16, 5, 6, NULL, 1),
(5668, 16, 5, 7, NULL, 11),
(5669, 16, 5, 7, NULL, 18),
(5670, 16, 5, 7, NULL, 2),
(5671, 16, 5, 8, NULL, 3),
(5672, 16, 5, 8, NULL, 4),
(5673, 16, 5, 8, NULL, 19),
(5674, 16, 7, 1, 49, 6),
(5675, 16, 7, 1, 49, 13),
(5676, 16, 7, 1, 49, 20),
(5677, 16, 7, 2, NULL, 7),
(5678, 16, 7, 2, NULL, 14),
(5679, 16, 7, 2, NULL, 21),
(5680, 16, 7, 3, NULL, 8),
(5681, 16, 7, 3, NULL, 15),
(5682, 16, 7, 3, NULL, 22),
(5683, 16, 7, 4, NULL, 9),
(5684, 16, 7, 4, NULL, 16),
(5685, 16, 7, 4, NULL, 23),
(5686, 16, 7, 5, NULL, 10),
(5687, 16, 7, 5, NULL, 17),
(5688, 16, 7, 5, NULL, 24),
(5689, 16, 7, 6, NULL, 11),
(5690, 16, 7, 6, NULL, 18),
(5691, 16, 7, 6, NULL, 1),
(5692, 16, 7, 7, NULL, 12),
(5693, 16, 7, 7, NULL, 19),
(5694, 16, 7, 7, NULL, 2),
(5695, 16, 7, 8, NULL, 3),
(5696, 16, 7, 8, NULL, 4),
(5697, 16, 7, 8, NULL, 5),
(5698, 16, 8, 1, 57, 7),
(5699, 16, 8, 1, 57, 14),
(5700, 16, 8, 1, 57, 21),
(5701, 16, 8, 2, NULL, 8),
(5702, 16, 8, 2, NULL, 15),
(5703, 16, 8, 2, NULL, 22),
(5704, 16, 8, 3, NULL, 9),
(5705, 16, 8, 3, NULL, 16),
(5706, 16, 8, 3, NULL, 23),
(5707, 16, 8, 4, NULL, 10),
(5708, 16, 8, 4, NULL, 17),
(5709, 16, 8, 4, NULL, 24),
(5710, 16, 8, 5, NULL, 11),
(5711, 16, 8, 5, NULL, 18),
(5712, 16, 8, 5, NULL, 1),
(5713, 16, 8, 6, NULL, 12),
(5714, 16, 8, 6, NULL, 19),
(5715, 16, 8, 6, NULL, 2),
(5716, 16, 8, 7, NULL, 13),
(5717, 16, 8, 7, NULL, 20),
(5718, 16, 8, 7, NULL, 3),
(5719, 16, 8, 8, NULL, 4),
(5720, 16, 8, 8, NULL, 5),
(5721, 16, 8, 8, NULL, 6),
(5722, 17, 1, 1, 1, 1),
(5723, 17, 1, 1, 1, 5),
(5724, 17, 1, 1, 1, 9),
(5725, 17, 1, 2, NULL, 2),
(5726, 17, 1, 2, NULL, 6),
(5727, 17, 1, 2, NULL, 10),
(5728, 17, 1, 3, NULL, 3),
(5729, 17, 1, 3, NULL, 7),
(5730, 17, 1, 3, NULL, 11),
(5731, 17, 1, 4, NULL, 4),
(5732, 17, 1, 4, NULL, 8),
(5733, 17, 1, 4, NULL, 12),
(5734, 17, 1, 5, NULL, 13),
(5735, 17, 1, 5, NULL, 17),
(5736, 17, 1, 5, NULL, 21),
(5737, 17, 1, 6, NULL, 14),
(5738, 17, 1, 6, NULL, 18),
(5739, 17, 1, 6, NULL, 22),
(5740, 17, 1, 7, NULL, 15),
(5741, 17, 1, 7, NULL, 19),
(5742, 17, 1, 7, NULL, 23),
(5743, 17, 1, 8, NULL, 16),
(5744, 17, 1, 8, NULL, 20),
(5745, 17, 1, 8, NULL, 24),
(5746, 17, 3, 1, 17, 2),
(5747, 17, 3, 1, 17, 3),
(5748, 17, 3, 1, 17, 4),
(5749, 17, 3, 2, NULL, 5),
(5750, 17, 3, 2, NULL, 6),
(5751, 17, 3, 2, NULL, 7),
(5752, 17, 3, 3, NULL, 8),
(5753, 17, 3, 3, NULL, 9),
(5754, 17, 3, 3, NULL, 10),
(5755, 17, 3, 4, NULL, 11),
(5756, 17, 3, 4, NULL, 12),
(5757, 17, 3, 4, NULL, 13),
(5758, 17, 3, 5, NULL, 14),
(5759, 17, 3, 5, NULL, 15),
(5760, 17, 3, 5, NULL, 16),
(5761, 17, 3, 6, NULL, 17),
(5762, 17, 3, 6, NULL, 18),
(5763, 17, 3, 6, NULL, 19),
(5764, 17, 3, 7, NULL, 20),
(5765, 17, 3, 7, NULL, 21),
(5766, 17, 3, 7, NULL, 22),
(5767, 17, 3, 8, NULL, 23),
(5768, 17, 3, 8, NULL, 24),
(5769, 17, 3, 8, NULL, 1),
(5770, 17, 4, 1, 25, 3),
(5771, 17, 4, 1, 25, 4),
(5772, 17, 4, 1, 25, 5),
(5773, 17, 4, 2, NULL, 6),
(5774, 17, 4, 2, NULL, 7),
(5775, 17, 4, 2, NULL, 8),
(5776, 17, 4, 3, NULL, 9),
(5777, 17, 4, 3, NULL, 10),
(5778, 17, 4, 3, NULL, 11),
(5779, 17, 4, 4, NULL, 12),
(5780, 17, 4, 4, NULL, 13),
(5781, 17, 4, 4, NULL, 14),
(5782, 17, 4, 5, NULL, 15),
(5783, 17, 4, 5, NULL, 16),
(5784, 17, 4, 5, NULL, 17),
(5785, 17, 4, 6, NULL, 18),
(5786, 17, 4, 6, NULL, 19),
(5787, 17, 4, 6, NULL, 20),
(5788, 17, 4, 7, NULL, 21),
(5789, 17, 4, 7, NULL, 22),
(5790, 17, 4, 7, NULL, 23),
(5791, 17, 4, 8, NULL, 24),
(5792, 17, 4, 8, NULL, 1),
(5793, 17, 4, 8, NULL, 2),
(5794, 17, 5, 1, 33, 4),
(5795, 17, 5, 1, 33, 5),
(5796, 17, 5, 1, 33, 6),
(5797, 17, 5, 2, NULL, 7),
(5798, 17, 5, 2, NULL, 8),
(5799, 17, 5, 2, NULL, 9),
(5800, 17, 5, 3, NULL, 10),
(5801, 17, 5, 3, NULL, 11),
(5802, 17, 5, 3, NULL, 12),
(5803, 17, 5, 4, NULL, 13),
(5804, 17, 5, 4, NULL, 14),
(5805, 17, 5, 4, NULL, 15),
(5806, 17, 5, 5, NULL, 16),
(5807, 17, 5, 5, NULL, 17),
(5808, 17, 5, 5, NULL, 18),
(5809, 17, 5, 6, NULL, 19),
(5810, 17, 5, 6, NULL, 20),
(5811, 17, 5, 6, NULL, 21),
(5812, 17, 5, 7, NULL, 22),
(5813, 17, 5, 7, NULL, 23),
(5814, 17, 5, 7, NULL, 24),
(5815, 17, 5, 8, NULL, 1),
(5816, 17, 5, 8, NULL, 2),
(5817, 17, 5, 8, NULL, 3),
(5818, 17, 7, 1, 49, 5),
(5819, 17, 7, 1, 49, 6),
(5820, 17, 7, 1, 49, 7),
(5821, 17, 7, 2, NULL, 8),
(5822, 17, 7, 2, NULL, 9),
(5823, 17, 7, 2, NULL, 10),
(5824, 17, 7, 3, NULL, 11),
(5825, 17, 7, 3, NULL, 12),
(5826, 17, 7, 3, NULL, 13),
(5827, 17, 7, 4, NULL, 14),
(5828, 17, 7, 4, NULL, 15),
(5829, 17, 7, 4, NULL, 16),
(5830, 17, 7, 5, NULL, 17),
(5831, 17, 7, 5, NULL, 18),
(5832, 17, 7, 5, NULL, 19),
(5833, 17, 7, 6, NULL, 20),
(5834, 17, 7, 6, NULL, 21),
(5835, 17, 7, 6, NULL, 22),
(5836, 17, 7, 7, NULL, 23),
(5837, 17, 7, 7, NULL, 24),
(5838, 17, 7, 7, NULL, 1),
(5839, 17, 7, 8, NULL, 2),
(5840, 17, 7, 8, NULL, 3),
(5841, 17, 7, 8, NULL, 4),
(5842, 17, 8, 1, 57, 6),
(5843, 17, 8, 1, 57, 7),
(5844, 17, 8, 1, 57, 8),
(5845, 17, 8, 2, NULL, 9),
(5846, 17, 8, 2, NULL, 10),
(5847, 17, 8, 2, NULL, 11),
(5848, 17, 8, 3, NULL, 12),
(5849, 17, 8, 3, NULL, 13),
(5850, 17, 8, 3, NULL, 14),
(5851, 17, 8, 4, NULL, 15),
(5852, 17, 8, 4, NULL, 16),
(5853, 17, 8, 4, NULL, 17),
(5854, 17, 8, 5, NULL, 18),
(5855, 17, 8, 5, NULL, 19),
(5856, 17, 8, 5, NULL, 20),
(5857, 17, 8, 6, NULL, 21),
(5858, 17, 8, 6, NULL, 22),
(5859, 17, 8, 6, NULL, 23),
(5860, 17, 8, 7, NULL, 24),
(5861, 17, 8, 7, NULL, 1),
(5862, 17, 8, 7, NULL, 2),
(5863, 17, 8, 8, NULL, 3),
(5864, 17, 8, 8, NULL, 4),
(5865, 17, 8, 8, NULL, 5),
(5866, 18, 1, 1, 1, 1),
(5867, 18, 1, 1, 1, 5),
(5868, 18, 1, 1, 1, 9),
(5869, 18, 1, 2, NULL, 2),
(5870, 18, 1, 2, NULL, 6),
(5871, 18, 1, 2, NULL, 10),
(5872, 18, 1, 3, NULL, 3),
(5873, 18, 1, 3, NULL, 7),
(5874, 18, 1, 3, NULL, 11),
(5875, 18, 1, 4, NULL, 4),
(5876, 18, 1, 4, NULL, 8),
(5877, 18, 1, 4, NULL, 12),
(5878, 18, 1, 5, NULL, 13),
(5879, 18, 1, 5, NULL, 14),
(5880, 18, 1, 5, NULL, 15),
(5881, 18, 1, 6, NULL, 16),
(5882, 18, 1, 6, NULL, 17),
(5883, 18, 1, 6, NULL, 18),
(5884, 18, 1, 7, NULL, 19),
(5885, 18, 1, 7, NULL, 20),
(5886, 18, 1, 7, NULL, 21),
(5887, 18, 1, 8, NULL, 22),
(5888, 18, 1, 8, NULL, 23),
(5889, 18, 1, 8, NULL, 24),
(5890, 18, 3, 1, 17, 2),
(5891, 18, 3, 1, 17, 7),
(5892, 18, 3, 1, 17, 13),
(5893, 18, 3, 2, NULL, 3),
(5894, 18, 3, 2, NULL, 8),
(5895, 18, 3, 2, NULL, 14),
(5896, 18, 3, 3, NULL, 4),
(5897, 18, 3, 3, NULL, 9),
(5898, 18, 3, 3, NULL, 15),
(5899, 18, 3, 4, NULL, 5),
(5900, 18, 3, 4, NULL, 10),
(5901, 18, 3, 4, NULL, 16),
(5902, 18, 3, 5, NULL, 1),
(5903, 18, 3, 5, NULL, 11),
(5904, 18, 3, 5, NULL, 17),
(5905, 18, 3, 6, NULL, 6),
(5906, 18, 3, 6, NULL, 12),
(5907, 18, 3, 6, NULL, 18),
(5908, 18, 3, 7, NULL, 19),
(5909, 18, 3, 7, NULL, 20),
(5910, 18, 3, 7, NULL, 21),
(5911, 18, 3, 8, NULL, 22),
(5912, 18, 3, 8, NULL, 23),
(5913, 18, 3, 8, NULL, 24),
(5914, 18, 4, 1, 25, 3),
(5915, 18, 4, 1, 25, 8),
(5916, 18, 4, 1, 25, 14),
(5917, 18, 4, 2, NULL, 4),
(5918, 18, 4, 2, NULL, 9),
(5919, 18, 4, 2, NULL, 15),
(5920, 18, 4, 3, NULL, 5),
(5921, 18, 4, 3, NULL, 10),
(5922, 18, 4, 3, NULL, 16),
(5923, 18, 4, 4, NULL, 6),
(5924, 18, 4, 4, NULL, 11),
(5925, 18, 4, 4, NULL, 17),
(5926, 18, 4, 5, NULL, 1),
(5927, 18, 4, 5, NULL, 12),
(5928, 18, 4, 5, NULL, 18),
(5929, 18, 4, 6, NULL, 2),
(5930, 18, 4, 6, NULL, 7),
(5931, 18, 4, 6, NULL, 13),
(5932, 18, 4, 7, NULL, 19),
(5933, 18, 4, 7, NULL, 21),
(5934, 18, 4, 7, NULL, 23),
(5935, 18, 4, 8, NULL, 20),
(5936, 18, 4, 8, NULL, 22),
(5937, 18, 4, 8, NULL, 24),
(5938, 18, 5, 1, 33, 4),
(5939, 18, 5, 1, 33, 10),
(5940, 18, 5, 1, 33, 16),
(5941, 18, 5, 2, NULL, 5),
(5942, 18, 5, 2, NULL, 11),
(5943, 18, 5, 2, NULL, 17),
(5944, 18, 5, 3, NULL, 6),
(5945, 18, 5, 3, NULL, 12),
(5946, 18, 5, 3, NULL, 18),
(5947, 18, 5, 4, NULL, 7),
(5948, 18, 5, 4, NULL, 13),
(5949, 18, 5, 4, NULL, 19),
(5950, 18, 5, 5, NULL, 8),
(5951, 18, 5, 5, NULL, 14),
(5952, 18, 5, 5, NULL, 20),
(5953, 18, 5, 6, NULL, 9),
(5954, 18, 5, 6, NULL, 15),
(5955, 18, 5, 6, NULL, 21),
(5956, 18, 5, 7, NULL, 22),
(5957, 18, 5, 7, NULL, 23),
(5958, 18, 5, 7, NULL, 24),
(5959, 18, 5, 8, NULL, 1),
(5960, 18, 5, 8, NULL, 2),
(5961, 18, 5, 8, NULL, 3),
(5962, 18, 7, 1, 49, 6),
(5963, 18, 7, 1, 49, 12),
(5964, 18, 7, 1, 49, 18),
(5965, 18, 7, 2, NULL, 7),
(5966, 18, 7, 2, NULL, 13),
(5967, 18, 7, 2, NULL, 19),
(5968, 18, 7, 3, NULL, 8),
(5969, 18, 7, 3, NULL, 14),
(5970, 18, 7, 3, NULL, 20),
(5971, 18, 7, 4, NULL, 9),
(5972, 18, 7, 4, NULL, 15),
(5973, 18, 7, 4, NULL, 21),
(5974, 18, 7, 5, NULL, 10),
(5975, 18, 7, 5, NULL, 16),
(5976, 18, 7, 5, NULL, 22),
(5977, 18, 7, 6, NULL, 11),
(5978, 18, 7, 6, NULL, 17),
(5979, 18, 7, 6, NULL, 23),
(5980, 18, 7, 7, NULL, 1),
(5981, 18, 7, 7, NULL, 2),
(5982, 18, 7, 7, NULL, 3),
(5983, 18, 7, 8, NULL, 4),
(5984, 18, 7, 8, NULL, 5),
(5985, 18, 7, 8, NULL, 24),
(5986, 18, 8, 1, 57, 7),
(5987, 18, 8, 1, 57, 13),
(5988, 18, 8, 1, 57, 19),
(5989, 18, 8, 2, NULL, 8),
(5990, 18, 8, 2, NULL, 14),
(5991, 18, 8, 2, NULL, 20),
(5992, 18, 8, 3, NULL, 9),
(5993, 18, 8, 3, NULL, 15),
(5994, 18, 8, 3, NULL, 21),
(5995, 18, 8, 4, NULL, 10),
(5996, 18, 8, 4, NULL, 16),
(5997, 18, 8, 4, NULL, 22),
(5998, 18, 8, 5, NULL, 11),
(5999, 18, 8, 5, NULL, 17),
(6000, 18, 8, 5, NULL, 23),
(6001, 18, 8, 6, NULL, 12),
(6002, 18, 8, 6, NULL, 18),
(6003, 18, 8, 6, NULL, 24),
(6004, 18, 8, 7, NULL, 1),
(6005, 18, 8, 7, NULL, 2),
(6006, 18, 8, 7, NULL, 3),
(6007, 18, 8, 8, NULL, 4),
(6008, 18, 8, 8, NULL, 5),
(6009, 18, 8, 8, NULL, 6),
(6010, 19, 1, 1, 1, 3),
(6011, 19, 1, 1, 1, 6),
(6012, 19, 1, 1, 1, 12),
(6013, 19, 1, 2, NULL, 1),
(6014, 19, 1, 2, NULL, 7),
(6015, 19, 1, 2, NULL, 13),
(6016, 19, 1, 3, NULL, 2),
(6017, 19, 1, 3, NULL, 8),
(6018, 19, 1, 3, NULL, 14),
(6019, 19, 1, 4, NULL, 4),
(6020, 19, 1, 4, NULL, 9),
(6021, 19, 1, 4, NULL, 15),
(6022, 19, 1, 5, NULL, 5),
(6023, 19, 1, 5, NULL, 10),
(6024, 19, 1, 5, NULL, 16),
(6025, 19, 1, 6, NULL, 11),
(6026, 19, 1, 6, NULL, 17),
(6027, 19, 1, 6, NULL, 18),
(6028, 19, 1, 7, NULL, 19),
(6029, 19, 1, 7, NULL, 21),
(6030, 19, 1, 7, NULL, 22),
(6031, 19, 1, 8, NULL, 20),
(6032, 19, 1, 8, NULL, 23),
(6033, 19, 1, 8, NULL, 24),
(6034, 19, 3, 1, 17, 4),
(6035, 19, 3, 1, 17, 9),
(6036, 19, 3, 1, 17, 14),
(6037, 19, 3, 2, NULL, 5),
(6038, 19, 3, 2, NULL, 10),
(6039, 19, 3, 2, NULL, 15),
(6040, 19, 3, 3, NULL, 6),
(6041, 19, 3, 3, NULL, 11),
(6042, 19, 3, 3, NULL, 16),
(6043, 19, 3, 4, NULL, 7),
(6044, 19, 3, 4, NULL, 12),
(6045, 19, 3, 4, NULL, 17),
(6046, 19, 3, 5, NULL, 8),
(6047, 19, 3, 5, NULL, 13),
(6048, 19, 3, 5, NULL, 18),
(6049, 19, 3, 6, NULL, 1),
(6050, 19, 3, 6, NULL, 2),
(6051, 19, 3, 6, NULL, 3),
(6052, 19, 3, 7, NULL, 19),
(6053, 19, 3, 7, NULL, 20),
(6054, 19, 3, 7, NULL, 21),
(6055, 19, 3, 8, NULL, 22),
(6056, 19, 3, 8, NULL, 23),
(6057, 19, 3, 8, NULL, 24),
(6058, 19, 4, 1, 25, 5),
(6059, 19, 4, 1, 25, 10),
(6060, 19, 4, 1, 25, 15),
(6061, 19, 4, 2, NULL, 6),
(6062, 19, 4, 2, NULL, 11),
(6063, 19, 4, 2, NULL, 16),
(6064, 19, 4, 3, NULL, 7),
(6065, 19, 4, 3, NULL, 12),
(6066, 19, 4, 3, NULL, 17),
(6067, 19, 4, 4, NULL, 8),
(6068, 19, 4, 4, NULL, 13),
(6069, 19, 4, 4, NULL, 18),
(6070, 19, 4, 5, NULL, 9),
(6071, 19, 4, 5, NULL, 14),
(6072, 19, 4, 5, NULL, 19),
(6073, 19, 4, 6, NULL, 1),
(6074, 19, 4, 6, NULL, 2),
(6075, 19, 4, 6, NULL, 3),
(6076, 19, 4, 7, NULL, 20),
(6077, 19, 4, 7, NULL, 21),
(6078, 19, 4, 7, NULL, 22),
(6079, 19, 4, 8, NULL, 23),
(6080, 19, 4, 8, NULL, 24),
(6081, 19, 4, 8, NULL, 4),
(6082, 19, 5, 1, 33, 6),
(6083, 19, 5, 1, 33, 11),
(6084, 19, 5, 1, 33, 17),
(6085, 19, 5, 2, NULL, 7),
(6086, 19, 5, 2, NULL, 12),
(6087, 19, 5, 2, NULL, 18),
(6088, 19, 5, 3, NULL, 8),
(6089, 19, 5, 3, NULL, 13),
(6090, 19, 5, 3, NULL, 19),
(6091, 19, 5, 4, NULL, 9),
(6092, 19, 5, 4, NULL, 14),
(6093, 19, 5, 4, NULL, 20),
(6094, 19, 5, 5, NULL, 10),
(6095, 19, 5, 5, NULL, 15),
(6096, 19, 5, 5, NULL, 21),
(6097, 19, 5, 6, NULL, 1),
(6098, 19, 5, 6, NULL, 2),
(6099, 19, 5, 6, NULL, 3),
(6100, 19, 5, 7, NULL, 22),
(6101, 19, 5, 7, NULL, 23),
(6102, 19, 5, 7, NULL, 24),
(6103, 19, 5, 8, NULL, 4),
(6104, 19, 5, 8, NULL, 5),
(6105, 19, 5, 8, NULL, 6),
(6106, 19, 7, 1, 49, 7),
(6107, 19, 7, 1, 49, 13),
(6108, 19, 7, 1, 49, 19),
(6109, 19, 7, 2, NULL, 8),
(6110, 19, 7, 2, NULL, 14),
(6111, 19, 7, 2, NULL, 20),
(6112, 19, 7, 3, NULL, 9),
(6113, 19, 7, 3, NULL, 15),
(6114, 19, 7, 3, NULL, 21),
(6115, 19, 7, 4, NULL, 10),
(6116, 19, 7, 4, NULL, 16),
(6117, 19, 7, 4, NULL, 22),
(6118, 19, 7, 5, NULL, 11),
(6119, 19, 7, 5, NULL, 17),
(6120, 19, 7, 5, NULL, 23),
(6121, 19, 7, 6, NULL, 12),
(6122, 19, 7, 6, NULL, 18),
(6123, 19, 7, 6, NULL, 24),
(6124, 19, 7, 7, NULL, 1),
(6125, 19, 7, 7, NULL, 2),
(6126, 19, 7, 7, NULL, 3),
(6127, 19, 7, 8, NULL, 4),
(6128, 19, 7, 8, NULL, 5),
(6129, 19, 7, 8, NULL, 6),
(6130, 19, 8, 1, 57, 8),
(6131, 19, 8, 1, 57, 14),
(6132, 19, 8, 1, 57, 20),
(6133, 19, 8, 2, NULL, 9),
(6134, 19, 8, 2, NULL, 15),
(6135, 19, 8, 2, NULL, 21),
(6136, 19, 8, 3, NULL, 10),
(6137, 19, 8, 3, NULL, 16),
(6138, 19, 8, 3, NULL, 22),
(6139, 19, 8, 4, NULL, 11),
(6140, 19, 8, 4, NULL, 17),
(6141, 19, 8, 4, NULL, 23),
(6142, 19, 8, 5, NULL, 12),
(6143, 19, 8, 5, NULL, 18),
(6144, 19, 8, 5, NULL, 24),
(6145, 19, 8, 6, NULL, 1),
(6146, 19, 8, 6, NULL, 2),
(6147, 19, 8, 6, NULL, 3),
(6148, 19, 8, 7, NULL, 4),
(6149, 19, 8, 7, NULL, 5),
(6150, 19, 8, 7, NULL, 6),
(6151, 19, 8, 8, NULL, 7),
(6152, 19, 8, 8, NULL, 13),
(6153, 19, 8, 8, NULL, 19),
(6154, 20, 1, 1, 1, 2),
(6155, 20, 1, 1, 1, 6),
(6156, 20, 1, 1, 1, 13),
(6157, 20, 1, 2, NULL, 3),
(6158, 20, 1, 2, NULL, 7),
(6159, 20, 1, 2, NULL, 14),
(6160, 20, 1, 3, NULL, 4),
(6161, 20, 1, 3, NULL, 8),
(6162, 20, 1, 3, NULL, 15),
(6163, 20, 1, 4, NULL, 5),
(6164, 20, 1, 4, NULL, 9),
(6165, 20, 1, 4, NULL, 16),
(6166, 20, 1, 5, NULL, 1),
(6167, 20, 1, 5, NULL, 10),
(6168, 20, 1, 5, NULL, 17),
(6169, 20, 1, 6, NULL, 11),
(6170, 20, 1, 6, NULL, 12),
(6171, 20, 1, 6, NULL, 18),
(6172, 20, 1, 7, NULL, 19),
(6173, 20, 1, 7, NULL, 21),
(6174, 20, 1, 7, NULL, 22),
(6175, 20, 1, 8, NULL, 20),
(6176, 20, 1, 8, NULL, 23),
(6177, 20, 1, 8, NULL, 24),
(6178, 20, 3, 1, 17, 1),
(6179, 20, 3, 1, 17, 5),
(6180, 20, 3, 1, 17, 9),
(6181, 20, 3, 2, NULL, 2),
(6182, 20, 3, 2, NULL, 6),
(6183, 20, 3, 2, NULL, 10),
(6184, 20, 3, 3, NULL, 3),
(6185, 20, 3, 3, NULL, 7),
(6186, 20, 3, 3, NULL, 11),
(6187, 20, 3, 4, NULL, 4),
(6188, 20, 3, 4, NULL, 8),
(6189, 20, 3, 4, NULL, 12),
(6190, 20, 3, 5, NULL, 13),
(6191, 20, 3, 5, NULL, 14),
(6192, 20, 3, 5, NULL, 15),
(6193, 20, 3, 6, NULL, 16),
(6194, 20, 3, 6, NULL, 17),
(6195, 20, 3, 6, NULL, 18),
(6196, 20, 3, 7, NULL, 19),
(6197, 20, 3, 7, NULL, 20),
(6198, 20, 3, 7, NULL, 21),
(6199, 20, 3, 8, NULL, 22),
(6200, 20, 3, 8, NULL, 23),
(6201, 20, 3, 8, NULL, 24),
(6202, 20, 4, 1, 25, 3),
(6203, 20, 4, 1, 25, 10),
(6204, 20, 4, 1, 25, 17),
(6205, 20, 4, 2, NULL, 4),
(6206, 20, 4, 2, NULL, 11),
(6207, 20, 4, 2, NULL, 18),
(6208, 20, 4, 3, NULL, 5),
(6209, 20, 4, 3, NULL, 12),
(6210, 20, 4, 3, NULL, 19),
(6211, 20, 4, 4, NULL, 6),
(6212, 20, 4, 4, NULL, 13),
(6213, 20, 4, 4, NULL, 20),
(6214, 20, 4, 5, NULL, 7),
(6215, 20, 4, 5, NULL, 14),
(6216, 20, 4, 5, NULL, 21),
(6217, 20, 4, 6, NULL, 8),
(6218, 20, 4, 6, NULL, 15),
(6219, 20, 4, 6, NULL, 22),
(6220, 20, 4, 7, NULL, 9),
(6221, 20, 4, 7, NULL, 16),
(6222, 20, 4, 7, NULL, 23),
(6223, 20, 4, 8, NULL, 1),
(6224, 20, 4, 8, NULL, 2),
(6225, 20, 4, 8, NULL, 24),
(6226, 20, 5, 1, 33, 4),
(6227, 20, 5, 1, 33, 11),
(6228, 20, 5, 1, 33, 18),
(6229, 20, 5, 2, NULL, 5),
(6230, 20, 5, 2, NULL, 12),
(6231, 20, 5, 2, NULL, 19),
(6232, 20, 5, 3, NULL, 6),
(6233, 20, 5, 3, NULL, 13),
(6234, 20, 5, 3, NULL, 20),
(6235, 20, 5, 4, NULL, 7),
(6236, 20, 5, 4, NULL, 14),
(6237, 20, 5, 4, NULL, 21),
(6238, 20, 5, 5, NULL, 8),
(6239, 20, 5, 5, NULL, 15),
(6240, 20, 5, 5, NULL, 22),
(6241, 20, 5, 6, NULL, 9),
(6242, 20, 5, 6, NULL, 16),
(6243, 20, 5, 6, NULL, 23),
(6244, 20, 5, 7, NULL, 10),
(6245, 20, 5, 7, NULL, 17),
(6246, 20, 5, 7, NULL, 24),
(6247, 20, 5, 8, NULL, 1),
(6248, 20, 5, 8, NULL, 2),
(6249, 20, 5, 8, NULL, 3),
(6250, 20, 7, 1, 49, 5),
(6251, 20, 7, 1, 49, 12),
(6252, 20, 7, 1, 49, 19),
(6253, 20, 7, 2, NULL, 6),
(6254, 20, 7, 2, NULL, 13),
(6255, 20, 7, 2, NULL, 20),
(6256, 20, 7, 3, NULL, 7),
(6257, 20, 7, 3, NULL, 14),
(6258, 20, 7, 3, NULL, 21),
(6259, 20, 7, 4, NULL, 8),
(6260, 20, 7, 4, NULL, 15),
(6261, 20, 7, 4, NULL, 22),
(6262, 20, 7, 5, NULL, 9),
(6263, 20, 7, 5, NULL, 16),
(6264, 20, 7, 5, NULL, 23),
(6265, 20, 7, 6, NULL, 10),
(6266, 20, 7, 6, NULL, 17),
(6267, 20, 7, 6, NULL, 24),
(6268, 20, 7, 7, NULL, 11),
(6269, 20, 7, 7, NULL, 18),
(6270, 20, 7, 7, NULL, 1),
(6271, 20, 7, 8, NULL, 2),
(6272, 20, 7, 8, NULL, 3),
(6273, 20, 7, 8, NULL, 4),
(6274, 20, 8, 1, 57, 6),
(6275, 20, 8, 1, 57, 13),
(6276, 20, 8, 1, 57, 20),
(6277, 20, 8, 2, NULL, 7),
(6278, 20, 8, 2, NULL, 14),
(6279, 20, 8, 2, NULL, 21),
(6280, 20, 8, 3, NULL, 8),
(6281, 20, 8, 3, NULL, 15),
(6282, 20, 8, 3, NULL, 22),
(6283, 20, 8, 4, NULL, 9),
(6284, 20, 8, 4, NULL, 16),
(6285, 20, 8, 4, NULL, 23),
(6286, 20, 8, 5, NULL, 10),
(6287, 20, 8, 5, NULL, 17),
(6288, 20, 8, 5, NULL, 24),
(6289, 20, 8, 6, NULL, 11),
(6290, 20, 8, 6, NULL, 18),
(6291, 20, 8, 6, NULL, 1),
(6292, 20, 8, 7, NULL, 12),
(6293, 20, 8, 7, NULL, 19),
(6294, 20, 8, 7, NULL, 2),
(6295, 20, 8, 8, NULL, 3),
(6296, 20, 8, 8, NULL, 4),
(6297, 20, 8, 8, NULL, 5),
(6452, 1, 2, 4, 9, 13),
(6453, 1, 2, 4, 9, 16),
(6454, 1, 2, 5, 9, 11),
(6455, 1, 2, 5, 9, 14),
(6456, 1, 2, 5, 9, 17),
(6457, 1, 2, 6, 9, 12),
(6458, 1, 2, 6, 9, 15),
(6459, 1, 2, 6, 9, 18),
(6460, 1, 2, 7, 15, 19),
(6461, 1, 2, 7, 15, 20),
(6462, 1, 2, 7, 15, 21),
(6463, 1, 2, 8, 16, 22),
(6464, 1, 2, 8, 16, 23),
(6465, 1, 2, 8, 16, 24);

-- --------------------------------------------------------

--
-- Table structure for table `lugares`
--

DROP TABLE IF EXISTS `lugares`;
CREATE TABLE IF NOT EXISTS `lugares` (
  `id` bigint UNSIGNED NOT NULL AUTO_INCREMENT,
  `sala_id` int DEFAULT NULL,
  `nome_lugar` varchar(5) DEFAULT NULL,
  `ocupado` tinyint(1) DEFAULT '0',
  PRIMARY KEY (`id`),
  UNIQUE KEY `id` (`id`),
  KEY `fk_lugar_sala` (`sala_id`)
) ENGINE=InnoDB AUTO_INCREMENT=1201 DEFAULT CHARSET=utf8mb4 COLLATE=utf8mb4_0900_ai_ci;

--
-- Dumping data for table `lugares`
--

INSERT INTO `lugares` (`id`, `sala_id`, `nome_lugar`, `ocupado`) VALUES
(901, 7, 'A1', 0),
(902, 7, 'A2', 0),
(903, 7, 'A3', 0),
(904, 7, 'A4', 0),
(905, 7, 'A5', 0),
(906, 7, 'A6', 0),
(907, 7, 'A7', 0),
(908, 7, 'A8', 0),
(909, 7, 'A9', 0),
(910, 7, 'A10', 0),
(911, 7, 'A11', 0),
(912, 7, 'A12', 0),
(913, 7, 'A13', 0),
(914, 7, 'A14', 0),
(915, 7, 'A15', 0),
(916, 7, 'A16', 0),
(917, 7, 'A17', 0),
(918, 7, 'A18', 0),
(919, 7, 'A19', 0),
(920, 7, 'A20', 0),
(921, 7, 'A21', 0),
(922, 7, 'A22', 0),
(923, 7, 'A23', 0),
(924, 7, 'A24', 0),
(925, 7, 'A25', 0),
(926, 7, 'B1', 0),
(927, 7, 'B2', 0),
(928, 7, 'B3', 0),
(929, 7, 'B4', 0),
(930, 7, 'B5', 0),
(931, 7, 'B6', 0),
(932, 7, 'B7', 0),
(933, 7, 'B8', 0),
(934, 7, 'B9', 0),
(935, 7, 'B10', 0),
(936, 7, 'B11', 0),
(937, 7, 'B12', 0),
(938, 7, 'B13', 0),
(939, 7, 'B14', 0),
(940, 7, 'B15', 0),
(941, 7, 'B16', 0),
(942, 7, 'B17', 0),
(943, 7, 'B18', 0),
(944, 7, 'B19', 0),
(945, 7, 'B20', 0),
(946, 7, 'B21', 0),
(947, 7, 'B22', 0),
(948, 7, 'B23', 0),
(949, 7, 'B24', 0),
(950, 7, 'B25', 0),
(951, 7, 'C1', 0),
(952, 7, 'C2', 0),
(953, 7, 'C3', 0),
(954, 7, 'C4', 0),
(955, 7, 'C5', 0),
(956, 7, 'C6', 0),
(957, 7, 'C7', 0),
(958, 7, 'C8', 0),
(959, 7, 'C9', 0),
(960, 7, 'C10', 0),
(961, 7, 'C11', 0),
(962, 7, 'C12', 0),
(963, 7, 'C13', 0),
(964, 7, 'C14', 0),
(965, 7, 'C15', 0),
(966, 7, 'C16', 0),
(967, 7, 'C17', 0),
(968, 7, 'C18', 0),
(969, 7, 'C19', 0),
(970, 7, 'C20', 0),
(971, 7, 'C21', 0),
(972, 7, 'C22', 0),
(973, 7, 'C23', 0),
(974, 7, 'C24', 0),
(975, 7, 'C25', 0),
(976, 7, 'D1', 0),
(977, 7, 'D2', 0),
(978, 7, 'D3', 0),
(979, 7, 'D4', 0),
(980, 7, 'D5', 0),
(981, 7, 'D6', 0),
(982, 7, 'D7', 0),
(983, 7, 'D8', 0),
(984, 7, 'D9', 0),
(985, 7, 'D10', 0),
(986, 7, 'D11', 0),
(987, 7, 'D12', 0),
(988, 7, 'D13', 0),
(989, 7, 'D14', 0),
(990, 7, 'D15', 0),
(991, 7, 'D16', 0),
(992, 7, 'D17', 0),
(993, 7, 'D18', 0),
(994, 7, 'D19', 0),
(995, 7, 'D20', 0),
(996, 7, 'D21', 0),
(997, 7, 'D22', 0),
(998, 7, 'D23', 0),
(999, 7, 'D24', 0),
(1000, 7, 'D25', 0),
(1001, 7, 'E1', 0),
(1002, 7, 'E2', 0),
(1003, 7, 'E3', 0),
(1004, 7, 'E4', 0),
(1005, 7, 'E5', 0),
(1006, 7, 'E6', 0),
(1007, 7, 'E7', 0),
(1008, 7, 'E8', 0),
(1009, 7, 'E9', 0),
(1010, 7, 'E10', 0),
(1011, 7, 'E11', 0),
(1012, 7, 'E12', 0),
(1013, 7, 'E13', 0),
(1014, 7, 'E14', 0),
(1015, 7, 'E15', 0),
(1016, 7, 'E16', 0),
(1017, 7, 'E17', 0),
(1018, 7, 'E18', 0),
(1019, 7, 'E19', 0),
(1020, 7, 'E20', 0),
(1021, 7, 'E21', 0),
(1022, 7, 'E22', 0),
(1023, 7, 'E23', 0),
(1024, 7, 'E24', 0),
(1025, 7, 'E25', 0),
(1026, 7, 'F1', 0),
(1027, 7, 'F2', 0),
(1028, 7, 'F3', 0),
(1029, 7, 'F4', 0),
(1030, 7, 'F5', 0),
(1031, 7, 'F6', 0),
(1032, 7, 'F7', 0),
(1033, 7, 'F8', 0),
(1034, 7, 'F9', 0),
(1035, 7, 'F10', 0),
(1036, 7, 'F11', 0),
(1037, 7, 'F12', 0),
(1038, 7, 'F13', 0),
(1039, 7, 'F14', 0),
(1040, 7, 'F15', 0),
(1041, 7, 'F16', 0),
(1042, 7, 'F17', 0),
(1043, 7, 'F18', 0),
(1044, 7, 'F19', 0),
(1045, 7, 'F20', 0),
(1046, 7, 'F21', 0),
(1047, 7, 'F22', 0),
(1048, 7, 'F23', 0),
(1049, 7, 'F24', 0),
(1050, 7, 'F25', 0),
(1051, 7, 'G1', 0),
(1052, 7, 'G2', 0),
(1053, 7, 'G3', 0),
(1054, 7, 'G4', 0),
(1055, 7, 'G5', 0),
(1056, 7, 'G6', 0),
(1057, 7, 'G7', 0),
(1058, 7, 'G8', 0),
(1059, 7, 'G9', 0),
(1060, 7, 'G10', 0),
(1061, 7, 'G11', 0),
(1062, 7, 'G12', 0),
(1063, 7, 'G13', 0),
(1064, 7, 'G14', 0),
(1065, 7, 'G15', 0),
(1066, 7, 'G16', 0),
(1067, 7, 'G17', 0),
(1068, 7, 'G18', 0),
(1069, 7, 'G19', 0),
(1070, 7, 'G20', 0),
(1071, 7, 'G21', 0),
(1072, 7, 'G22', 0),
(1073, 7, 'G23', 0),
(1074, 7, 'G24', 0),
(1075, 7, 'G25', 0),
(1076, 7, 'H1', 0),
(1077, 7, 'H2', 0),
(1078, 7, 'H3', 0),
(1079, 7, 'H4', 0),
(1080, 7, 'H5', 0),
(1081, 7, 'H6', 0),
(1082, 7, 'H7', 0),
(1083, 7, 'H8', 0),
(1084, 7, 'H9', 0),
(1085, 7, 'H10', 0),
(1086, 7, 'H11', 0),
(1087, 7, 'H12', 0),
(1088, 7, 'H13', 0),
(1089, 7, 'H14', 0),
(1090, 7, 'H15', 0),
(1091, 7, 'H16', 0),
(1092, 7, 'H17', 0),
(1093, 7, 'H18', 0),
(1094, 7, 'H19', 0),
(1095, 7, 'H20', 0),
(1096, 7, 'H21', 0),
(1097, 7, 'H22', 0),
(1098, 7, 'H23', 0),
(1099, 7, 'H24', 0),
(1100, 7, 'H25', 0),
(1101, 7, 'I1', 0),
(1102, 7, 'I2', 0),
(1103, 7, 'I3', 0),
(1104, 7, 'I4', 0),
(1105, 7, 'I5', 0),
(1106, 7, 'I6', 0),
(1107, 7, 'I7', 0),
(1108, 7, 'I8', 0),
(1109, 7, 'I9', 0),
(1110, 7, 'I10', 0),
(1111, 7, 'I11', 0),
(1112, 7, 'I12', 0),
(1113, 7, 'I13', 0),
(1114, 7, 'I14', 0),
(1115, 7, 'I15', 0),
(1116, 7, 'I16', 0),
(1117, 7, 'I17', 0),
(1118, 7, 'I18', 0),
(1119, 7, 'I19', 0),
(1120, 7, 'I20', 0),
(1121, 7, 'I21', 0),
(1122, 7, 'I22', 0),
(1123, 7, 'I23', 0),
(1124, 7, 'I24', 0),
(1125, 7, 'I25', 0),
(1126, 7, 'J1', 0),
(1127, 7, 'J2', 0),
(1128, 7, 'J3', 0),
(1129, 7, 'J4', 0),
(1130, 7, 'J5', 0),
(1131, 7, 'J6', 0),
(1132, 7, 'J7', 0),
(1133, 7, 'J8', 0),
(1134, 7, 'J9', 0),
(1135, 7, 'J10', 0),
(1136, 7, 'J11', 0),
(1137, 7, 'J12', 0),
(1138, 7, 'J13', 0),
(1139, 7, 'J14', 0),
(1140, 7, 'J15', 0),
(1141, 7, 'J16', 0),
(1142, 7, 'J17', 0),
(1143, 7, 'J18', 0),
(1144, 7, 'J19', 0),
(1145, 7, 'J20', 0),
(1146, 7, 'J21', 0),
(1147, 7, 'J22', 0),
(1148, 7, 'J23', 0),
(1149, 7, 'J24', 0),
(1150, 7, 'J25', 0),
(1151, 8, 'A1', 0),
(1152, 8, 'A2', 0),
(1153, 8, 'A3', 0),
(1154, 8, 'A4', 0),
(1155, 8, 'A5', 0),
(1156, 8, 'A6', 0),
(1157, 8, 'A7', 0),
(1158, 8, 'A8', 0),
(1159, 8, 'A9', 0),
(1160, 8, 'A10', 0),
(1161, 8, 'B1', 0),
(1162, 8, 'B2', 0),
(1163, 8, 'B3', 0),
(1164, 8, 'B4', 0),
(1165, 8, 'B5', 0),
(1166, 8, 'B6', 0),
(1167, 8, 'B7', 0),
(1168, 8, 'B8', 0),
(1169, 8, 'B9', 0),
(1170, 8, 'B10', 0),
(1171, 8, 'C1', 0),
(1172, 8, 'C2', 0),
(1173, 8, 'C3', 0),
(1174, 8, 'C4', 0),
(1175, 8, 'C5', 0),
(1176, 8, 'C6', 0),
(1177, 8, 'C7', 0),
(1178, 8, 'C8', 0),
(1179, 8, 'C9', 0),
(1180, 8, 'C10', 0),
(1181, 8, 'D1', 0),
(1182, 8, 'D2', 0),
(1183, 8, 'D3', 0),
(1184, 8, 'D4', 0),
(1185, 8, 'D5', 0),
(1186, 8, 'D6', 0),
(1187, 8, 'D7', 0),
(1188, 8, 'D8', 0),
(1189, 8, 'D9', 0),
(1190, 8, 'D10', 0),
(1191, 8, 'E1', 0),
(1192, 8, 'E2', 0),
(1193, 8, 'E3', 0),
(1194, 8, 'E4', 0),
(1195, 8, 'E5', 0),
(1196, 8, 'E6', 0),
(1197, 8, 'E7', 0),
(1198, 8, 'E8', 0),
(1199, 8, 'E9', 0),
(1200, 8, 'E10', 0);

-- --------------------------------------------------------

--
-- Table structure for table `menus`
--

DROP TABLE IF EXISTS `menus`;
CREATE TABLE IF NOT EXISTS `menus` (
  `id` int NOT NULL AUTO_INCREMENT,
  `nome` varchar(100) NOT NULL,
  `descricao` varchar(255) DEFAULT NULL,
  `preco_total` decimal(10,2) DEFAULT NULL,
  `imagem_url` varchar(255) DEFAULT NULL,
  PRIMARY KEY (`id`)
) ENGINE=InnoDB AUTO_INCREMENT=8 DEFAULT CHARSET=utf8mb4 COLLATE=utf8mb4_0900_ai_ci;

--
-- Dumping data for table `menus`
--

INSERT INTO `menus` (`id`, `nome`, `descricao`, `preco_total`, `imagem_url`) VALUES
(1, 'Menu Combo', 'Pipocas mais bebida', 8.00, 'imgs/menus/menu_305cdd61.png'),
(2, 'Menu Nachos', 'Nachos mais Coca Cola', 5.50, 'imgs/menus/menu_b2cc8b63.png'),
(3, 'Menu Kids', 'Pipocas mais sumo', 5.00, 'imgs/menus/menu_a5c7990c.png'),
(4, 'Menu chocolate', 'Chocolate e bebida ', 6.50, 'imgs/Snacks/menu5.png'),
(5, 'Menu Combo Duplo', 'dois menus combo', 14.00, 'imgs/menus/menu_a0d5bee1.png');

-- --------------------------------------------------------

--
-- Table structure for table `menu_produtos`
--

DROP TABLE IF EXISTS `menu_produtos`;
CREATE TABLE IF NOT EXISTS `menu_produtos` (
  `id` int NOT NULL AUTO_INCREMENT,
  `menu_id` int NOT NULL,
  `produto_id` int NOT NULL,
  PRIMARY KEY (`id`),
  KEY `fk_menu_produtos_menu` (`menu_id`),
  KEY `fk_menu_produtos_produto` (`produto_id`)
) ENGINE=InnoDB AUTO_INCREMENT=89 DEFAULT CHARSET=utf8mb4 COLLATE=utf8mb4_0900_ai_ci;

--
-- Dumping data for table `menu_produtos`
--

INSERT INTO `menu_produtos` (`id`, `menu_id`, `produto_id`) VALUES
(54, 5, 1),
(55, 5, 17),
(56, 5, 13),
(57, 5, 14),
(58, 5, 16),
(59, 2, 14),
(60, 2, 15),
(61, 2, 13),
(62, 2, 16),
(63, 3, 18),
(64, 3, 19),
(65, 3, 20),
(66, 3, 21),
(67, 3, 1),
(68, 3, 17),
(74, 4, 4),
(75, 4, 7),
(76, 4, 8),
(77, 4, 13),
(78, 4, 14),
(79, 4, 16),
(80, 4, 13),
(81, 4, 14),
(82, 4, 16),
(83, 1, 1),
(84, 1, 14),
(85, 1, 16),
(86, 1, 17),
(87, 1, 13);

-- --------------------------------------------------------

--
-- Table structure for table `pontos_gastos`
--

DROP TABLE IF EXISTS `pontos_gastos`;
CREATE TABLE IF NOT EXISTS `pontos_gastos` (
  `id` int NOT NULL AUTO_INCREMENT,
  `usuario_id` int NOT NULL,
  `premio_id` int NOT NULL,
  `premio_nome` varchar(100) NOT NULL,
  `pontos_gastos` int NOT NULL,
  `codigo_desconto` varchar(20) NOT NULL,
  `data_gasto` timestamp NULL DEFAULT CURRENT_TIMESTAMP,
  PRIMARY KEY (`id`),
  KEY `idx_usuario_gastos` (`usuario_id`),
  KEY `idx_codigo_gastos` (`codigo_desconto`)
) ENGINE=InnoDB AUTO_INCREMENT=19 DEFAULT CHARSET=utf8mb4 COLLATE=utf8mb4_0900_ai_ci;

--
-- Dumping data for table `pontos_gastos`
--

INSERT INTO `pontos_gastos` (`id`, `usuario_id`, `premio_id`, `premio_nome`, `pontos_gastos`, `codigo_desconto`, `data_gasto`) VALUES
(1, 1, 1, 'Coca Cola pequena', 200, 'N2I77ZW8', '2026-01-29 19:39:01'),
(2, 1, 1, 'Coca Cola pequena', 200, '304HUARK', '2026-01-30 12:55:27'),
(3, 1, 1, 'Coca Cola pequena', 200, 'ZATYQ4Y2', '2026-02-02 07:13:05'),
(4, 1, 2, 'Pipocas doces/Salgadas', 300, '8Y4XPMHD', '2026-02-02 08:33:23'),
(5, 1, 8, 'Pretzel', 100, 'XFDVLQ01', '2026-02-02 08:35:41'),
(6, 1, 5, 'Snickers', 200, 'IKL03RDQ', '2026-02-02 08:37:09'),
(7, 1, 2, 'Pipocas doces/Salgadas', 300, 'QBURPNX5', '2026-02-02 08:38:37'),
(8, 1, 1, 'Coca Cola pequena', 200, 'I6YHBW7C', '2026-02-02 10:17:28'),
(9, 1, 8, 'Pretzel', 100, 'TYWM1LXZ', '2026-02-02 10:25:45'),
(10, 1, 5, 'Snickers', 200, 'DXHSAS06', '2026-02-02 10:40:54'),
(11, 1, 1, 'Coca Cola pequena', 200, 'N1JF0MPI', '2026-02-02 11:13:00'),
(12, 1, 8, 'Pretzel', 100, 'TO02VEU6', '2026-02-03 17:05:55'),
(13, 1, 1, 'Coca Cola pequena', 200, 'GJV5CEAZ', '2026-02-03 17:16:26'),
(14, 1, 1, 'Coca Cola pequena', 200, '4YHCU76A', '2026-02-03 18:25:11'),
(15, 1, 8, 'Pretzel', 100, 'MISTDN29', '2026-02-03 18:32:04'),
(16, 14, 8, 'Pretzel', 100, 'Q3NGFS3T', '2026-02-10 20:56:09'),
(17, 1, 1, 'Coca Cola pequena', 200, 'C4D84HBZ', '2026-02-15 19:48:43'),
(18, 1, 2, 'Pipocas doces/Salgadas', 300, 'NVB3M0B3', '2026-02-15 22:41:07');

-- --------------------------------------------------------

--
-- Table structure for table `premios`
--

DROP TABLE IF EXISTS `premios`;
CREATE TABLE IF NOT EXISTS `premios` (
  `id` int NOT NULL AUTO_INCREMENT,
  `nome` varchar(100) DEFAULT NULL,
  `img_url` varchar(255) DEFAULT NULL,
  `pontos` int DEFAULT NULL,
  PRIMARY KEY (`id`)
) ENGINE=MyISAM AUTO_INCREMENT=9 DEFAULT CHARSET=utf8mb4 COLLATE=utf8mb4_0900_ai_ci;

--
-- Dumping data for table `premios`
--

INSERT INTO `premios` (`id`, `nome`, `img_url`, `pontos`) VALUES
(1, 'Coca Cola pequena', 'imgs\\Snacks\\Coca.png\"', 200),
(2, 'Pipocas doces/Salgadas', 'imgs\\Snacks\\pipocas.png\"', 300),
(3, 'Bilhete CineVibe', 'imgs\\ticket\\ticket.png\"', 1000),
(4, 'Fanta pequena', 'imgs\\Snacks\\Fanta.png\"', 200),
(5, 'Snickers', 'imgs\\Snacks\\dutyfree-removebg-preview.png\"', 200),
(6, 'Gomas(fini)', 'imgs\\Snacks\\gomas3.png\"', 300),
(7, 'Doritos', 'imgs\\Snacks\\Doritos.png\"', 400),
(8, 'Pretzel', 'imgs\\Snacks\\R.png\"', 100);

-- --------------------------------------------------------

--
-- Table structure for table `recompensas`
--

DROP TABLE IF EXISTS `recompensas`;
CREATE TABLE IF NOT EXISTS `recompensas` (
  `id` int NOT NULL AUTO_INCREMENT,
  `titulo` varchar(100) NOT NULL,
  `descricao` text,
  `custo_pontos` int NOT NULL,
  `imagem` varchar(255) DEFAULT NULL,
  `ativo` tinyint(1) DEFAULT '1',
  `created_at` timestamp NULL DEFAULT CURRENT_TIMESTAMP,
  PRIMARY KEY (`id`)
) ENGINE=MyISAM AUTO_INCREMENT=7 DEFAULT CHARSET=utf8mb4 COLLATE=utf8mb4_0900_ai_ci;

--
-- Dumping data for table `recompensas`
--

INSERT INTO `recompensas` (`id`, `titulo`, `descricao`, `custo_pontos`, `imagem`, `ativo`, `created_at`) VALUES
(1, 'Pipocas Médias', 'Uma porção de pipocas médias grátis', 100, 'imgs/Snacks/pipocas.png', 1, '2025-11-19 17:48:53'),
(2, 'Bebida Grande', 'Uma bebida grande à tua escolha', 200, 'imgs/Snacks/Coca.png', 1, '2025-11-19 17:48:53'),
(3, 'Bilhete Grátis', 'Um bilhete para qualquer sessão 2D', 300, 'imgs/icons/encomenda.png', 1, '2025-11-19 17:48:53'),
(4, 'Combo Duplo', '2 bilhetes + 2 pipocas + 2 bebidas', 500, 'imgs/Snacks/pipocas.png', 1, '2025-11-19 17:48:53'),
(5, 'Upgrade VIP', 'Upgrade para sala VIP em qualquer sessão', 800, 'imgs/icons/wheel-removebg-preview.png', 1, '2025-11-19 17:48:53'),
(6, 'Sessão Privada', 'Uma sessão privada para até 10 pessoas', 1000, 'imgs/icons/sessao.png', 1, '2025-11-19 17:48:53');

-- --------------------------------------------------------

--
-- Table structure for table `reservas`
--

DROP TABLE IF EXISTS `reservas`;
CREATE TABLE IF NOT EXISTS `reservas` (
  `id` bigint UNSIGNED NOT NULL AUTO_INCREMENT,
  `id_horario_sessao` int NOT NULL,
  `data_sessao` date NOT NULL DEFAULT '2024-01-01' COMMENT 'Data específica da sessão reservada',
  `id_filme` int NOT NULL,
  `id_cinema` int NOT NULL,
  `id_tipo_sessao` int NOT NULL,
  `id_usuario` int DEFAULT NULL,
  `nome_cliente` varchar(255) NOT NULL,
  `email_cliente` varchar(255) NOT NULL,
  `telefone_cliente` varchar(50) DEFAULT NULL,
  `data_reserva` timestamp NULL DEFAULT CURRENT_TIMESTAMP,
  `status` enum('pendente','confirmada','cancelada') DEFAULT 'confirmada',
  `total` decimal(10,2) NOT NULL DEFAULT '0.00',
  `metodo_pagamento` varchar(50) NOT NULL DEFAULT 'cartao',
  `lugares` text NOT NULL,
  PRIMARY KEY (`id`),
  UNIQUE KEY `id` (`id`),
  KEY `filme_id` (`id_filme`),
  KEY `cinema_id` (`id_cinema`),
  KEY `tipo_sessao_id` (`id_tipo_sessao`),
  KEY `idx_data_sessao` (`data_sessao`),
  KEY `fk_reserva_horario_sessao` (`id_horario_sessao`)
) ENGINE=InnoDB AUTO_INCREMENT=766 DEFAULT CHARSET=utf8mb4 COLLATE=utf8mb4_0900_ai_ci;

--
-- Dumping data for table `reservas`
--

INSERT INTO `reservas` (`id`, `id_horario_sessao`, `data_sessao`, `id_filme`, `id_cinema`, `id_tipo_sessao`, `id_usuario`, `nome_cliente`, `email_cliente`, `telefone_cliente`, `data_reserva`, `status`, `total`, `metodo_pagamento`, `lugares`) VALUES
(94, 6152, '2025-11-25', 19, 8, 8, NULL, 'Ana', 'anastasia.kiri.ana@gmail.com', '963920394', '2025-11-25 12:02:59', 'confirmada', 0.00, 'cartao', 'G8'),
(95, 6152, '2025-11-25', 19, 8, 8, NULL, 'Ana', 'anastasia.kiri.ana@gmail.com', '963920394', '2025-11-25 12:02:59', 'confirmada', 0.00, 'cartao', 'G9'),
(112, 250, '2025-12-04', 2, 8, 8, NULL, 'Afonso David', 'afonso2008david@gmail.com', '968729949', '2025-12-04 19:20:28', 'confirmada', 0.00, 'cartao', 'E12'),
(113, 250, '2025-12-04', 2, 8, 8, NULL, 'Afonso David', 'afonso2008david@gmail.com', '968729949', '2025-12-04 19:20:28', 'confirmada', 0.00, 'cartao', 'E13'),
(114, 250, '2025-12-04', 2, 8, 8, NULL, 'Afonso David', 'afonso2008david@gmail.com', '968729949', '2025-12-04 19:48:27', 'confirmada', 0.00, 'cartao', 'E7'),
(115, 250, '2025-12-04', 2, 8, 8, NULL, 'Afonso David', 'afonso2008david@gmail.com', '968729949', '2025-12-04 19:48:27', 'confirmada', 0.00, 'cartao', 'E8'),
(116, 946, '2025-12-04', 7, 8, 8, NULL, 'Afonso David', 'afonso2008david@gmail.com', '968729949', '2025-12-04 20:59:52', 'confirmada', 0.00, 'cartao', 'I8'),
(117, 946, '2025-12-04', 7, 8, 8, NULL, 'Afonso David', 'afonso2008david@gmail.com', '968729949', '2025-12-04 20:59:52', 'confirmada', 0.00, 'cartao', 'I9'),
(124, 237, '2025-12-05', 2, 8, 2, NULL, 'Afonso David', 'afonso2008david@gmail.com', '968729949', '2025-12-04 21:02:04', 'confirmada', 0.00, 'cartao', 'J2'),
(126, 237, '2025-12-05', 2, 8, 2, NULL, 'Afonso David', 'afonso2008david@gmail.com', '968729949', '2025-12-04 21:02:04', 'confirmada', 0.00, 'cartao', 'J3'),
(128, 6440, '2025-12-05', 1, 8, 8, NULL, 'Afonso David', 'afonso2008david@gmail.com', '968729949', '2025-12-04 21:03:15', 'confirmada', 0.00, 'cartao', 'I4'),
(129, 6440, '2025-12-05', 1, 8, 8, NULL, 'Afonso David', 'afonso2008david@gmail.com', '968729949', '2025-12-04 21:03:15', 'confirmada', 0.00, 'cartao', 'I5'),
(132, 238, '2025-12-06', 2, 8, 2, NULL, 'Afonso David', 'afonso2008david@gmail.com', '968729949', '2025-12-04 21:04:12', 'confirmada', 0.00, 'cartao', 'D8'),
(134, 238, '2025-12-06', 2, 8, 2, NULL, 'Afonso David', 'afonso2008david@gmail.com', '968729949', '2025-12-04 21:04:12', 'confirmada', 0.00, 'cartao', 'D9'),
(138, 238, '2025-12-05', 2, 8, 2, NULL, 'Afonso David', 'afonso2008david@gmail.com', '968729949', '2025-12-04 23:55:16', 'confirmada', 0.00, 'cartao', 'K3'),
(139, 238, '2025-12-05', 2, 8, 2, NULL, 'Afonso David', 'afonso2008david@gmail.com', '968729949', '2025-12-04 23:55:17', 'confirmada', 0.00, 'cartao', 'K4'),
(144, 334, '2025-12-06', 3, 8, 2, NULL, 'Afonso David', 'afonso2008david@gmail.com', '968729949', '2025-12-05 00:02:26', 'confirmada', 0.00, 'cartao', 'C5'),
(145, 334, '2025-12-06', 3, 8, 2, NULL, 'Afonso David', 'afonso2008david@gmail.com', '968729949', '2025-12-05 00:02:26', 'confirmada', 0.00, 'cartao', 'C6'),
(146, 2726, '2025-12-07', 10, 8, 2, NULL, 'Afonso David', 'afonso2008david@gmail.com', '968729949', '2025-12-05 00:03:30', 'confirmada', 0.00, 'cartao', 'I12'),
(147, 2726, '2025-12-07', 10, 8, 2, NULL, 'Afonso David', 'afonso2008david@gmail.com', '968729949', '2025-12-05 00:03:30', 'confirmada', 0.00, 'cartao', 'I13'),
(158, 852, '2025-12-10', 6, 8, 5, NULL, 'Afonso David', 'afonso2008david@gmail.com', '963315105', '2025-12-10 15:40:46', 'confirmada', 0.00, 'cartao', 'G16'),
(159, 852, '2025-12-10', 6, 8, 5, NULL, 'Afonso David', 'afonso2008david@gmail.com', '963315105', '2025-12-10 15:40:46', 'confirmada', 0.00, 'cartao', 'G17'),
(200, 243, '2025-12-14', 2, 8, 5, NULL, 'Afonso David', 'afonso2008david@gmail.com', '963315105', '2025-12-13 16:34:37', 'confirmada', 0.00, 'cartao', 'A16'),
(201, 243, '2025-12-14', 2, 8, 5, NULL, 'Afonso David', 'afonso2008david@gmail.com', '963315105', '2025-12-13 16:34:37', 'confirmada', 0.00, 'cartao', 'A17'),
(205, 237, '2025-12-15', 2, 8, 2, NULL, 'Afonso David', 'afonso2008dmail@gmail.com', '963315105', '2025-12-14 18:45:18', 'confirmada', 0.00, 'cartao', 'H3'),
(206, 237, '2025-12-15', 2, 8, 2, NULL, 'Afonso David', 'afonso2008dmail@gmail.com', '963315105', '2025-12-14 18:45:18', 'confirmada', 0.00, 'cartao', 'H4'),
(207, 845, '2025-12-15', 6, 8, 2, NULL, 'Afonso David', 'afonso2008david@gmail.com', NULL, '2025-12-14 18:46:44', 'confirmada', 0.00, 'cartao', 'I12'),
(208, 845, '2025-12-15', 6, 8, 2, NULL, 'Afonso David', 'afonso2008david@gmail.com', NULL, '2025-12-14 18:46:44', 'confirmada', 0.00, 'cartao', 'I13'),
(209, 5568, '2025-12-14', 15, 8, 5, NULL, 'Afonso David', 'afonso2008david@gmail.com', '963315105', '2025-12-14 18:49:27', 'confirmada', 0.00, 'cartao', 'K2'),
(210, 5568, '2025-12-14', 15, 8, 5, NULL, 'Afonso David', 'afonso2008david@gmail.com', '963315105', '2025-12-14 18:49:27', 'confirmada', 0.00, 'cartao', 'K3'),
(211, 3548, '2025-12-16', 9, 8, 2, NULL, 'Afonso David', 'afonso2008david@gmail.com', NULL, '2025-12-15 17:10:15', 'confirmada', 0.00, 'cartao', 'C25'),
(214, 243, '2025-12-16', 2, 8, 5, NULL, 'Afonso David', 'afonso2008david@gmail.com', NULL, '2025-12-15 21:14:29', 'confirmada', 0.00, 'cartao', 'I10'),
(215, 243, '2025-12-16', 2, 8, 5, NULL, 'Afonso David', 'afonso2008david@gmail.com', NULL, '2025-12-15 21:14:29', 'confirmada', 0.00, 'cartao', 'I11'),
(219, 243, '2025-12-18', 2, 8, 1, NULL, 'Afonso David', 'afonso2008david@gmail.com', '', '2025-12-17 17:54:17', 'confirmada', 0.00, 'cartao', 'G12'),
(220, 243, '2025-12-18', 2, 8, 1, NULL, 'Afonso David', 'afonso2008david@gmail.com', '', '2025-12-17 17:54:17', 'confirmada', 0.00, 'cartao', 'G13'),
(222, 243, '2025-12-18', 2, 8, 1, NULL, 'Afonso David', 'afonso2008david@gmail.com', '', '2025-12-17 17:56:57', 'confirmada', 0.00, 'cartao', 'G25'),
(223, 243, '2025-12-18', 2, 8, 1, NULL, 'Afonso David', 'afonso2008david@gmail.com', '', '2025-12-17 17:56:57', 'confirmada', 0.00, 'cartao', 'G26'),
(224, 243, '2025-12-18', 2, 8, 1, NULL, 'Afonso David', 'afonso2008david@gmail.com', '', '2025-12-17 17:56:57', 'confirmada', 0.00, 'cartao', 'G27'),
(226, 243, '2025-12-18', 2, 8, 1, NULL, 'Afonso David', 'afonso2008david@gmail.com', '', '2025-12-17 17:56:57', 'confirmada', 0.00, 'cartao', 'G28'),
(227, 243, '2025-12-18', 2, 8, 1, NULL, 'Afonso David', 'afonso2008david@gmail.com', '', '2025-12-17 17:56:57', 'confirmada', 0.00, 'cartao', 'G29'),
(228, 243, '2025-12-18', 2, 8, 1, NULL, 'Afonso David', 'afonso2008david@gmail.com', '', '2025-12-17 17:56:57', 'confirmada', 0.00, 'cartao', 'G30'),
(232, 243, '2025-12-18', 2, 8, 1, NULL, 'Afonso David', 'afonso2008david@gmail.com', '', '2025-12-17 18:01:25', 'confirmada', 0.00, 'cartao', 'G16'),
(233, 243, '2025-12-18', 2, 8, 1, NULL, 'Afonso David', 'afonso2008david@gmail.com', '', '2025-12-17 18:01:25', 'confirmada', 0.00, 'cartao', 'G17'),
(246, 243, '2025-12-18', 2, 8, 1, NULL, 'Afonso David', 'afonso2008david@gmail.com', '', '2025-12-17 18:38:17', 'confirmada', 0.00, 'cartao', 'I19'),
(247, 243, '2025-12-18', 2, 8, 1, NULL, 'Afonso David', 'afonso2008david@gmail.com', '', '2025-12-17 18:38:17', 'confirmada', 0.00, 'cartao', 'I20'),
(248, 243, '2025-12-18', 2, 8, 1, NULL, 'Nastya Kiryeyev', 'ananastasiakiri@gmail.com', '', '2025-12-17 18:41:36', 'confirmada', 0.00, 'cartao', 'K30'),
(249, 243, '2025-12-18', 2, 8, 1, NULL, 'Nastya Kiryeyev', 'ananastasiakiri@gmail.com', '', '2025-12-17 18:41:36', 'confirmada', 0.00, 'cartao', 'K31'),
(250, 243, '2025-12-18', 2, 8, 1, NULL, 'Afonso david', 'afonso2008david@gmail.com', '', '2025-12-17 18:43:01', 'confirmada', 0.00, 'cartao', 'H18'),
(251, 243, '2025-12-18', 2, 8, 1, NULL, 'Afonso david', 'afonso2008david@gmail.com', '', '2025-12-17 18:43:01', 'confirmada', 0.00, 'cartao', 'H19'),
(254, 243, '2025-12-18', 2, 8, 1, NULL, 'Afonso David', 'afonso2008david@gmail.com', '', '2025-12-17 18:50:04', 'confirmada', 0.00, 'cartao', 'D5'),
(255, 243, '2025-12-18', 2, 8, 1, NULL, 'Afonso David', 'afonso2008david@gmail.com', '', '2025-12-17 18:50:04', 'confirmada', 0.00, 'cartao', 'D6'),
(256, 243, '2025-12-18', 2, 8, 1, NULL, 'Afonso David', 'afonso2008david@gmail.com', '', '2025-12-17 18:54:08', 'confirmada', 0.00, 'cartao', 'J19'),
(257, 243, '2025-12-18', 2, 8, 1, NULL, 'Afonso David', 'afonso2008david@gmail.com', '', '2025-12-17 18:54:08', 'confirmada', 0.00, 'cartao', 'J20'),
(266, 243, '2025-12-18', 2, 8, 1, NULL, 'António Silva', 'afonso2008david@gmail.com', '', '2025-12-17 19:05:10', 'confirmada', 0.00, 'cartao', 'H26'),
(267, 243, '2025-12-18', 2, 8, 1, NULL, 'António Silva', 'afonso2008david@gmail.com', '', '2025-12-17 19:05:10', 'confirmada', 0.00, 'cartao', 'H27'),
(277, 243, '2025-12-18', 2, 8, 1, NULL, 'Afonso David', 'afonso2008david@gmail.com', '', '2025-12-17 22:26:34', 'confirmada', 0.00, 'cartao', 'L13'),
(278, 243, '2025-12-18', 2, 8, 1, NULL, 'Afonso David', 'afonso2008david@gmail.com', '', '2025-12-17 22:26:34', 'confirmada', 0.00, 'cartao', 'L14'),
(331, 237, '2025-12-18', 2, 8, 2, NULL, 'Afonso David', 'afonso2008david@gmail.com', '', '2025-12-18 10:31:56', 'confirmada', 0.00, 'cartao', 'I23'),
(332, 237, '2025-12-18', 2, 8, 2, NULL, 'Afonso David', 'afonso2008david@gmail.com', '', '2025-12-18 10:31:56', 'confirmada', 0.00, 'cartao', 'I24'),
(333, 6421, '2025-12-18', 1, 8, 2, NULL, 'Afonso David', 'afonso2008david@gmail.com', '', '2025-12-18 10:47:41', 'confirmada', 0.00, 'cartao', 'C1'),
(334, 6421, '2025-12-18', 1, 8, 2, NULL, 'Afonso David', 'afonso2008david@gmail.com', '', '2025-12-18 10:47:41', 'confirmada', 0.00, 'cartao', 'C2'),
(357, 6419, '2025-12-18', 1, 8, 1, NULL, 'Teste Debug', 'debug@test.com', '123456789', '2025-12-18 13:18:17', 'confirmada', 0.00, 'cartao', 'A1'),
(358, 6419, '2025-12-18', 1, 8, 1, NULL, 'Teste Debug', 'debug@test.com', '123456789', '2025-12-18 13:18:17', 'confirmada', 0.00, 'cartao', 'A2'),
(365, 6419, '2025-12-18', 1, 8, 4, NULL, 'Teste Debug', 'debug@test.com', '', '2025-12-18 13:50:59', 'confirmada', 0.00, 'cartao', 'Z1'),
(366, 6419, '2025-12-18', 1, 8, 4, NULL, 'Teste Debug', 'debug@test.com', '', '2025-12-18 13:50:59', 'confirmada', 0.00, 'cartao', 'Z2'),
(367, 6419, '2025-12-18', 2, 8, 1, NULL, 'Teste Filme', 'filme@test.com', '', '2025-12-18 13:56:39', 'confirmada', 0.00, 'cartao', 'X1'),
(368, 6419, '2025-12-18', 2, 8, 1, NULL, 'Teste Filme', 'filme@test.com', '', '2025-12-18 13:56:39', 'confirmada', 0.00, 'cartao', 'X2'),
(371, 235, '2025-12-19', 2, 8, 1, NULL, 'Afonso David', 'afonso2008david@gmail.com', '963315105', '2025-12-18 14:30:58', 'confirmada', 0.00, 'cartao', 'J28'),
(372, 235, '2025-12-19', 2, 8, 1, NULL, 'Afonso David', 'afonso2008david@gmail.com', '963315105', '2025-12-18 14:30:58', 'confirmada', 0.00, 'cartao', 'J29'),
(373, 235, '2025-12-19', 2, 8, 1, NULL, 'Afonso David', 'afonso2008david@gmail.com', '963315105', '2025-12-18 14:30:58', 'confirmada', 0.00, 'cartao', 'J30'),
(374, 235, '2025-12-19', 2, 8, 1, NULL, 'Afonso David', 'afonso2008david@gmail.com', '963315105', '2025-12-18 14:30:58', 'confirmada', 0.00, 'cartao', 'J31'),
(375, 235, '2025-12-19', 2, 8, 1, NULL, 'Afonso David', 'afonso2008david@gmail.com', '963315105', '2025-12-18 14:30:58', 'confirmada', 0.00, 'cartao', 'J32'),
(380, 6438, '2026-01-08', 1, 8, 7, NULL, 'António Silva', 'afonso2008david@gmail.com', '963315105', '2026-01-05 17:09:39', 'confirmada', 0.00, 'cartao', 'J7'),
(381, 6438, '2026-01-08', 1, 8, 7, NULL, 'António Silva', 'afonso2008david@gmail.com', '963315105', '2026-01-05 17:09:39', 'confirmada', 0.00, 'cartao', 'J8'),
(382, 6438, '2026-01-08', 1, 8, 7, NULL, 'António Silva', 'afonso2008david@gmail.com', '963315105', '2026-01-05 17:09:39', 'confirmada', 0.00, 'cartao', 'J9'),
(383, 6438, '2026-01-08', 1, 8, 7, NULL, 'António Silva', 'afonso2008david@gmail.com', '963315105', '2026-01-05 17:09:39', 'confirmada', 0.00, 'cartao', 'J10'),
(384, 6438, '2026-01-08', 1, 8, 7, NULL, 'António Silva', 'afonso2008david@gmail.com', '963315105', '2026-01-05 17:09:39', 'confirmada', 0.00, 'cartao', 'J11'),
(433, 155, '2026-01-11', 1, 1, 1, NULL, 'Teste User', 'teste@teste.com', NULL, '2026-01-10 23:50:11', 'confirmada', 17.00, 'visa', 'A1,A2'),
(435, 155, '2026-01-11', 1, 1, 1, NULL, 'Teste User', 'teste@teste.com', NULL, '2026-01-10 23:59:50', 'confirmada', 17.00, 'visa', 'A1,A2'),
(436, 155, '2026-01-11', 1, 1, 1, NULL, 'Teste User', 'teste@teste.com', NULL, '2026-01-11 00:03:21', 'confirmada', 17.00, 'visa', 'A1,A2'),
(441, 155, '2026-01-11', 1, 1, 1, NULL, 'Teste User', 'teste@teste.com', NULL, '2026-01-11 00:20:44', 'confirmada', 17.00, 'visa', 'A1,A2'),
(444, 235, '2026-01-12', 2, 8, 1, NULL, 'Afonso David', 'afonso2008david@gmail.com', NULL, '2026-01-11 13:17:51', 'confirmada', 26.78, 'apple', 'A11,A12,A13'),
(473, 36849, '2025-12-14', 1, 1, 5, 29, 'Teste User', 'teste@cinevibe.com', NULL, '2026-01-13 13:12:27', 'confirmada', 8.50, 'cartao', 'A1'),
(474, 36850, '2025-12-29', 2, 1, 5, 29, 'Teste User', 'teste@cinevibe.com', NULL, '2026-01-13 13:12:27', 'confirmada', 8.50, 'cartao', 'A2'),
(475, 36851, '2026-01-06', 3, 1, 2, 29, 'Teste User', 'teste@cinevibe.com', NULL, '2026-01-13 13:12:27', 'confirmada', 8.50, 'cartao', 'A3'),
(476, 36852, '2026-01-14', 4, 1, 7, 29, 'Teste User', 'teste@cinevibe.com', NULL, '2026-01-13 13:12:27', 'confirmada', 8.50, 'cartao', 'A4'),
(477, 36853, '2026-01-20', 5, 1, 5, 29, 'Teste User', 'teste@cinevibe.com', NULL, '2026-01-13 13:12:27', 'confirmada', 8.50, 'cartao', 'A5'),
(478, 36854, '2026-01-28', 6, 1, 6, 29, 'Teste User', 'teste@cinevibe.com', NULL, '2026-01-13 13:12:27', 'confirmada', 8.50, 'cartao', 'A6'),
(479, 36855, '2026-01-12', 32, 1, 2, 1, 'Afonso', 'afonso@cinevibe.com', NULL, '2026-01-13 13:16:49', 'confirmada', 10.86, 'cartao', 'A1'),
(481, 36857, '2025-12-29', 4, 1, 4, 1, 'Afonso', 'afonso@cinevibe.com', NULL, '2026-01-13 13:16:49', 'confirmada', 11.77, 'cartao', 'B1'),
(482, 36858, '2025-12-28', 28, 1, 2, 1, 'Afonso', 'afonso@cinevibe.com', NULL, '2026-01-13 13:16:49', 'confirmada', 9.44, 'cartao', 'B2'),
(483, 36859, '2025-12-12', 40, 1, 2, 1, 'Afonso', 'afonso@cinevibe.com', NULL, '2026-01-13 13:16:49', 'confirmada', 9.21, 'cartao', 'C1'),
(484, 36860, '2025-12-07', 12, 1, 1, 1, 'Afonso', 'afonso@cinevibe.com', NULL, '2026-01-13 13:16:49', 'confirmada', 10.59, 'cartao', 'C2'),
(485, 36861, '2025-11-14', 15, 1, 1, 1, 'Afonso', 'afonso@cinevibe.com', NULL, '2026-01-13 13:16:49', 'confirmada', 8.39, 'cartao', 'D1'),
(486, 36862, '2025-11-07', 3, 1, 1, 1, 'Afonso', 'afonso@cinevibe.com', NULL, '2026-01-13 13:16:49', 'confirmada', 9.45, 'cartao', 'D2'),
(487, 36863, '2025-11-05', 23, 1, 7, 1, 'Afonso', 'afonso@cinevibe.com', NULL, '2026-01-13 13:16:50', 'confirmada', 10.54, 'cartao', 'E1'),
(488, 36864, '2025-11-04', 19, 1, 2, 1, 'Afonso', 'afonso@cinevibe.com', NULL, '2026-01-13 13:16:50', 'confirmada', 9.66, 'cartao', 'E2'),
(489, 36865, '2025-10-15', 9, 1, 1, 1, 'Afonso', 'afonso@cinevibe.com', NULL, '2026-01-13 13:16:50', 'confirmada', 10.53, 'cartao', 'F1'),
(490, 36866, '2025-10-14', 5, 1, 2, 1, 'Afonso', 'afonso@cinevibe.com', NULL, '2026-01-13 13:16:50', 'confirmada', 11.21, 'cartao', 'F2'),
(491, 36867, '2025-10-11', 39, 1, 5, 1, 'Afonso', 'afonso@cinevibe.com', NULL, '2026-01-13 13:16:50', 'confirmada', 8.84, 'cartao', 'G1'),
(492, 36868, '2025-09-29', 31, 1, 1, 1, 'Afonso', 'afonso@cinevibe.com', NULL, '2026-01-13 13:16:50', 'confirmada', 7.64, 'cartao', 'G2'),
(493, 36869, '2025-09-26', 42, 1, 1, 1, 'Afonso', 'afonso@cinevibe.com', NULL, '2026-01-13 13:16:50', 'confirmada', 11.89, 'cartao', 'H1'),
(495, 36871, '2025-08-23', 35, 1, 5, 1, 'Afonso', 'afonso@cinevibe.com', NULL, '2026-01-13 13:16:50', 'confirmada', 10.65, 'cartao', 'I1'),
(497, 36873, '2025-07-30', 38, 1, 2, 1, 'Afonso', 'afonso@cinevibe.com', NULL, '2026-01-13 13:16:50', 'confirmada', 11.36, 'cartao', 'J1'),
(498, 36874, '2025-07-25', 30, 1, 5, 1, 'Afonso', 'afonso@cinevibe.com', NULL, '2026-01-13 13:16:50', 'confirmada', 10.98, 'cartao', 'J2'),
(499, 36875, '2025-11-09', 15, 1, 5, 30, 'Maria Silva', 'maria.silva@email.com', NULL, '2026-01-13 13:53:08', 'confirmada', 6.89, 'cartao', 'B3'),
(500, 36876, '2025-12-24', 34, 3, 7, 30, 'Maria Silva', 'maria.silva@email.com', NULL, '2026-01-13 13:53:08', 'confirmada', 8.64, 'cartao', 'E2'),
(501, 36877, '2026-01-06', 28, 3, 4, 30, 'Maria Silva', 'maria.silva@email.com', NULL, '2026-01-13 13:53:08', 'confirmada', 16.07, 'cartao', 'B2'),
(502, 36878, '2025-12-12', 32, 3, 7, 30, 'Maria Silva', 'maria.silva@email.com', NULL, '2026-01-13 13:53:08', 'confirmada', 8.83, 'cartao', 'E7'),
(504, 36880, '2025-08-28', 35, 2, 4, 30, 'Maria Silva', 'maria.silva@email.com', NULL, '2026-01-13 13:53:08', 'confirmada', 16.70, 'cartao', 'C7'),
(519, 36895, '2025-11-07', 13, 2, 6, 33, 'Pedro Oliveira', 'pedro.oliveira@email.com', NULL, '2026-01-13 13:53:08', 'confirmada', 11.36, 'cartao', 'C4'),
(520, 36896, '2025-08-06', 18, 3, 5, 33, 'Pedro Oliveira', 'pedro.oliveira@email.com', NULL, '2026-01-13 13:53:08', 'confirmada', 8.73, 'cartao', 'B5'),
(521, 36897, '2025-12-29', 12, 2, 5, 33, 'Pedro Oliveira', 'pedro.oliveira@email.com', NULL, '2026-01-13 13:53:08', 'confirmada', 7.68, 'cartao', 'C7'),
(522, 36898, '2025-10-14', 19, 3, 5, 33, 'Pedro Oliveira', 'pedro.oliveira@email.com', NULL, '2026-01-13 13:53:08', 'confirmada', 8.53, 'cartao', 'C8'),
(523, 36899, '2025-11-27', 9, 2, 4, 33, 'Pedro Oliveira', 'pedro.oliveira@email.com', NULL, '2026-01-13 13:53:08', 'confirmada', 16.48, 'cartao', 'D5'),
(524, 36900, '2025-10-28', 12, 2, 8, 34, 'Sofia Ferreira', 'sofia.ferreira@email.com', NULL, '2026-01-13 13:53:08', 'confirmada', 8.78, 'cartao', 'C8'),
(525, 36901, '2026-01-02', 39, 2, 4, 34, 'Sofia Ferreira', 'sofia.ferreira@email.com', NULL, '2026-01-13 13:53:08', 'confirmada', 15.15, 'cartao', 'E3'),
(527, 36903, '2025-10-25', 28, 1, 5, 34, 'Sofia Ferreira', 'sofia.ferreira@email.com', NULL, '2026-01-13 13:53:08', 'confirmada', 6.82, 'cartao', 'B9'),
(528, 36904, '2025-08-25', 29, 1, 6, 34, 'Sofia Ferreira', 'sofia.ferreira@email.com', NULL, '2026-01-13 13:53:08', 'confirmada', 12.25, 'cartao', 'A9'),
(529, 36905, '2025-07-17', 10, 1, 2, 34, 'Sofia Ferreira', 'sofia.ferreira@email.com', NULL, '2026-01-13 13:53:08', 'confirmada', 10.07, 'cartao', 'E5'),
(530, 36906, '2025-12-11', 1, 2, 5, 34, 'Sofia Ferreira', 'sofia.ferreira@email.com', NULL, '2026-01-13 13:53:08', 'confirmada', 8.63, 'cartao', 'B6'),
(531, 36907, '2025-12-23', 34, 2, 1, 34, 'Sofia Ferreira', 'sofia.ferreira@email.com', NULL, '2026-01-13 13:53:08', 'confirmada', 13.62, 'cartao', 'D10'),
(532, 36908, '2025-09-21', 2, 3, 2, 34, 'Sofia Ferreira', 'sofia.ferreira@email.com', NULL, '2026-01-13 13:53:08', 'confirmada', 11.03, 'cartao', 'A7'),
(533, 36909, '2025-10-27', 31, 1, 4, 34, 'Sofia Ferreira', 'sofia.ferreira@email.com', NULL, '2026-01-13 13:53:08', 'confirmada', 14.48, 'cartao', 'B2'),
(534, 36910, '2025-11-01', 42, 1, 5, 34, 'Sofia Ferreira', 'sofia.ferreira@email.com', NULL, '2026-01-13 13:53:08', 'confirmada', 6.81, 'cartao', 'A3'),
(535, 36911, '2025-08-06', 32, 2, 2, 34, 'Sofia Ferreira', 'sofia.ferreira@email.com', NULL, '2026-01-13 13:53:08', 'confirmada', 11.76, 'cartao', 'B1'),
(536, 36912, '2025-08-31', 3, 2, 2, 34, 'Sofia Ferreira', 'sofia.ferreira@email.com', NULL, '2026-01-13 13:53:08', 'confirmada', 11.83, 'cartao', 'A7'),
(537, 36913, '2025-11-09', 27, 1, 5, 35, 'Miguel Rodrigues', 'miguel.rodrigues@email.com', NULL, '2026-01-13 13:53:08', 'confirmada', 8.09, 'cartao', 'B10'),
(538, 36914, '2025-09-13', 40, 2, 4, 35, 'Miguel Rodrigues', 'miguel.rodrigues@email.com', NULL, '2026-01-13 13:53:08', 'confirmada', 16.95, 'cartao', 'D3'),
(539, 36915, '2025-08-21', 3, 3, 1, 35, 'Miguel Rodrigues', 'miguel.rodrigues@email.com', NULL, '2026-01-13 13:53:08', 'confirmada', 12.27, 'cartao', 'C9'),
(540, 36916, '2025-10-21', 8, 1, 7, 35, 'Miguel Rodrigues', 'miguel.rodrigues@email.com', NULL, '2026-01-13 13:53:08', 'confirmada', 9.41, 'cartao', 'C10'),
(541, 36917, '2025-10-05', 2, 1, 5, 35, 'Miguel Rodrigues', 'miguel.rodrigues@email.com', NULL, '2026-01-13 13:53:08', 'confirmada', 9.35, 'cartao', 'B10'),
(542, 36918, '2025-08-27', 1, 3, 5, 35, 'Miguel Rodrigues', 'miguel.rodrigues@email.com', NULL, '2026-01-13 13:53:08', 'confirmada', 8.23, 'cartao', 'D6'),
(543, 36919, '2025-10-17', 35, 2, 2, 35, 'Miguel Rodrigues', 'miguel.rodrigues@email.com', NULL, '2026-01-13 13:53:08', 'confirmada', 10.67, 'cartao', 'D5'),
(544, 36920, '2025-08-13', 19, 1, 1, 35, 'Miguel Rodrigues', 'miguel.rodrigues@email.com', NULL, '2026-01-13 13:53:08', 'confirmada', 13.06, 'cartao', 'D8'),
(545, 36921, '2025-12-02', 12, 2, 1, 35, 'Miguel Rodrigues', 'miguel.rodrigues@email.com', NULL, '2026-01-13 13:53:08', 'confirmada', 11.78, 'cartao', 'E7'),
(546, 36922, '2025-11-06', 10, 2, 5, 35, 'Miguel Rodrigues', 'miguel.rodrigues@email.com', NULL, '2026-01-13 13:53:08', 'confirmada', 9.47, 'cartao', 'E5'),
(548, 36924, '2025-10-23', 29, 1, 1, 36, 'Catarina Pereira', 'catarina.pereira@email.com', NULL, '2026-01-13 13:53:08', 'confirmada', 13.96, 'cartao', 'B10'),
(549, 36925, '2025-09-25', 10, 2, 5, 36, 'Catarina Pereira', 'catarina.pereira@email.com', NULL, '2026-01-13 13:53:08', 'confirmada', 8.76, 'cartao', 'D2'),
(550, 36926, '2025-08-30', 16, 2, 5, 36, 'Catarina Pereira', 'catarina.pereira@email.com', NULL, '2026-01-13 13:53:08', 'confirmada', 9.43, 'cartao', 'B10'),
(551, 36927, '2025-08-03', 17, 3, 2, 36, 'Catarina Pereira', 'catarina.pereira@email.com', NULL, '2026-01-13 13:53:08', 'confirmada', 11.65, 'cartao', 'D1'),
(553, 36929, '2025-10-02', 39, 1, 1, 36, 'Catarina Pereira', 'catarina.pereira@email.com', NULL, '2026-01-13 13:53:08', 'confirmada', 14.13, 'cartao', 'C10'),
(554, 36930, '2025-08-22', 13, 2, 5, 36, 'Catarina Pereira', 'catarina.pereira@email.com', NULL, '2026-01-13 13:53:08', 'confirmada', 7.06, 'cartao', 'A10'),
(555, 36931, '2026-01-04', 19, 3, 2, 36, 'Catarina Pereira', 'catarina.pereira@email.com', NULL, '2026-01-13 13:53:08', 'confirmada', 9.73, 'cartao', 'D9'),
(556, 36932, '2025-07-20', 42, 3, 2, 36, 'Catarina Pereira', 'catarina.pereira@email.com', NULL, '2026-01-13 13:53:08', 'confirmada', 12.48, 'cartao', 'A5'),
(558, 36934, '2025-12-05', 4, 3, 1, 36, 'Catarina Pereira', 'catarina.pereira@email.com', NULL, '2026-01-13 13:53:08', 'confirmada', 12.17, 'cartao', 'E3'),
(559, 36935, '2025-07-20', 3, 3, 4, 36, 'Catarina Pereira', 'catarina.pereira@email.com', NULL, '2026-01-13 13:53:08', 'confirmada', 16.93, 'cartao', 'E6'),
(560, 36936, '2025-08-22', 34, 3, 4, 36, 'Catarina Pereira', 'catarina.pereira@email.com', NULL, '2026-01-13 13:53:08', 'confirmada', 16.96, 'cartao', 'B5'),
(561, 36937, '2025-11-03', 27, 3, 2, 37, 'Ricardo Almeida', 'ricardo.almeida@email.com', NULL, '2026-01-13 13:53:08', 'confirmada', 12.05, 'cartao', 'E3'),
(562, 36938, '2025-09-16', 19, 1, 1, 37, 'Ricardo Almeida', 'ricardo.almeida@email.com', NULL, '2026-01-13 13:53:08', 'confirmada', 12.93, 'cartao', 'A3'),
(563, 36939, '2025-08-28', 34, 3, 4, 37, 'Ricardo Almeida', 'ricardo.almeida@email.com', NULL, '2026-01-13 13:53:08', 'confirmada', 16.80, 'cartao', 'E10'),
(564, 36940, '2025-08-01', 35, 1, 4, 37, 'Ricardo Almeida', 'ricardo.almeida@email.com', NULL, '2026-01-13 13:53:08', 'confirmada', 16.83, 'cartao', 'A4'),
(565, 36941, '2025-12-12', 30, 1, 6, 37, 'Ricardo Almeida', 'ricardo.almeida@email.com', NULL, '2026-01-13 13:53:08', 'confirmada', 10.58, 'cartao', 'D1'),
(566, 36942, '2025-11-26', 29, 3, 4, 37, 'Ricardo Almeida', 'ricardo.almeida@email.com', NULL, '2026-01-13 13:53:08', 'confirmada', 15.38, 'cartao', 'B1'),
(568, 36944, '2025-11-28', 4, 2, 2, 37, 'Ricardo Almeida', 'ricardo.almeida@email.com', NULL, '2026-01-13 13:53:08', 'confirmada', 9.75, 'cartao', 'D5'),
(569, 36945, '2025-10-05', 2, 2, 1, 37, 'Ricardo Almeida', 'ricardo.almeida@email.com', NULL, '2026-01-13 13:53:08', 'confirmada', 11.52, 'cartao', 'D3'),
(570, 36946, '2025-09-30', 5, 2, 1, 37, 'Ricardo Almeida', 'ricardo.almeida@email.com', NULL, '2026-01-13 13:53:08', 'confirmada', 12.83, 'cartao', 'B10'),
(571, 36947, '2025-08-19', 12, 1, 4, 37, 'Ricardo Almeida', 'ricardo.almeida@email.com', NULL, '2026-01-13 13:53:08', 'confirmada', 14.66, 'cartao', 'D7'),
(572, 36948, '2025-11-10', 32, 2, 1, 37, 'Ricardo Almeida', 'ricardo.almeida@email.com', NULL, '2026-01-13 13:53:08', 'confirmada', 11.54, 'cartao', 'D8'),
(573, 36949, '2025-08-15', 31, 3, 2, 37, 'Ricardo Almeida', 'ricardo.almeida@email.com', NULL, '2026-01-13 13:53:08', 'confirmada', 12.30, 'cartao', 'C7'),
(574, 36950, '2025-08-05', 15, 3, 1, 38, 'Inês Martins', 'ines.martins@email.com', NULL, '2026-01-13 13:53:08', 'confirmada', 12.69, 'cartao', 'A3'),
(575, 36951, '2025-11-05', 4, 1, 4, 38, 'Inês Martins', 'ines.martins@email.com', NULL, '2026-01-13 13:53:08', 'confirmada', 16.73, 'cartao', 'A2'),
(576, 36952, '2025-07-24', 28, 1, 5, 38, 'Inês Martins', 'ines.martins@email.com', NULL, '2026-01-13 13:53:08', 'confirmada', 9.12, 'cartao', 'E1'),
(577, 36953, '2025-12-03', 39, 2, 5, 38, 'Inês Martins', 'ines.martins@email.com', NULL, '2026-01-13 13:53:08', 'confirmada', 8.20, 'cartao', 'A7'),
(578, 36954, '2025-08-04', 19, 3, 4, 38, 'Inês Martins', 'ines.martins@email.com', NULL, '2026-01-13 13:53:08', 'confirmada', 15.57, 'cartao', 'D1'),
(579, 36955, '2025-12-11', 35, 2, 2, 38, 'Inês Martins', 'ines.martins@email.com', NULL, '2026-01-13 13:53:08', 'confirmada', 11.86, 'cartao', 'A6'),
(580, 36956, '2025-08-12', 32, 1, 5, 38, 'Inês Martins', 'ines.martins@email.com', NULL, '2026-01-13 13:53:08', 'confirmada', 8.04, 'cartao', 'D7'),
(581, 36957, '2025-09-22', 5, 1, 2, 38, 'Inês Martins', 'ines.martins@email.com', NULL, '2026-01-13 13:53:08', 'confirmada', 9.91, 'cartao', 'A6'),
(582, 36958, '2025-08-05', 12, 2, 5, 38, 'Inês Martins', 'ines.martins@email.com', NULL, '2026-01-13 13:53:08', 'confirmada', 9.48, 'cartao', 'C9'),
(583, 36959, '2025-09-30', 30, 1, 1, 38, 'Inês Martins', 'ines.martins@email.com', NULL, '2026-01-13 13:53:08', 'confirmada', 12.72, 'cartao', 'D7'),
(584, 36960, '2026-01-10', 29, 2, 2, 38, 'Inês Martins', 'ines.martins@email.com', NULL, '2026-01-13 13:53:08', 'confirmada', 11.31, 'cartao', 'B5'),
(585, 36961, '2025-11-27', 9, 1, 2, 38, 'Inês Martins', 'ines.martins@email.com', NULL, '2026-01-13 13:53:08', 'confirmada', 11.37, 'cartao', 'A7'),
(586, 36962, '2025-09-05', 17, 1, 2, 38, 'Inês Martins', 'ines.martins@email.com', NULL, '2026-01-13 13:53:08', 'confirmada', 10.09, 'cartao', 'E10'),
(597, 6298, '2024-01-01', 1, 1, 1, NULL, 'Teste Cliente', 'teste@email.com', '123456789', '2026-01-13 20:58:43', '', 0.00, 'paypal', 'A1,A2'),
(598, 6298, '2024-01-01', 1, 1, 1, NULL, 'Teste Cliente', 'teste@email.com', '123456789', '2026-01-13 20:59:35', '', 0.00, 'paypal', 'A1,A2'),
(599, 6298, '2024-01-01', 1, 1, 1, NULL, 'Teste Cliente', 'teste@email.com', '123456789', '2026-01-13 21:00:52', '', 0.00, 'paypal', 'A1,A2'),
(600, 6298, '2025-01-20', 1, 1, 1, NULL, 'Afonso Teste', 'afonso.teste@example.com', NULL, '2026-01-13 22:11:33', 'confirmada', 17.00, 'cartao', 'A1,A2'),
(602, 6298, '2025-01-20', 1, 1, 1, NULL, 'Teste Cliente', 'teste@example.com', NULL, '2026-01-13 22:14:44', 'confirmada', 17.00, 'cartao', 'A1,A2'),
(603, 6298, '2025-01-20', 1, 1, 1, 1, 'Teste Direto', 'teste.direto@example.com', NULL, '2026-01-13 22:14:47', 'confirmada', 17.00, 'cartao', 'A1,A2'),
(605, 6298, '2025-01-20', 1, 1, 1, NULL, 'Teste Form', 'teste.form@example.com', NULL, '2026-01-13 22:16:29', 'confirmada', 17.00, 'cartao', 'A1,A2'),
(606, 6298, '2025-01-20', 1, 1, 1, NULL, 'Teste Sem Sessao', 'teste.sem.sessao@example.com', NULL, '2026-01-13 22:16:31', 'confirmada', 17.00, 'cartao', 'A1,A2'),
(607, 6298, '2025-01-20', 1, 1, 1, NULL, 'Teste Form', 'teste.form@example.com', NULL, '2026-01-13 22:18:24', 'confirmada', 17.00, 'cartao', 'A1,A2'),
(608, 6298, '2025-01-20', 1, 1, 1, NULL, 'Teste Sem Sessao', 'teste.sem.sessao@example.com', NULL, '2026-01-13 22:18:27', 'confirmada', 17.00, 'cartao', 'A1,A2'),
(610, 6298, '2025-01-20', 1, 1, 1, NULL, 'Teste Form', 'teste.form@example.com', '', '2026-01-13 22:21:54', 'confirmada', 17.00, 'cartao', 'A1,A2'),
(611, 6298, '2025-01-20', 1, 1, 1, NULL, 'Teste Sem Sessao', 'teste.sem.sessao@example.com', '', '2026-01-13 22:21:54', 'confirmada', 17.00, 'cartao', 'A1,A2'),
(612, 6298, '2025-01-20', 1, 1, 1, 1, 'Teste Cliente', 'teste@example.com', '912345678', '2026-01-13 22:23:07', 'confirmada', 17.50, 'cartao', 'A1,A2'),
(613, 6298, '2025-01-20', 1, 1, 1, NULL, 'Debug Cliente', 'debug@example.com', '912345678', '2026-01-13 22:23:52', 'confirmada', 17.50, 'cartao', 'A1,A2'),
(614, 6298, '2025-01-20', 1, 1, 1, NULL, 'Debug Cliente', 'debug@example.com', '912345678', '2026-01-13 22:25:05', 'confirmada', 17.50, 'cartao', 'A1,A2'),
(615, 6298, '2025-01-20', 1, 1, 1, NULL, 'Debug Cliente', 'debug@example.com', '912345678', '2026-01-13 22:26:39', 'confirmada', 17.50, 'cartao', 'A1,A2'),
(616, 6298, '2025-01-20', 1, 1, 1, 1, 'Utilizador', 'logado', '', '2026-01-13 22:27:26', 'confirmada', 17.00, 'applepay', 'A1,A2'),
(617, 6298, '2025-01-20', 1, 1, 1, NULL, 'Cliente Convidado', 'convidado@example.com', '', '2026-01-13 22:31:49', 'confirmada', 17.00, 'cartao', 'A1,A2'),
(618, 6298, '2025-01-20', 1, 1, 1, NULL, 'João Convidado', 'joao.convidado@example.com', '912345678', '2026-01-13 22:31:51', 'confirmada', 17.00, 'cartao', 'A1,A2'),
(619, 6298, '2025-01-20', 1, 1, 1, NULL, 'Cliente Convidado', 'convidado@example.com', '', '2026-01-13 22:55:30', 'confirmada', 17.00, 'cartao', 'A1,A2'),
(620, 6298, '2025-01-20', 1, 1, 1, NULL, 'Cliente Convidado', 'convidado@example.com', '', '2026-01-13 22:55:35', 'confirmada', 17.00, 'cartao', 'A1,A2'),
(621, 6298, '2025-01-20', 1, 1, 1, NULL, 'Cliente Convidado', 'convidado@example.com', '', '2026-01-13 22:55:39', 'confirmada', 17.00, 'cartao', 'A1,A2'),
(622, 6298, '2025-01-20', 1, 1, 1, NULL, 'Cliente Convidado', 'convidado@example.com', '', '2026-01-13 22:56:00', 'confirmada', 17.00, 'cartao', 'A1,A2'),
(623, 6298, '2025-01-20', 1, 1, 1, NULL, 'João Convidado', 'joao.convidado@example.com', '912345678', '2026-01-13 22:56:02', 'confirmada', 17.00, 'cartao', 'A1,A2'),
(624, 6298, '2025-01-20', 1, 1, 1, NULL, 'Cliente Convidado', 'convidado@example.com', '', '2026-01-13 22:56:28', 'confirmada', 17.00, 'cartao', 'A1,A2'),
(625, 6298, '2025-01-20', 1, 1, 1, NULL, 'João Convidado', 'joao.convidado@example.com', '912345678', '2026-01-13 22:56:30', 'confirmada', 17.00, 'cartao', 'A1,A2'),
(626, 6298, '2025-01-20', 1, 1, 1, NULL, 'Cliente Convidado', 'convidado@example.com', '', '2026-01-13 22:59:13', 'confirmada', 17.00, 'cartao', 'A1,A2'),
(627, 6298, '2025-01-20', 1, 1, 1, NULL, 'João Convidado', 'joao.convidado@example.com', '912345678', '2026-01-13 22:59:15', 'confirmada', 17.00, 'cartao', 'A1,A2'),
(628, 6298, '2025-01-20', 1, 1, 1, NULL, 'Cliente Convidado', 'convidado@example.com', '', '2026-01-13 22:59:49', 'confirmada', 17.00, 'cartao', 'A1,A2'),
(629, 6298, '2025-01-20', 1, 1, 1, 1, 'Afonso', 'afonso2008david@gmail.com', '', '2026-01-13 23:01:22', 'confirmada', 17.00, 'cartao', 'A1,A2'),
(630, 6298, '2025-01-20', 1, 1, 1, 1, 'Afonso', 'afonso2008david@gmail.com', '', '2026-01-13 23:01:39', 'confirmada', 17.00, 'cartao', 'A1,A2'),
(631, 6298, '2025-01-20', 1, 1, 1, NULL, 'João Convidado', 'joao.convidado@example.com', '912345678', '2026-01-13 23:01:41', 'confirmada', 17.00, 'cartao', 'A1,A2'),
(632, 6298, '2025-01-20', 1, 1, 1, NULL, 'Afonso David', 'afonso2008david@gmail.com', '963315105', '2026-01-13 23:02:22', 'confirmada', 17.00, 'applepay', 'A1,A2'),
(633, 6298, '2025-01-20', 1, 1, 1, 14, 'Nastya Kiryeyev', 'anastasia.kiri.ana@gmail.com', '', '2026-01-13 23:04:29', 'confirmada', 17.00, 'applepay', 'A1,A2'),
(634, 6298, '2025-01-20', 1, 1, 1, NULL, 'João Teste Email', 'afonso2008david@gmail.com', '912345678', '2026-01-13 23:04:44', 'confirmada', 17.00, 'cartao', 'A1,A2'),
(635, 6298, '2025-01-20', 1, 1, 1, NULL, 'João Teste Email', 'afonso2008david@gmail.com', '912345678', '2026-01-13 23:05:54', 'confirmada', 17.00, 'cartao', 'A1,A2'),
(636, 6298, '2025-01-20', 1, 1, 1, NULL, 'João Teste Email', 'afonso2008david@gmail.com', '912345678', '2026-01-13 23:07:42', 'confirmada', 17.00, 'cartao', 'A1,A2'),
(637, 6298, '2025-01-20', 1, 1, 1, NULL, 'João Email Teste', 'afonso2008david@gmail.com', '912345678', '2026-01-13 23:13:50', 'confirmada', 17.00, 'cartao', 'A1,A2'),
(638, 6298, '2025-01-20', 1, 1, 1, NULL, 'Cliente', 'cliente@example.com', '', '2026-01-13 23:28:42', 'confirmada', 17.00, 'applepay', 'A1,A2'),
(639, 6298, '2025-01-20', 1, 1, 1, NULL, 'Cliente', 'cliente@example.com', '', '2026-01-13 23:34:04', 'confirmada', 17.00, 'applepay', 'A1,A2'),
(640, 6298, '2025-01-20', 1, 1, 1, NULL, 'Cliente', 'cliente@example.com', '', '2026-01-13 23:39:03', 'confirmada', 17.00, 'applepay', 'A1,A2'),
(641, 6298, '2026-01-14', 1, 2, 1, NULL, 'João Teste Debug', 'joao.teste@example.com', '912345678', '2026-01-13 23:48:13', 'confirmada', 17.00, 'cartao', 'A1,A2'),
(646, 6298, '2026-01-15', 2, 8, 1, 1, 'Afonso', 'afonso2008david@gmail.com', '', '2026-01-13 23:56:38', 'confirmada', 8.50, 'applepay', 'K23'),
(647, 6298, '2026-01-14', 2, 8, 1, 1, 'Afonso', 'afonso2008david@gmail.com', '', '2026-01-14 00:01:09', 'confirmada', 8.50, 'applepay', 'L20'),
(648, 6298, '2026-01-14', 2, 8, 1, 1, 'Afonso', 'afonso2008david@gmail.com', '', '2026-01-14 00:03:59', 'confirmada', 8.50, 'applepay', 'L20'),
(649, 6298, '2026-01-14', 2, 8, 1, 1, 'Afonso', 'afonso2008david@gmail.com', '', '2026-01-14 00:06:51', 'confirmada', 8.50, 'applepay', 'L20'),
(650, 6298, '2026-01-14', 1, 1, 1, NULL, 'Teste Correção', 'teste@example.com', '', '2026-01-14 00:14:19', 'confirmada', 17.00, 'cartao', 'B5,B6'),
(651, 6298, '2026-01-14', 2, 8, 1, 1, 'Afonso', 'afonso2008david@gmail.com', '', '2026-01-14 00:15:10', 'confirmada', 8.50, 'applepay', 'L20'),
(652, 6298, '2026-01-14', 2, 8, 1, 1, 'Afonso', 'afonso2008david@gmail.com', '', '2026-01-14 00:20:42', 'confirmada', 8.50, 'applepay', 'L1'),
(653, 6298, '2026-01-15', 2, 8, 1, 1, 'Afonso', 'afonso2008david@gmail.com', '', '2026-01-14 00:29:02', 'confirmada', 17.00, 'applepay', 'F10,F11'),
(654, 6298, '2025-01-20', 1, 1, 1, NULL, 'Afonso David', 'afonso2008david@gmail.com', '963315105', '2026-01-14 00:38:52', 'confirmada', 17.00, 'applepay', 'A1,A2'),
(656, 235, '2026-01-14', 1, 1, 2, NULL, 'Teste Sistema', 'teste@cinevibe.com', '', '2026-01-14 00:42:42', 'confirmada', 25.80, 'cartao', 'A1,A2'),
(657, 6298, '2026-01-14', 2, 8, 1, 1, 'Afonso', 'afonso2008david@gmail.com', '', '2026-01-14 00:45:03', 'confirmada', 8.50, 'applepay', 'L20'),
(658, 6298, '2026-01-14', 2, 8, 1, 1, 'Afonso', 'afonso2008david@gmail.com', '', '2026-01-14 00:53:58', 'confirmada', 8.50, 'applepay', 'A10'),
(659, 6298, '2026-01-14', 5, 8, 1, 1, 'Afonso', 'afonso2008david@gmail.com', '', '2026-01-14 01:03:37', 'confirmada', 8.50, 'paypal', 'K16'),
(660, 6298, '2026-01-14', 1, 1, 1, 1, 'Afonso', 'afonso2008david@gmail.com', '', '2026-01-14 01:08:44', 'confirmada', 8.50, 'applepay', 'E8'),
(661, 6298, '2026-01-14', 1, 1, 1, 1, 'Afonso', 'afonso2008david@gmail.com', '', '2026-01-14 01:10:10', 'confirmada', 8.50, 'applepay', 'L19'),
(662, 6298, '2026-01-14', 2, 8, 1, 1, 'Afonso', 'afonso2008david@gmail.com', '', '2026-01-14 01:11:00', 'confirmada', 51.00, 'applepay', 'L10,L11,L6,L7,L8,L9'),
(663, 235, '2026-01-14', 2, 8, 1, 1, 'Afonso', 'afonso2008david@gmail.com', '', '2026-01-14 01:13:55', 'confirmada', 51.00, 'applepay', 'H12,H13,H14,H15,H16,H17'),
(664, 6298, '2026-01-14', 6, 1, 1, 1, 'Afonso', 'afonso2008david@gmail.com', '', '2026-01-14 01:14:40', 'confirmada', 8.50, 'applepay', 'N10'),
(665, 6298, '2026-01-14', 3, 7, 1, 1, 'Afonso', 'afonso2008david@gmail.com', '', '2026-01-14 01:15:32', 'confirmada', 8.50, 'applepay', 'K21'),
(666, 6298, '2025-01-20', 1, 1, 1, NULL, 'Afonso David', 'afonso2008david@gmail.com', '963315105', '2026-01-14 01:22:09', 'confirmada', 17.00, 'applepay', 'A1,A2'),
(667, 6298, '2026-01-14', 7, 8, 1, 1, 'Afonso', 'afonso2008david@gmail.com', '', '2026-01-14 01:23:11', 'confirmada', 34.00, 'applepay', 'G12,G13,G14,G15'),
(668, 6298, '2026-01-14', 7, 8, 1, 1, 'Afonso', 'afonso2008david@gmail.com', '', '2026-01-14 08:53:06', 'confirmada', 25.50, 'applepay', 'A20,A21,A22'),
(669, 6298, '2026-01-14', 7, 8, 1, 1, 'Afonso', 'afonso2008david@gmail.com', '', '2026-01-14 08:58:52', 'confirmada', 51.00, 'applepay', 'G10,G11,G6,G7,G8,G9'),
(670, 6298, '2026-01-14', 1, 7, 1, 1, 'Afonso', 'afonso2008david@gmail.com', '', '2026-01-14 09:10:20', 'confirmada', 51.00, 'applepay', 'E25,E26,E27,E28,E29,E30'),
(673, 6193, '2026-01-14', 20, 3, 6, 1, 'Cliente Teste', 'teste@email.com', NULL, '2026-01-14 09:18:16', 'confirmada', 25.50, 'MBWay', 'B10,B11,B12'),
(674, 6193, '2026-01-14', 20, 3, 6, 1, 'Cliente Teste', 'teste@email.com', NULL, '2026-01-14 09:18:16', 'confirmada', 25.50, 'MBWay', 'F5,F6,F7'),
(677, 36689, '2026-01-14', 42, 7, 8, 1, 'Cliente Teste', 'teste@email.com', NULL, '2026-01-14 09:18:16', 'confirmada', 25.50, 'MBWay', 'D20,D21,D22,D23'),
(678, 36689, '2026-01-14', 42, 7, 8, 1, 'Cliente Teste', 'teste@email.com', NULL, '2026-01-14 09:18:16', 'confirmada', 25.50, 'MBWay', 'F5,F6,F7,F8'),
(679, 36752, '2026-01-14', 42, 11, 5, 1, 'Cliente Teste', 'teste@email.com', NULL, '2026-01-14 09:18:16', 'confirmada', 25.50, 'MBWay', 'E8,E9'),
(680, 36752, '2026-01-14', 42, 11, 5, 1, 'Cliente Teste', 'teste@email.com', NULL, '2026-01-14 09:18:16', 'confirmada', 25.50, 'MBWay', 'F5,F6'),
(681, 6298, '2026-01-14', 3, 8, 1, 1, 'Afonso', 'afonso2008david@gmail.com', '', '2026-01-14 09:20:27', 'confirmada', 51.00, 'applepay', 'I21,I22,I23,I24,I25,I26'),
(682, 268, '2026-01-14', 3, 3, 1, NULL, 'Teste Afonso', 'afonso@teste.com', NULL, '2026-01-14 09:23:21', 'confirmada', 25.50, 'MBWay', 'G10,G11,G12'),
(683, 6298, '2026-01-14', 3, 8, 1, 1, 'Afonso', 'afonso2008david@gmail.com', '', '2026-01-14 09:24:29', 'confirmada', 8.50, 'paypal', 'L20'),
(684, 6298, '2026-01-14', 3, 3, 1, 1, 'Afonso', 'afonso2008david@gmail.com', '', '2026-01-14 09:32:00', 'confirmada', 8.50, 'paypal', 'L20'),
(685, 6298, '2026-01-14', 1, 1, 1, 1, 'Afonso', 'afonso2008david@gmail.com', '', '2026-01-14 09:40:21', 'confirmada', 8.50, 'applepay', 'K1'),
(686, 6298, '2026-01-14', 2, 8, 1, 1, 'Afonso', 'afonso2008david@gmail.com', '', '2026-01-14 09:41:48', 'confirmada', 8.50, 'paypal', 'D7'),
(687, 6298, '2026-01-14', 2, 8, 1, 1, 'Afonso', 'afonso2008david@gmail.com', '', '2026-01-14 09:43:08', 'confirmada', 8.50, 'applepay', 'D3'),
(688, 6298, '2026-01-14', 2, 8, 1, 1, 'Afonso', 'afonso2008david@gmail.com', '', '2026-01-14 10:10:54', 'confirmada', 8.50, 'applepay', 'B5'),
(689, 6298, '2026-01-14', 2, 8, 1, 1, 'Afonso', 'afonso2008david@gmail.com', '', '2026-01-14 10:15:59', 'confirmada', 51.00, 'applepay', 'C22,C23,C24,C25,C26,C27'),
(690, 6298, '2026-01-14', 2, 8, 1, 1, 'Afonso', 'afonso2008david@gmail.com', '', '2026-01-14 10:23:28', 'confirmada', 51.00, 'applepay', 'B11,B12,B13,B14,B15,B16'),
(691, 6298, '2026-01-14', 2, 8, 1, 1, 'Afonso', 'afonso2008david@gmail.com', '', '2026-01-14 13:58:54', 'confirmada', 25.50, 'applepay', 'D6,D7,D8'),
(693, 934, '2026-01-15', 7, 8, 1, 1, 'Afonso', 'afonso2008david@gmail.com', '', '2026-01-14 14:10:57', 'confirmada', 64.50, 'paypal', 'K10,K11,K12,K13,K14'),
(694, 2702, '2026-01-15', 10, 7, 2, 14, 'Nastya Kiryeyev', 'anastasia.kiri.ana@gmail.com', '', '2026-01-14 15:58:52', 'confirmada', 47.40, 'paypal', 'A3,A4,A5,A6,A7,A8'),
(695, 765, '2026-01-15', 5, 8, 1, 1, 'Afonso', 'afonso2008david@gmail.com', '', '2026-01-14 16:07:11', 'confirmada', 38.70, 'applepay', 'L18,L19,L20'),
(696, 235, '2026-01-18', 2, 8, 1, 1, 'Afonso', 'afonso2008david@gmail.com', '', '2026-01-17 20:05:57', 'confirmada', 38.70, 'applepay', 'L13,L14,L15'),
(697, 2866, '2026-01-20', 11, 8, 1, 1, 'Afonso', 'afonso2008david@gmail.com', '', '2026-01-19 20:32:27', 'confirmada', 12.90, 'applepay', 'L20'),
(698, 941, '2026-01-21', 7, 8, 4, 1, 'Afonso', 'afonso2008david@gmail.com', '', '2026-01-21 13:45:52', 'confirmada', 29.80, 'applepay', 'C12,C13'),
(699, 235, '2026-01-22', 2, 8, 1, 1, 'Afonso', 'afonso2008david@gmail.com', '', '2026-01-21 15:54:31', 'confirmada', 77.40, 'applepay', 'G10,G11,G12,G7,G8,G9'),
(700, 235, '2026-01-22', 2, 8, 1, 1, 'Afonso', 'afonso2008david@gmail.com', '', '2026-01-21 16:05:19', 'confirmada', 12.90, 'paypal', 'L1'),
(701, 235, '2026-01-22', 2, 8, 1, 1, 'Afonso', 'afonso2008david@gmail.com', '', '2026-01-21 16:07:24', 'confirmada', 12.90, 'applepay', 'L20'),
(702, 235, '2026-01-22', 2, 8, 1, 1, 'Afonso', 'afonso2008david@gmail.com', '', '2026-01-21 16:11:11', 'confirmada', 77.40, 'applepay', 'J23,J24,J25,J26,J27,J28'),
(703, 235, '2026-01-22', 2, 8, 1, 1, 'Afonso', 'afonso2008david@gmail.com', '', '2026-01-21 16:13:16', 'confirmada', 25.80, 'applepay', 'I11,I12'),
(704, 5998, '2026-01-23', 18, 8, 5, 1, 'Afonso', 'afonso2008david@gmail.com', '', '2026-01-22 14:13:36', 'confirmada', 47.40, 'applepay', 'C4,C5,C6,C7,C8,C9'),
(705, 852, '2026-01-22', 6, 8, 5, 1, 'Afonso', 'afonso2008david@gmail.com', '', '2026-01-22 14:15:15', 'confirmada', 47.40, 'applepay', 'J10,J11,J12,J13,J14,J9'),
(707, 339, '2026-01-24', 3, 8, 5, 1, 'Afonso', 'afonso2008david@gmail.com', '', '2026-01-23 21:03:16', 'confirmada', 47.40, 'applepay', 'H19,H20,H21,H22,H23,H24'),
(708, 244, '2026-01-25', 2, 8, 5, 14, 'Nastya Kiryeyev', 'anastasia.kiri.ana@gmail.com', '', '2026-01-25 12:27:01', 'confirmada', 47.40, 'applepay', 'N3,N4,N5,N6,N7,N8'),
(709, 36971, '2026-01-27', 2, 8, 5, 1, 'Afonso', 'afonso2008david@gmail.com', '', '2026-01-27 13:04:15', 'confirmada', 47.40, 'applepay', 'J23,J24,J25,J26,J27,J28'),
(710, 36971, '2026-01-27', 2, 8, 5, 1, 'Afonso', 'afonso2008david@gmail.com', '', '2026-01-27 13:17:34', 'confirmada', 7.90, 'paypal', 'H12'),
(711, 36971, '2026-01-27', 2, 8, 5, NULL, 'Afonso', 'afonso2008david@gmail.com', '', '2026-01-27 18:10:24', 'confirmada', 23.70, 'paypal', 'A26,A27,A28'),
(712, 36971, '2026-01-28', 2, 8, 5, 1, 'Afonso', 'afonso2008david@gmail.com', '', '2026-01-28 21:33:47', 'confirmada', 47.40, 'applepay', 'G22,G23,G24,G25,G26,G27'),
(713, 36971, '2026-01-29', 2, 8, 5, 1, 'Afonso', 'afonso2008david@gmail.com', '', '2026-01-29 19:55:00', 'confirmada', 47.40, 'applepay', 'A10,A11,A12,A7,A8,A9'),
(714, 243, '2026-01-30', 2, 8, 5, NULL, 'Afonso David', 'afonso2008david@gmail.com', '963315105', '2026-01-30 09:36:29', 'confirmada', 23.70, 'applepay', 'D7,D8,D9'),
(715, 36971, '2026-02-01', 2, 8, 5, 1, 'Afonso', 'afonso2008david@gmail.com', '', '2026-02-01 17:19:09', 'confirmada', 47.40, 'applepay', 'J3,J4,J5,J6,J7,J8'),
(716, 34738, '2026-02-02', 31, 15, 5, 1, 'Afonso', 'afonso2008david@gmail.com', '', '2026-02-02 09:25:02', 'confirmada', 47.40, 'applepay', 'I15,I16,I17,I18,I19,I20'),
(717, 708, '2026-02-02', 4, 8, 5, 1, 'Afonso', 'afonso2008david@gmail.com', '', '2026-02-02 10:19:23', 'confirmada', 47.40, 'applepay', 'F13,F14,F15,F16,F17,F18'),
(718, 244, '2026-02-02', 2, 8, 5, 1, 'Afonso', 'afonso2008david@gmail.com', '', '2026-02-02 10:31:00', 'confirmada', 47.40, 'applepay', 'K25,K26,K27,K28,K29,K30'),
(719, 244, '2026-02-02', 2, 8, 5, 1, 'Afonso', 'afonso2008david@gmail.com', '', '2026-02-02 10:36:53', 'confirmada', 47.40, 'applepay', 'C14,C15,C16,C17,C18,C19'),
(720, 244, '2026-02-02', 2, 8, 5, 1, 'Afonso', 'afonso2008david@gmail.com', '', '2026-02-02 10:42:00', 'confirmada', 47.40, 'paypal', 'F10,F11,F12,F13,F14,F15'),
(721, 244, '2026-02-02', 2, 8, 5, 1, 'Afonso', 'afonso2008david@gmail.com', '', '2026-02-02 11:08:14', 'confirmada', 47.40, 'applepay', 'J13,J14,J15,J16,J17,J18'),
(722, 244, '2026-02-02', 2, 8, 5, 1, 'Afonso', 'afonso2008david@gmail.com', '', '2026-02-02 11:14:21', 'confirmada', 47.40, 'paypal', 'H23,H24,H25,H26,H27,H28'),
(723, 244, '2026-02-02', 2, 8, 5, 1, 'Afonso', 'afonso2008david@gmail.com', '', '2026-02-02 11:23:39', 'confirmada', 47.40, 'applepay', 'I14,I15,I16,I17,I18,I19'),
(724, 36971, '2026-02-03', 2, 8, 5, 1, 'Afonso', 'afonso2008david@gmail.com', '', '2026-02-03 17:07:22', 'confirmada', 47.40, 'applepay', 'J12,J13,J14,J15,J16,J17'),
(725, 36971, '2026-02-03', 2, 8, 5, 1, 'Afonso', 'afonso2008david@gmail.com', '', '2026-02-03 17:26:42', 'confirmada', 47.40, 'applepay', 'C18,C19,C20,C21,C22,C23'),
(726, 36971, '2026-02-03', 2, 8, 5, 1, 'Afonso', 'afonso2008david@gmail.com', '', '2026-02-03 17:32:20', 'confirmada', 7.90, 'paypal', 'I1'),
(727, 36971, '2026-02-03', 2, 8, 5, 1, 'Afonso', 'afonso2008david@gmail.com', '', '2026-02-03 17:57:20', 'confirmada', 47.40, 'applepay', 'B23,B24,B25,B26,B27,B28'),
(728, 36971, '2026-02-03', 2, 8, 5, 1, 'Afonso', 'afonso2008david@gmail.com', '', '2026-02-03 18:04:04', 'confirmada', 7.90, 'applepay', 'F14'),
(729, 36971, '2026-02-03', 2, 8, 5, 1, 'Afonso', 'afonso2008david@gmail.com', '', '2026-02-03 18:07:51', 'confirmada', 7.90, 'paypal', 'I10'),
(730, 36971, '2026-02-03', 2, 8, 5, 1, 'Afonso', 'afonso2008david@gmail.com', '', '2026-02-03 18:13:28', 'confirmada', 47.40, 'applepay', 'L10,L11,L12,L13,L14,L9'),
(731, 36971, '2026-02-03', 2, 8, 5, 1, 'Afonso', 'afonso2008david@gmail.com', '', '2026-02-03 18:18:42', 'confirmada', 31.60, 'applepay', 'B10,B11,B12,B9'),
(732, 36971, '2026-02-03', 2, 8, 5, 1, 'Afonso', 'afonso2008david@gmail.com', '', '2026-02-03 18:30:04', 'confirmada', 7.90, 'applepay', 'D7'),
(733, 36971, '2026-02-03', 2, 8, 5, 1, 'Afonso', 'afonso2008david@gmail.com', '', '2026-02-03 18:36:18', 'confirmada', 47.40, 'applepay', 'C1,C2,C3,C4,C5,C6'),
(734, 5854, '2026-02-08', 17, 8, 5, 1, 'Afonso', 'afonso2008david@gmail.com', '', '2026-02-08 16:57:07', 'confirmada', 39.50, 'applepay', 'A18,A19,A20,A21,A22'),
(735, 236, '2026-02-09', 2, 8, 1, 1, 'Afonso', 'afonso2008david@gmail.com', '', '2026-02-08 18:06:48', 'confirmada', 12.90, 'applepay', 'G22'),
(736, 235, '2026-02-09', 2, 8, 1, 1, 'Afonso', 'afonso2008david@gmail.com', '', '2026-02-08 18:08:01', 'confirmada', 12.90, 'applepay', 'I20'),
(737, 243, '2026-02-09', 2, 8, 5, 1, 'Afonso', 'afonso2008david@gmail.com', '', '2026-02-09 08:48:29', 'confirmada', 47.40, 'applepay', 'D10,D11,D6,D7,D8,D9'),
(738, 243, '2026-02-09', 2, 8, 5, 1, 'Afonso', 'afonso2008david@gmail.com', '', '2026-02-09 08:49:44', 'confirmada', 47.40, 'paypal', 'J10,J11,J6,J7,J8,J9'),
(739, 36971, '2026-02-10', 2, 8, 5, 1, 'Afonso', 'afonso2008david@gmail.com', '', '2026-02-10 14:10:31', 'confirmada', 39.50, 'applepay', 'A10,A11,A12,A13,A9'),
(740, 1020, '2026-02-11', 8, 8, 5, 14, 'Nastya Kiryeyev', 'anastasia.kiri.ana@gmail.com', '', '2026-02-10 20:58:21', 'confirmada', 31.60, 'applepay', 'J3,J4,J5,J6'),
(741, 339, '2026-02-11', 3, 8, 5, 1, 'Afonso', 'afonso2008david@gmail.com', '', '2026-02-10 22:42:04', 'confirmada', 47.40, 'applepay', 'F20,F21,F22,F23,F24,F25'),
(742, 773, '2026-02-11', 5, 8, 5, 1, 'Afonso', 'afonso2008david@gmail.com', '', '2026-02-10 22:42:43', 'confirmada', 47.40, 'paypal', 'M4,M5,M6,M7,M8,M9'),
(743, 942, '2026-02-11', 7, 8, 5, 1, 'Afonso', 'afonso2008david@gmail.com', '', '2026-02-10 22:43:24', 'confirmada', 47.40, 'applepay', 'A10,A5,A6,A7,A8,A9'),
(744, 3838, '2026-02-11', 12, 8, 5, 1, 'Afonso', 'afonso2008david@gmail.com', '', '2026-02-10 22:44:05', 'confirmada', 47.40, 'applepay', 'A10,A5,A6,A7,A8,A9'),
(745, 5575, '2026-02-11', 15, 8, 8, 1, 'Afonso', 'afonso2008david@gmail.com', '', '2026-02-10 22:44:49', 'confirmada', 47.40, 'paypal', 'G4,G5,G6,G7,G8,G9'),
(746, 851, '2026-02-11', 6, 8, 5, 1, 'Afonso', 'afonso2008david@gmail.com', '', '2026-02-11 08:44:35', 'confirmada', 47.40, 'applepay', 'H10,H11,H12,H13,H14,H9'),
(747, 33945, '2026-02-15', 28, 7, 5, 1, 'Afonso', 'afonso2008david@gmail.com', '', '2026-02-15 19:23:38', 'confirmada', 23.70, 'applepay', 'N19,N20,N21'),
(748, 5991, '2026-02-15', 18, 8, 2, 14, 'Nastya Kiryeyev', 'anastasia.kiri.ana@gmail.com', '', '2026-02-15 19:25:49', 'confirmada', 7.90, 'applepay', 'K22'),
(749, 538, '2026-02-15', 6, 1, 8, 14, 'Nastya Kiryeyev', 'anastasia.kiri.ana@gmail.com', '', '2026-02-15 19:29:38', 'confirmada', 7.90, 'applepay', 'C18'),
(750, 3848, '2026-02-15', 12, 8, 8, 14, 'Nastya Kiryeyev', 'anastasia.kiri.ana@gmail.com', '', '2026-02-15 19:37:56', 'confirmada', 7.90, 'applepay', 'B23'),
(751, 3561, '2026-02-15', 9, 8, 7, 14, 'Nastya Kiryeyev', 'anastasia.kiri.ana@gmail.com', '', '2026-02-15 19:44:59', 'confirmada', 7.90, 'applepay', 'M5'),
(752, 851, '2026-02-16', 6, 8, 5, 1, 'Afonso', 'afonso2008david@gmail.com', '', '2026-02-15 19:47:50', 'confirmada', 23.70, 'applepay', 'H13,H14,H15'),
(753, 344, '2026-02-15', 3, 8, 7, 1, 'Afonso', 'afonso2008david@gmail.com', '', '2026-02-15 19:49:35', 'confirmada', 7.90, 'applepay', 'L20'),
(754, 344, '2026-02-15', 3, 8, 7, 1, 'Afonso', 'afonso2008david@gmail.com', '', '2026-02-15 19:50:50', 'confirmada', 31.60, 'applepay', 'N3,N4,N5,N6'),
(755, 344, '2026-02-15', 3, 8, 7, 1, 'Afonso', 'afonso2008david@gmail.com', '', '2026-02-15 19:51:44', 'confirmada', 31.60, 'applepay', 'J19,J20,J21,J22'),
(756, 344, '2026-02-15', 3, 8, 7, 1, 'Afonso', 'afonso2008david@gmail.com', '', '2026-02-15 19:55:03', 'confirmada', 31.60, 'applepay', 'I10,I11,I12,I13'),
(757, 6432, '2026-02-15', 1, 8, 5, 1, 'Afonso', 'afonso2008david@gmail.com', '', '2026-02-15 19:55:41', 'confirmada', 7.90, 'applepay', 'F6'),
(758, 6432, '2026-02-15', 1, 8, 5, 1, 'Afonso', 'afonso2008david@gmail.com', '', '2026-02-15 20:03:09', 'confirmada', 31.60, 'applepay', 'J20,J21,J22,J23'),
(759, 773, '2026-02-16', 5, 8, 5, 1, 'Afonso', 'afonso2008david@gmail.com', '', '2026-02-15 22:25:18', 'confirmada', 23.70, 'mastercard', 'J16,N11,N17'),
(760, 243, '2026-02-16', 2, 8, 5, 1, 'Afonso', 'afonso2008david@gmail.com', '', '2026-02-15 22:43:34', 'confirmada', 7.90, 'applepay', 'E9'),
(761, 36971, '2026-02-20', 2, 8, 5, 1, 'Afonso', 'afonso2008david@gmail.com', '', '2026-02-20 16:00:12', 'confirmada', 505.60, 'applepay', 'A1,A17,A18,A19,A2,A20,A21,A22,A23,A24,A3,A4,A6,A8,A9,B5,B6,B7,C15,C16,C17,C23,C24,C25,D1,D23,D24,E1,E2,K11,K12,K13,K14,K15,K16,K19,K20,K21,K22,K23,K24,K25,L1,M25,N1,N10,N11,N12,N13,N14,N15,N17,N2,N20,N21,N22,N23,N3,N4,N5,N6,N7,N8,N9'),
(762, 36971, '2026-02-21', 2, 8, 5, 1, 'Afonso', 'afonso2008david@gmail.com', '', '2026-02-21 12:49:46', 'confirmada', 47.40, 'applepay', 'A18,A19,A20,A21,A22,A23'),
(763, 36971, '2026-02-21', 2, 8, 5, 13, 'Amnin', 'cinevibeadmn@gmail.com', '', '2026-02-21 13:16:45', 'confirmada', 39.50, 'applepay', 'F16,F17,F18,F19,F20'),
(764, 36971, '2026-02-21', 2, 8, 5, 13, 'Amnin', 'cinevibeadmn@gmail.com', '', '2026-02-21 13:17:28', 'confirmada', 39.50, 'applepay', 'H1,H2,H3,H4,H5');
INSERT INTO `reservas` (`id`, `id_horario_sessao`, `data_sessao`, `id_filme`, `id_cinema`, `id_tipo_sessao`, `id_usuario`, `nome_cliente`, `email_cliente`, `telefone_cliente`, `data_reserva`, `status`, `total`, `metodo_pagamento`, `lugares`) VALUES
(765, 36971, '2026-02-21', 2, 8, 5, 1, 'Afonso', 'afonso2008david@gmail.com', '', '2026-02-21 13:32:06', 'confirmada', 39.50, 'applepay', 'J10,J11,J7,J8,J9');

-- --------------------------------------------------------

--
-- Table structure for table `reservas_bar`
--

DROP TABLE IF EXISTS `reservas_bar`;
CREATE TABLE IF NOT EXISTS `reservas_bar` (
  `id` int NOT NULL AUTO_INCREMENT,
  `id_reserva` int NOT NULL,
  `produto_id` int DEFAULT NULL,
  `menu_id` int DEFAULT NULL,
  `snack_id` int DEFAULT NULL,
  `bebida_id` int DEFAULT NULL,
  `topping_id` int DEFAULT NULL,
  `produto` varchar(255) NOT NULL,
  `quantidade` int NOT NULL,
  `preco_unitario` decimal(10,2) NOT NULL,
  `subtotal` decimal(10,2) NOT NULL,
  PRIMARY KEY (`id`),
  KEY `id_reserva` (`id_reserva`),
  KEY `produto_id` (`produto_id`),
  KEY `menu_id` (`menu_id`),
  KEY `snack_id` (`snack_id`),
  KEY `bebida_id` (`bebida_id`),
  KEY `topping_id` (`topping_id`)
) ENGINE=MyISAM AUTO_INCREMENT=4 DEFAULT CHARSET=utf8mb4 COLLATE=utf8mb4_0900_ai_ci;

--
-- Dumping data for table `reservas_bar`
--

INSERT INTO `reservas_bar` (`id`, `id_reserva`, `produto`, `quantidade`, `preco_unitario`, `subtotal`) VALUES
(2, 12345, 'Pipocas Grandes', 1, 4.50, 4.50),
(3, 12345, 'Coca-Cola', 2, 3.00, 6.00);

-- --------------------------------------------------------

--
-- Table structure for table `reservas_exclusivas`
--

DROP TABLE IF EXISTS `reservas_exclusivas`;
CREATE TABLE IF NOT EXISTS `reservas_exclusivas` (
  `id` int NOT NULL AUTO_INCREMENT,
  `tipo_sala` varchar(50) NOT NULL,
  `filme_id` int DEFAULT NULL,
  `data_sessao` date NOT NULL,
  `hora_sessao` time NOT NULL,
  `num_pessoas` int NOT NULL,
  `preco_total` decimal(10,2) NOT NULL,
  `usuario_id` int DEFAULT NULL,
  `nome_cliente` varchar(255) DEFAULT NULL,
  `email_cliente` varchar(255) DEFAULT NULL,
  `telefone_cliente` varchar(20) DEFAULT NULL,
  `reservado_em` timestamp NULL DEFAULT CURRENT_TIMESTAMP,
  `status` varchar(20) DEFAULT 'confirmada',
  PRIMARY KEY (`id`),
  KEY `filme_id` (`filme_id`),
  KEY `usuario_id` (`usuario_id`)
) ENGINE=MyISAM AUTO_INCREMENT=30 DEFAULT CHARSET=utf8mb4 COLLATE=utf8mb4_0900_ai_ci;

--
-- Dumping data for table `reservas_exclusivas`
--

INSERT INTO `reservas_exclusivas` (`id`, `tipo_sala`, `filme_id`, `data_sessao`, `hora_sessao`, `num_pessoas`, `preco_total`, `usuario_id`, `nome_cliente`, `email_cliente`, `telefone_cliente`, `reservado_em`, `status`) VALUES
(1, 'intimista', 32, '2025-12-31', '14:00:00', 8, 150.00, NULL, 'Afonso David', 'afonso2008david@gmail.com', '964828552', '2025-12-14 15:13:15', 'confirmada'),
(2, 'premium', 28, '2025-12-24', '10:00:00', 30, 280.00, NULL, 'Afonso David', 'afonso2008david@gmai.com', '944683092', '2025-12-14 15:15:06', 'confirmada'),
(3, 'vip', 12, '2025-12-24', '14:00:00', 50, 450.00, NULL, 'Afonso David', 'afonso2008david@gmail.com', '973629607', '2025-12-14 15:25:23', 'confirmada'),
(4, 'premium', 3, '2025-12-24', '16:00:00', 26, 280.00, NULL, 'Afonso David', 'afonso2008david@gmail.com', '963315105', '2025-12-14 18:51:44', 'confirmada'),
(5, 'premium', 32, '2025-12-24', '16:00:00', 30, 280.00, 1, NULL, NULL, NULL, '2025-12-17 17:11:57', 'confirmada'),
(6, 'vip', NULL, '2025-12-31', '16:00:00', 0, 450.00, 1, NULL, NULL, NULL, '2025-12-17 22:22:22', 'confirmada'),
(7, 'intimista', NULL, '2025-12-25', '16:00:00', 0, 150.00, 1, NULL, NULL, NULL, '2025-12-17 22:23:40', 'confirmada'),
(8, 'premium', NULL, '2025-12-24', '12:00:00', 0, 280.00, 1, NULL, NULL, NULL, '2025-12-17 23:50:44', 'confirmada'),
(9, 'intimista', NULL, '2025-12-31', '16:00:00', 0, 150.00, 1, NULL, NULL, NULL, '2025-12-18 13:41:50', 'confirmada'),
(10, 'premium', NULL, '2025-12-25', '10:00:00', 0, 280.00, 1, NULL, NULL, NULL, '2025-12-18 13:45:59', 'confirmada'),
(11, 'vip', NULL, '2025-12-31', '16:00:00', 0, 450.00, 1, NULL, NULL, NULL, '2025-12-18 13:53:00', 'confirmada'),
(12, 'vip', NULL, '2025-12-25', '16:00:00', 0, 450.00, 1, NULL, NULL, NULL, '2025-12-18 13:58:01', 'confirmada'),
(13, 'premium', 3, '2025-12-25', '20:00:00', 25, 280.00, 25, NULL, NULL, NULL, '2025-12-18 14:02:55', 'confirmada'),
(14, 'vip', 4, '2025-12-25', '12:00:00', 50, 450.00, 1, NULL, NULL, NULL, '2025-12-18 14:08:20', 'confirmada'),
(15, 'premium', 15, '2025-12-24', '22:00:00', 12, 280.00, 1, NULL, NULL, NULL, '2025-12-18 14:10:03', 'confirmada'),
(16, 'vip', 1, '2025-12-30', '21:00:00', 15, 450.00, 26, 'João Silva', 'joao.silva@teste.com', NULL, '2025-12-18 14:14:46', 'confirmada'),
(17, 'intimista', 35, '2025-12-25', '10:00:00', 10, 150.00, 1, 'Afonso David', 'afonso2008david@gmail.com', NULL, '2025-12-18 14:28:08', 'confirmada'),
(18, 'premium', 32, '2025-12-29', '16:00:00', 12, 280.00, 1, 'Afonso', 'afonso2008david@gmail.com', NULL, '2025-12-18 14:29:13', 'confirmada'),
(20, 'romantica', 1, '2026-01-28', '19:00:00', 6, 350.00, 1, 'Afonso', 'afonso2008david@gmail.com', '', '2026-01-25 18:16:21', 'confirmada'),
(21, 'romantica', 32, '2026-01-29', '16:30:00', 7, 350.00, 1, 'Afonso', 'afonso2008david@gmail.com', '', '2026-01-25 18:19:56', 'confirmada'),
(22, 'intimista', 28, '2026-01-30', '16:30:00', 8, 150.00, 1, 'Afonso', 'afonso2008david@gmail.com', '', '2026-01-25 19:19:14', 'confirmada'),
(23, 'intimista', 4, '2026-01-29', '19:00:00', 6, 150.00, 1, 'Afonso', 'afonso2008david@gmail.com', '', '2026-01-27 13:18:40', 'confirmada'),
(24, 'intimista', 24, '2026-01-31', '16:30:00', 7, 150.00, NULL, 'Afonso David', 'afonso2008david@gmail.com', '963315105', '2026-01-28 13:52:48', 'confirmada'),
(25, 'intimista', 4, '2026-01-31', '16:30:00', 7, 150.00, NULL, 'Afonso', 'afonso2008david@gmail.com', '963315105', '2026-01-30 10:16:16', 'confirmada'),
(26, 'premium', 52, '2026-02-06', '14:00:00', 7, 200.00, NULL, 'Afonso', 'afonso2008david@gmail.com', '963315105', '2026-01-30 12:13:17', 'confirmada'),
(27, 'premium', 28, '2026-02-16', '16:30:00', 4, 200.00, NULL, 'Afonso David', 'afonso2008david@gmail.com', '963315105', '2026-02-09 13:48:23', 'confirmada'),
(28, 'premium', 23, '2026-02-25', '16:30:00', 8, 200.00, 14, 'Nastya Kiryeyev', 'anastasia.kiri.ana@gmail.com', '', '2026-02-15 22:33:45', 'confirmada'),
(29, 'intimista', 24, '2026-02-26', '16:30:00', 9, 150.00, 1, 'Afonso', 'afonso2008david@gmail.com', '', '2026-02-15 22:34:54', 'confirmada');

-- --------------------------------------------------------

--
-- Table structure for table `salas`
--

DROP TABLE IF EXISTS `salas`;
CREATE TABLE IF NOT EXISTS `salas` (
  `id` int NOT NULL AUTO_INCREMENT,
  `id_cinema` int NOT NULL,
  `nome_sala` varchar(50) NOT NULL,
  `capacidade` int NOT NULL,
  `tipo_sala` varchar(20) NOT NULL,
  `filas` int DEFAULT NULL,
  `lugares_por_fila` int DEFAULT NULL,
  `lugares_acessiveis` json DEFAULT NULL,
  PRIMARY KEY (`id`),
  KEY `fk_sala_cinema` (`id_cinema`)
) ENGINE=InnoDB AUTO_INCREMENT=243 DEFAULT CHARSET=utf8mb4 COLLATE=utf8mb4_0900_ai_ci;

--
-- Dumping data for table `salas`
--

INSERT INTO `salas` (`id`, `id_cinema`, `nome_sala`, `capacidade`, `tipo_sala`, `filas`, `lugares_por_fila`, `lugares_acessiveis`) VALUES
(7, 1, 'Sala IMAX', 350, 'IMAX', 14, 25, '[\"G1\", \"G2\", \"G24\", \"G25\"]'),
(8, 1, 'Sala 4DX', 100, '4DX', 10, 10, '[\"E1\", \"E2\", \"E9\", \"E10\"]'),
(15, 2, 'Sala IMAX', 350, 'IMAX', 14, 25, '[\"G1\", \"G2\", \"G24\", \"G25\"]'),
(16, 2, 'Sala 4DX', 100, '4DX', 10, 10, '[\"E1\", \"E2\", \"E9\", \"E10\"]'),
(23, 3, 'Sala IMAX', 350, 'IMAX', 14, 25, '[\"G1\", \"G2\", \"G24\", \"G25\"]'),
(24, 3, 'Sala 4DX', 100, '4DX', 10, 10, '[\"E1\", \"E2\", \"E9\", \"E10\"]'),
(31, 4, 'Sala IMAX', 350, 'IMAX', 14, 25, '[\"G1\", \"G2\", \"G24\", \"G25\"]'),
(32, 4, 'Sala 4DX', 100, '4DX', 10, 10, '[\"E1\", \"E2\", \"E9\", \"E10\"]'),
(39, 5, 'Sala IMAX', 350, 'IMAX', 14, 25, '[\"G1\", \"G2\", \"G24\", \"G25\"]'),
(40, 5, 'Sala 4DX', 100, '4DX', 10, 10, '[\"E1\", \"E2\", \"E9\", \"E10\"]'),
(47, 6, 'Sala IMAX', 350, 'IMAX', 14, 25, '[\"G1\", \"G2\", \"G24\", \"G25\"]'),
(48, 6, 'Sala 4DX', 100, '4DX', 10, 10, '[\"E1\", \"E2\", \"E9\", \"E10\"]'),
(55, 7, 'Sala IMAX', 350, 'IMAX', 14, 25, '[\"G1\", \"G2\", \"G24\", \"G25\"]'),
(56, 7, 'Sala 4DX', 100, '4DX', 10, 10, '[\"E1\", \"E2\", \"E9\", \"E10\"]'),
(63, 8, 'Sala IMAX', 350, 'IMAX', 14, 25, '[\"G1\", \"G2\", \"G24\", \"G25\"]'),
(64, 8, 'Sala 4DX', 100, '4DX', 10, 10, '[\"E1\", \"E2\", \"E9\", \"E10\"]'),
(71, 9, 'Sala IMAX', 350, 'IMAX', 14, 25, '[\"G1\", \"G2\", \"G24\", \"G25\"]'),
(72, 9, 'Sala 4DX', 100, '4DX', 10, 10, '[\"E1\", \"E2\", \"E9\", \"E10\"]'),
(79, 10, 'Sala IMAX', 350, 'IMAX', 14, 25, '[\"G1\", \"G2\", \"G24\", \"G25\"]'),
(80, 10, 'Sala 4DX', 100, '4DX', 10, 10, '[\"E1\", \"E2\", \"E9\", \"E10\"]'),
(87, 11, 'Sala IMAX', 350, 'IMAX', 14, 25, '[\"G1\", \"G2\", \"G24\", \"G25\"]'),
(88, 11, 'Sala 4DX', 100, '4DX', 10, 10, '[\"E1\", \"E2\", \"E9\", \"E10\"]'),
(95, 12, 'Sala IMAX', 350, 'IMAX', 14, 25, '[\"G1\", \"G2\", \"G24\", \"G25\"]'),
(96, 12, 'Sala 4DX', 100, '4DX', 10, 10, '[\"E1\", \"E2\", \"E9\", \"E10\"]'),
(103, 13, 'Sala IMAX', 350, 'IMAX', 14, 25, '[\"G1\", \"G2\", \"G24\", \"G25\"]'),
(104, 13, 'Sala 4DX', 100, '4DX', 10, 10, '[\"E1\", \"E2\", \"E9\", \"E10\"]'),
(111, 14, 'Sala IMAX', 350, 'IMAX', 14, 25, '[\"G1\", \"G2\", \"G24\", \"G25\"]'),
(112, 14, 'Sala 4DX', 100, '4DX', 10, 10, '[\"E1\", \"E2\", \"E9\", \"E10\"]'),
(119, 15, 'Sala IMAX', 350, 'IMAX', 14, 25, '[\"G1\", \"G2\", \"G24\", \"G25\"]'),
(120, 15, 'Sala 4DX', 100, '4DX', 10, 10, '[\"E1\", \"E2\", \"E9\", \"E10\"]'),
(121, 1, 'Sala 1', 375, 'Normal', 15, 25, '[\"G1\", \"G2\", \"G24\", \"G25\"]'),
(122, 1, 'Sala 2', 375, 'Normal', 15, 25, '[\"G1\", \"G2\", \"G24\", \"G25\"]'),
(123, 1, 'Sala 3', 375, 'Normal', 15, 25, '[\"G1\", \"G2\", \"G24\", \"G25\"]'),
(124, 1, 'Sala 4', 375, 'Normal', 15, 25, '[\"G1\", \"G2\", \"G24\", \"G25\"]'),
(125, 1, 'Sala 5', 375, 'Normal', 15, 25, '[\"G1\", \"G2\", \"G24\", \"G25\"]'),
(126, 1, 'Sala 6', 375, 'Normal', 15, 25, '[\"G1\", \"G2\", \"G24\", \"G25\"]'),
(127, 1, 'Sala 7', 375, 'Normal', 15, 25, '[\"G1\", \"G2\", \"G24\", \"G25\"]'),
(128, 1, 'Sala 8', 375, 'Normal', 15, 25, '[\"G1\", \"G2\", \"G24\", \"G25\"]'),
(129, 2, 'Sala 1', 375, 'Normal', 15, 25, '[\"G1\", \"G2\", \"G24\", \"G25\"]'),
(130, 2, 'Sala 2', 375, 'Normal', 15, 25, '[\"G1\", \"G2\", \"G24\", \"G25\"]'),
(131, 2, 'Sala 3', 375, 'Normal', 15, 25, '[\"G1\", \"G2\", \"G24\", \"G25\"]'),
(132, 2, 'Sala 4', 375, 'Normal', 15, 25, '[\"G1\", \"G2\", \"G24\", \"G25\"]'),
(133, 2, 'Sala 5', 375, 'Normal', 15, 25, '[\"G1\", \"G2\", \"G24\", \"G25\"]'),
(134, 2, 'Sala 6', 375, 'Normal', 15, 25, '[\"G1\", \"G2\", \"G24\", \"G25\"]'),
(135, 2, 'Sala 7', 375, 'Normal', 15, 25, '[\"G1\", \"G2\", \"G24\", \"G25\"]'),
(136, 2, 'Sala 8', 375, 'Normal', 15, 25, '[\"G1\", \"G2\", \"G24\", \"G25\"]'),
(137, 3, 'Sala 1', 375, 'Normal', 15, 25, '[\"G1\", \"G2\", \"G24\", \"G25\"]'),
(138, 3, 'Sala 2', 375, 'Normal', 15, 25, '[\"G1\", \"G2\", \"G24\", \"G25\"]'),
(139, 3, 'Sala 3', 375, 'Normal', 15, 25, '[\"G1\", \"G2\", \"G24\", \"G25\"]'),
(140, 3, 'Sala 4', 375, 'Normal', 15, 25, '[\"G1\", \"G2\", \"G24\", \"G25\"]'),
(141, 3, 'Sala 5', 375, 'Normal', 15, 25, '[\"G1\", \"G2\", \"G24\", \"G25\"]'),
(142, 3, 'Sala 6', 375, 'Normal', 15, 25, '[\"G1\", \"G2\", \"G24\", \"G25\"]'),
(143, 3, 'Sala 7', 375, 'Normal', 15, 25, '[\"G1\", \"G2\", \"G24\", \"G25\"]'),
(144, 3, 'Sala 8', 375, 'Normal', 15, 25, '[\"G1\", \"G2\", \"G24\", \"G25\"]'),
(145, 4, 'Sala 1', 375, 'Normal', 15, 25, '[\"G1\", \"G2\", \"G24\", \"G25\"]'),
(146, 4, 'Sala 2', 375, 'Normal', 15, 25, '[\"G1\", \"G2\", \"G24\", \"G25\"]'),
(147, 4, 'Sala 3', 375, 'Normal', 15, 25, '[\"G1\", \"G2\", \"G24\", \"G25\"]'),
(148, 4, 'Sala 4', 375, 'Normal', 15, 25, '[\"G1\", \"G2\", \"G24\", \"G25\"]'),
(149, 4, 'Sala 5', 375, 'Normal', 15, 25, '[\"G1\", \"G2\", \"G24\", \"G25\"]'),
(150, 4, 'Sala 6', 375, 'Normal', 15, 25, '[\"G1\", \"G2\", \"G24\", \"G25\"]'),
(151, 4, 'Sala 7', 375, 'Normal', 15, 25, '[\"G1\", \"G2\", \"G24\", \"G25\"]'),
(152, 4, 'Sala 8', 375, 'Normal', 15, 25, '[\"G1\", \"G2\", \"G24\", \"G25\"]'),
(153, 5, 'Sala 1', 375, 'Normal', 15, 25, '[\"G1\", \"G2\", \"G24\", \"G25\"]'),
(154, 5, 'Sala 2', 375, 'Normal', 15, 25, '[\"G1\", \"G2\", \"G24\", \"G25\"]'),
(155, 5, 'Sala 3', 375, 'Normal', 15, 25, '[\"G1\", \"G2\", \"G24\", \"G25\"]'),
(156, 5, 'Sala 4', 375, 'Normal', 15, 25, '[\"G1\", \"G2\", \"G24\", \"G25\"]'),
(157, 5, 'Sala 5', 375, 'Normal', 15, 25, '[\"G1\", \"G2\", \"G24\", \"G25\"]'),
(158, 5, 'Sala 6', 375, 'Normal', 15, 25, '[\"G1\", \"G2\", \"G24\", \"G25\"]'),
(159, 5, 'Sala 7', 375, 'Normal', 15, 25, '[\"G1\", \"G2\", \"G24\", \"G25\"]'),
(160, 5, 'Sala 8', 375, 'Normal', 15, 25, '[\"G1\", \"G2\", \"G24\", \"G25\"]'),
(161, 6, 'Sala 1', 375, 'Normal', 15, 25, '[\"G1\", \"G2\", \"G24\", \"G25\"]'),
(162, 6, 'Sala 2', 375, 'Normal', 15, 25, '[\"G1\", \"G2\", \"G24\", \"G25\"]'),
(163, 6, 'Sala 3', 375, 'Normal', 15, 25, '[\"G1\", \"G2\", \"G24\", \"G25\"]'),
(164, 6, 'Sala 4', 375, 'Normal', 15, 25, '[\"G1\", \"G2\", \"G24\", \"G25\"]'),
(165, 6, 'Sala 5', 375, 'Normal', 15, 25, '[\"G1\", \"G2\", \"G24\", \"G25\"]'),
(166, 6, 'Sala 6', 375, 'Normal', 15, 25, '[\"G1\", \"G2\", \"G24\", \"G25\"]'),
(167, 6, 'Sala 7', 375, 'Normal', 15, 25, '[\"G1\", \"G2\", \"G24\", \"G25\"]'),
(168, 6, 'Sala 8', 375, 'Normal', 15, 25, '[\"G1\", \"G2\", \"G24\", \"G25\"]'),
(169, 7, 'Sala 1', 375, 'Normal', 15, 25, '[\"G1\", \"G2\", \"G24\", \"G25\"]'),
(170, 7, 'Sala 2', 375, 'Normal', 15, 25, '[\"G1\", \"G2\", \"G24\", \"G25\"]'),
(171, 7, 'Sala 3', 375, 'Normal', 15, 25, '[\"G1\", \"G2\", \"G24\", \"G25\"]'),
(172, 7, 'Sala 4', 375, 'Normal', 15, 25, '[\"G1\", \"G2\", \"G24\", \"G25\"]'),
(173, 7, 'Sala 5', 375, 'Normal', 15, 25, '[\"G1\", \"G2\", \"G24\", \"G25\"]'),
(174, 7, 'Sala 6', 375, 'Normal', 15, 25, '[\"G1\", \"G2\", \"G24\", \"G25\"]'),
(175, 7, 'Sala 7', 375, 'Normal', 15, 25, '[\"G1\", \"G2\", \"G24\", \"G25\"]'),
(176, 7, 'Sala 8', 375, 'Normal', 15, 25, '[\"G1\", \"G2\", \"G24\", \"G25\"]'),
(177, 8, 'Sala 1', 375, 'Normal', 15, 25, '[\"G1\", \"G2\", \"G24\", \"G25\"]'),
(178, 8, 'Sala 2', 375, 'Normal', 15, 25, '[\"G1\", \"G2\", \"G24\", \"G25\"]'),
(179, 8, 'Sala 3', 375, 'Normal', 15, 25, '[\"G1\", \"G2\", \"G24\", \"G25\"]'),
(180, 8, 'Sala 4', 375, 'Normal', 15, 25, '[\"G1\", \"G2\", \"G24\", \"G25\"]'),
(181, 8, 'Sala 5', 375, 'Normal', 15, 25, '[\"G1\", \"G2\", \"G24\", \"G25\"]'),
(182, 8, 'Sala 6', 375, 'Normal', 15, 25, '[\"G1\", \"G2\", \"G24\", \"G25\"]'),
(183, 8, 'Sala 7', 375, 'Normal', 15, 25, '[\"G1\", \"G2\", \"G24\", \"G25\"]'),
(184, 8, 'Sala 8', 375, 'Normal', 15, 25, '[\"G1\", \"G2\", \"G24\", \"G25\"]'),
(185, 9, 'Sala 1', 375, 'Normal', 15, 25, '[\"G1\", \"G2\", \"G24\", \"G25\"]'),
(186, 9, 'Sala 2', 375, 'Normal', 15, 25, '[\"G1\", \"G2\", \"G24\", \"G25\"]'),
(187, 9, 'Sala 3', 375, 'Normal', 15, 25, '[\"G1\", \"G2\", \"G24\", \"G25\"]'),
(188, 9, 'Sala 4', 375, 'Normal', 15, 25, '[\"G1\", \"G2\", \"G24\", \"G25\"]'),
(189, 9, 'Sala 5', 375, 'Normal', 15, 25, '[\"G1\", \"G2\", \"G24\", \"G25\"]'),
(190, 9, 'Sala 6', 375, 'Normal', 15, 25, '[\"G1\", \"G2\", \"G24\", \"G25\"]'),
(191, 9, 'Sala 7', 375, 'Normal', 15, 25, '[\"G1\", \"G2\", \"G24\", \"G25\"]'),
(192, 9, 'Sala 8', 375, 'Normal', 15, 25, '[\"G1\", \"G2\", \"G24\", \"G25\"]'),
(193, 10, 'Sala 1', 375, 'Normal', 15, 25, '[\"G1\", \"G2\", \"G24\", \"G25\"]'),
(194, 10, 'Sala 2', 375, 'Normal', 15, 25, '[\"G1\", \"G2\", \"G24\", \"G25\"]'),
(195, 10, 'Sala 3', 375, 'Normal', 15, 25, '[\"G1\", \"G2\", \"G24\", \"G25\"]'),
(196, 10, 'Sala 4', 375, 'Normal', 15, 25, '[\"G1\", \"G2\", \"G24\", \"G25\"]'),
(197, 10, 'Sala 5', 375, 'Normal', 15, 25, '[\"G1\", \"G2\", \"G24\", \"G25\"]'),
(198, 10, 'Sala 6', 375, 'Normal', 15, 25, '[\"G1\", \"G2\", \"G24\", \"G25\"]'),
(199, 10, 'Sala 7', 375, 'Normal', 15, 25, '[\"G1\", \"G2\", \"G24\", \"G25\"]'),
(200, 10, 'Sala 8', 375, 'Normal', 15, 25, '[\"G1\", \"G2\", \"G24\", \"G25\"]'),
(201, 11, 'Sala 1', 375, 'Normal', 15, 25, '[\"G1\", \"G2\", \"G24\", \"G25\"]'),
(202, 11, 'Sala 2', 375, 'Normal', 15, 25, '[\"G1\", \"G2\", \"G24\", \"G25\"]'),
(203, 11, 'Sala 3', 375, 'Normal', 15, 25, '[\"G1\", \"G2\", \"G24\", \"G25\"]'),
(204, 11, 'Sala 4', 375, 'Normal', 15, 25, '[\"G1\", \"G2\", \"G24\", \"G25\"]'),
(205, 11, 'Sala 5', 375, 'Normal', 15, 25, '[\"G1\", \"G2\", \"G24\", \"G25\"]'),
(206, 11, 'Sala 6', 375, 'Normal', 15, 25, '[\"G1\", \"G2\", \"G24\", \"G25\"]'),
(207, 11, 'Sala 7', 375, 'Normal', 15, 25, '[\"G1\", \"G2\", \"G24\", \"G25\"]'),
(208, 11, 'Sala 8', 375, 'Normal', 15, 25, '[\"G1\", \"G2\", \"G24\", \"G25\"]'),
(209, 12, 'Sala 1', 375, 'Normal', 15, 25, '[\"G1\", \"G2\", \"G24\", \"G25\"]'),
(210, 12, 'Sala 2', 375, 'Normal', 15, 25, '[\"G1\", \"G2\", \"G24\", \"G25\"]'),
(211, 12, 'Sala 3', 375, 'Normal', 15, 25, '[\"G1\", \"G2\", \"G24\", \"G25\"]'),
(212, 12, 'Sala 4', 375, 'Normal', 15, 25, '[\"G1\", \"G2\", \"G24\", \"G25\"]'),
(213, 12, 'Sala 5', 375, 'Normal', 15, 25, '[\"G1\", \"G2\", \"G24\", \"G25\"]'),
(214, 12, 'Sala 6', 375, 'Normal', 15, 25, '[\"G1\", \"G2\", \"G24\", \"G25\"]'),
(215, 12, 'Sala 7', 375, 'Normal', 15, 25, '[\"G1\", \"G2\", \"G24\", \"G25\"]'),
(216, 12, 'Sala 8', 375, 'Normal', 15, 25, '[\"G1\", \"G2\", \"G24\", \"G25\"]'),
(217, 13, 'Sala 1', 375, 'Normal', 15, 25, '[\"G1\", \"G2\", \"G24\", \"G25\"]'),
(218, 13, 'Sala 2', 375, 'Normal', 15, 25, '[\"G1\", \"G2\", \"G24\", \"G25\"]'),
(219, 13, 'Sala 3', 375, 'Normal', 15, 25, '[\"G1\", \"G2\", \"G24\", \"G25\"]'),
(220, 13, 'Sala 4', 375, 'Normal', 15, 25, '[\"G1\", \"G2\", \"G24\", \"G25\"]'),
(221, 13, 'Sala 5', 375, 'Normal', 15, 25, '[\"G1\", \"G2\", \"G24\", \"G25\"]'),
(222, 13, 'Sala 6', 375, 'Normal', 15, 25, '[\"G1\", \"G2\", \"G24\", \"G25\"]'),
(223, 13, 'Sala 7', 375, 'Normal', 15, 25, '[\"G1\", \"G2\", \"G24\", \"G25\"]'),
(224, 13, 'Sala 8', 375, 'Normal', 15, 25, '[\"G1\", \"G2\", \"G24\", \"G25\"]'),
(225, 14, 'Sala 1', 375, 'Normal', 15, 25, '[\"G1\", \"G2\", \"G24\", \"G25\"]'),
(226, 14, 'Sala 2', 375, 'Normal', 15, 25, '[\"G1\", \"G2\", \"G24\", \"G25\"]'),
(227, 14, 'Sala 3', 375, 'Normal', 15, 25, '[\"G1\", \"G2\", \"G24\", \"G25\"]'),
(228, 14, 'Sala 4', 375, 'Normal', 15, 25, '[\"G1\", \"G2\", \"G24\", \"G25\"]'),
(229, 14, 'Sala 5', 375, 'Normal', 15, 25, '[\"G1\", \"G2\", \"G24\", \"G25\"]'),
(230, 14, 'Sala 6', 375, 'Normal', 15, 25, '[\"G1\", \"G2\", \"G24\", \"G25\"]'),
(231, 14, 'Sala 7', 375, 'Normal', 15, 25, '[\"G1\", \"G2\", \"G24\", \"G25\"]'),
(232, 14, 'Sala 8', 375, 'Normal', 15, 25, '[\"G1\", \"G2\", \"G24\", \"G25\"]'),
(233, 15, 'Sala 1', 375, 'Normal', 15, 25, '[\"G1\", \"G2\", \"G24\", \"G25\"]'),
(234, 15, 'Sala 2', 375, 'Normal', 15, 25, '[\"G1\", \"G2\", \"G24\", \"G25\"]'),
(235, 15, 'Sala 3', 375, 'Normal', 15, 25, '[\"G1\", \"G2\", \"G24\", \"G25\"]'),
(236, 15, 'Sala 4', 375, 'Normal', 15, 25, '[\"G1\", \"G2\", \"G24\", \"G25\"]'),
(237, 15, 'Sala 5', 375, 'Normal', 15, 25, '[\"G1\", \"G2\", \"G24\", \"G25\"]'),
(238, 15, 'Sala 6', 375, 'Normal', 15, 25, '[\"G1\", \"G2\", \"G24\", \"G25\"]'),
(239, 15, 'Sala 7', 375, 'Normal', 15, 25, '[\"G1\", \"G2\", \"G24\", \"G25\"]'),
(240, 15, 'Sala 8', 375, 'Normal', 15, 25, '[\"G1\", \"G2\", \"G24\", \"G25\"]');

-- --------------------------------------------------------

--
-- Table structure for table `salas_exclusivas`
--

DROP TABLE IF EXISTS `salas_exclusivas`;
CREATE TABLE IF NOT EXISTS `salas_exclusivas` (
  `id` int NOT NULL AUTO_INCREMENT,
  `nome` varchar(100) NOT NULL,
  `descricao` text,
  `capacidade` int NOT NULL,
  PRIMARY KEY (`id`)
) ENGINE=MyISAM AUTO_INCREMENT=4 DEFAULT CHARSET=utf8mb4 COLLATE=utf8mb4_0900_ai_ci;

--
-- Dumping data for table `salas_exclusivas`
--

INSERT INTO `salas_exclusivas` (`id`, `nome`, `descricao`, `capacidade`) VALUES
(1, 'Intimista', 'Uma sala intimista de cinema é um espaço pensado para proporcionar uma experiência mais pessoal e envolvente, com lotação reduzida, ambiente confortável e acústica cuidada, permitindo ao espectador sentir-se mais próximo do ecrã e da narrativa, ideal para sessões especiais, filmes de autor ou exibições privadas.', 30),
(2, 'Vip', 'Uma sala VIP de cinema oferece uma experiência premium, combinando conforto de alto nível com exclusividade, através de poltronas reclináveis, maior espaço entre lugares, atendimento personalizado e um ambiente sofisticado, pensado para quem procura ver um filme com máximo conforto e luxo.', 15),
(3, 'Premium', 'Uma sala Premium de cinema proporciona uma experiência superior à convencional, aliando conforto reforçado, qualidade de imagem e som avançados e um ambiente moderno e acolhedor, pensada para espectadores que procuram mais comodidade e qualidade sem chegar ao nível de exclusividade de uma sala VIP.', 20);

-- --------------------------------------------------------

--
-- Table structure for table `sessoes_tematicas`
--

DROP TABLE IF EXISTS `sessoes_tematicas`;
CREATE TABLE IF NOT EXISTS `sessoes_tematicas` (
  `id` int NOT NULL AUTO_INCREMENT,
  `nome_id` int DEFAULT NULL,
  `descricao` varchar(100) DEFAULT NULL,
  `capacidade` int DEFAULT NULL,
  `genero` varchar(150) DEFAULT NULL,
  PRIMARY KEY (`id`),
  KEY `nome_id` (`nome_id`)
) ENGINE=InnoDB AUTO_INCREMENT=4 DEFAULT CHARSET=utf8mb4 COLLATE=utf8mb4_0900_ai_ci;

--
-- Dumping data for table `sessoes_tematicas`
--

INSERT INTO `sessoes_tematicas` (`id`, `nome_id`, `descricao`, `capacidade`, `genero`) VALUES
(1, 9, 'Se', 50, 'Vintage'),
(2, 9, NULL, 2, 'Romance'),
(3, 9, NULL, 50, 'Terror');

-- --------------------------------------------------------

--
-- Table structure for table `tipos_sessao`
--

DROP TABLE IF EXISTS `tipos_sessao`;
CREATE TABLE IF NOT EXISTS `tipos_sessao` (
  `id` int NOT NULL AUTO_INCREMENT,
  `nome` varchar(100) NOT NULL,
  `descricao` text,
  `preco_bilhete` decimal(5,2) NOT NULL DEFAULT '0.00' COMMENT 'Preço final do bilhete deste tipo de sessão',
  `preco` decimal(10,2) DEFAULT '8.50',
  PRIMARY KEY (`id`)
) ENGINE=InnoDB AUTO_INCREMENT=25 DEFAULT CHARSET=utf8mb4 COLLATE=utf8mb4_0900_ai_ci;

--
-- Dumping data for table `tipos_sessao`
--

INSERT INTO `tipos_sessao` (`id`, `nome`, `descricao`, `preco_bilhete`, `preco`) VALUES
(1, 'IMAX', 'Sessões com projeção em ecrã gigante e som de alta definição, proporcionando uma experiência totalmente imersiva.', 12.90, 15.00),
(2, 'Atmos', 'Sessões com som Dolby Atmos, que envolve o público com áudio tridimensional e realista.', 7.90, 8.50),
(4, '4DX', 'Sessões com cadeiras em movimento e efeitos sensoriais que acompanham a ação do filme.', 14.90, 15.00),
(5, '2D', 'Projeção tradicional em duas dimensões, ideal para quem prefere uma experiência clássica.', 7.90, 8.50),
(6, 'LG', 'Sessões adaptadas com intérprete de Língua Gestual Portuguesa, para público surdo.', 7.90, 8.50),
(7, 'CC', 'Sessões com legendas para surdos e ensurdecidos (Closed Caption).', 7.90, 8.50),
(8, 'Audiodescrição', 'Sessões com narração descritiva para pessoas com deficiência visual.', 7.90, 8.50),
(9, 'Exclusiva', 'Sessões particulares ', 0.00, 8.50),
(24, 'Temática', 'Sessões perssonalizaveis', 50.00, 50.00);

-- --------------------------------------------------------

--
-- Table structure for table `toppings`
--

DROP TABLE IF EXISTS `toppings`;
CREATE TABLE IF NOT EXISTS `toppings` (
  `id` bigint UNSIGNED NOT NULL AUTO_INCREMENT,
  `nome` varchar(100) NOT NULL,
  `descricao` text,
  `preco` decimal(6,2) NOT NULL,
  `imagem_url` varchar(255) DEFAULT NULL,
  PRIMARY KEY (`id`),
  UNIQUE KEY `id` (`id`)
) ENGINE=MyISAM AUTO_INCREMENT=12 DEFAULT CHARSET=utf8mb4 COLLATE=utf8mb4_0900_ai_ci;

--
-- Dumping data for table `toppings`
--

INSERT INTO `toppings` (`id`, `nome`, `descricao`, `preco`, `imagem_url`) VALUES
(2, 'Biscoff', 'Biscoito caramelizado Biscoff', 1.80, 'imgs/toppings/topping_67079279.png'),
(3, 'Caramelo', 'Caramelo doce', 1.20, 'imgs/toppings/topping_eb400ade.png'),
(10, 'Piri Piri', 'Pipocas com pó picante', 1.80, 'imgs/toppings/topping_dd8f4f9f.png'),
(6, 'Oreo', 'Biscoito Oreo triturado', 1.70, 'imgs/toppings/topping_6782af48.png'),
(7, 'M&M', 'Chocolate colorido crocante', 1.80, 'imgs/toppings/topping_4724e3be.png'),
(9, 'Manteiga', 'Manteiga derretida clássica', 0.80, 'imgs/toppings/topping_5ad20f34.png');

-- --------------------------------------------------------

--
-- Table structure for table `toppings_produtos`
--

DROP TABLE IF EXISTS `toppings_produtos`;
CREATE TABLE IF NOT EXISTS `toppings_produtos` (
  `id` int NOT NULL AUTO_INCREMENT,
  `id_topping` int NOT NULL,
  `id_produto` int DEFAULT NULL,
  `id_menu` int DEFAULT NULL,
  `tipo_produto` enum('bar','menu') COLLATE utf8mb4_unicode_ci NOT NULL,
  `created_at` timestamp NULL DEFAULT CURRENT_TIMESTAMP,
  PRIMARY KEY (`id`),
  KEY `idx_topping` (`id_topping`),
  KEY `idx_produto` (`id_produto`),
  KEY `idx_menu` (`id_menu`)
) ENGINE=InnoDB AUTO_INCREMENT=32 DEFAULT CHARSET=utf8mb4 COLLATE=utf8mb4_unicode_ci;

--
-- Dumping data for table `toppings_produtos`
--

INSERT INTO `toppings_produtos` (`id`, `id_topping`, `id_produto`, `id_menu`, `tipo_produto`, `created_at`) VALUES
(1, 2, 1, NULL, 'bar', '2026-02-09 09:45:18'),
(2, 2, 17, NULL, 'bar', '2026-02-09 09:45:18'),
(3, 3, 1, NULL, 'bar', '2026-02-09 09:45:18'),
(4, 3, 17, NULL, 'bar', '2026-02-09 09:45:18'),
(5, 6, 1, NULL, 'bar', '2026-02-09 09:45:18'),
(6, 6, 17, NULL, 'bar', '2026-02-09 09:45:18'),
(7, 7, 1, NULL, 'bar', '2026-02-09 09:45:18'),
(8, 7, 17, NULL, 'bar', '2026-02-09 09:45:18'),
(9, 9, 1, NULL, 'bar', '2026-02-09 09:45:18'),
(10, 9, 17, NULL, 'bar', '2026-02-09 09:45:18'),
(11, 10, 1, NULL, 'bar', '2026-02-09 09:45:18'),
(12, 10, 17, NULL, 'bar', '2026-02-09 09:45:18'),
(13, 2, NULL, 1, 'bar', '2026-02-09 10:49:52'),
(14, 2, NULL, 1, 'menu', '2026-02-09 10:53:55'),
(15, 3, NULL, 1, 'menu', '2026-02-09 10:53:55'),
(16, 6, NULL, 1, 'menu', '2026-02-09 10:53:55'),
(17, 7, NULL, 1, 'menu', '2026-02-09 10:53:55'),
(18, 9, NULL, 1, 'menu', '2026-02-09 10:53:55'),
(19, 10, NULL, 1, 'menu', '2026-02-09 10:53:55'),
(20, 2, NULL, 3, 'bar', '2026-02-09 10:53:55'),
(21, 3, NULL, 3, 'menu', '2026-02-09 10:53:55'),
(22, 6, NULL, 3, 'menu', '2026-02-09 10:53:55'),
(23, 7, NULL, 3, 'menu', '2026-02-09 10:53:55'),
(24, 9, NULL, 3, 'menu', '2026-02-09 10:53:55'),
(25, 10, NULL, 3, 'menu', '2026-02-09 10:53:55'),
(26, 2, NULL, 5, 'menu', '2026-02-09 10:53:55'),
(27, 3, NULL, 5, 'menu', '2026-02-09 10:53:55'),
(28, 6, NULL, 5, 'menu', '2026-02-09 10:53:55'),
(29, 7, NULL, 5, 'menu', '2026-02-09 10:53:55'),
(30, 9, NULL, 5, 'menu', '2026-02-09 10:53:55'),
(31, 10, NULL, 5, 'menu', '2026-02-09 10:53:55');

-- --------------------------------------------------------

--
-- Table structure for table `usuarios`
--

DROP TABLE IF EXISTS `usuarios`;
CREATE TABLE IF NOT EXISTS `usuarios` (
  `id` int NOT NULL AUTO_INCREMENT,
  `nome` varchar(255) NOT NULL,
  `email` varchar(191) NOT NULL,
  `senha` varchar(255) NOT NULL,
  `tipo_usuario` varchar(20) DEFAULT 'normal',
  `criado_em` datetime NOT NULL,
  `ultimo_login` datetime DEFAULT NULL,
  `avatar` varchar(255) DEFAULT 'imgs/avatars/default.png',
  `avatar_id` int DEFAULT '1',
  `is_admin` tinyint(1) DEFAULT '0',
  `biografia` text,
  `filme_favorito_id` int DEFAULT NULL,
  `avatar_personalizado` varchar(255) DEFAULT NULL,
  PRIMARY KEY (`id`),
  UNIQUE KEY `email` (`email`)
) ENGINE=InnoDB AUTO_INCREMENT=49 DEFAULT CHARSET=utf8mb4 COLLATE=utf8mb4_0900_ai_ci;

--
-- Dumping data for table `usuarios`
--

INSERT INTO `usuarios` (`id`, `nome`, `email`, `senha`, `tipo_usuario`, `criado_em`, `ultimo_login`, `avatar`, `avatar_id`, `is_admin`, `biografia`, `filme_favorito_id`, `avatar_personalizado`) VALUES
(1, 'Afonso', 'afonso2008david@gmail.com', 'scrypt:32768:8:1$dLn2o2vK5MDfud6p$27e4a3b5db4bf80e69160f82376be8f428f02f308b3a23dbc1bd2e32f8d71e66c21dc9711dad89d294f6fd785f733b95185dd0efc7c4fcd9313b9d384c4b92fd', 'normal', '2025-11-03 20:23:37', '2026-02-21 13:31:23', NULL, 4, 0, NULL, NULL, 'imgs/profile/super-herois/OIP-removebg-preview (13).png'),
(11, 'Duarte', 'duartemariation@gmail.com', 'scrypt:32768:8:1$h5SKV2XnqVI4TCjn$3fbcc143a0ffdeff34037e6aaa861b2900517e152fa955de0336cefe00efb812b9d4989e720e9707c056974358a403d42ce410e4895ffccbacff862cf79381b4', 'normal', '2025-11-04 00:08:34', '2026-02-15 20:33:19', NULL, 13, 0, NULL, NULL, 'imgs/profile/animação/Captura_de_ecrã_2025-11-25_095206-removebg-preview.png'),
(13, 'Amnin', 'cinevibeadmn@gmail.com', 'scrypt:32768:8:1$5a8qZPm7uxSN4Sr6$f387028978773ff3a6124cc807f00e4662e9a370ab2b5550c57ff7ff2d8576843f810833a072beff9bd5250700a0e3aa6f6abfd808b082192f48367322aa8416', 'normal', '2025-11-17 08:47:56', '2026-02-21 17:22:16', 'imgs/avatars/custom/user_13_20251117095337.png', NULL, 1, NULL, NULL, 'imgs/avatars/custom/user_13_20251117095337.png'),
(14, 'Nastya Kiryeyev', 'anastasia.kiri.ana@gmail.com', 'scrypt:32768:8:1$b4qBlQCA6n19uNbC$c7a2c12ef1d6cb85bb483fb6aefba5a914a0380cb986b34161e76e1cca549dee28e65a4bb70a0133bfa29a7d345b8ce6c70c92be2ea3fb7b55374fb52a2a0872', 'normal', '2025-11-17 21:28:06', '2026-02-16 00:29:24', NULL, 29, 0, NULL, NULL, NULL),
(15, 'André Almeida', 'andrea@gmail.com', 'scrypt:32768:8:1$vxnypx0d0A7g9NkJ$3d5776f833f4b231d7fb77320d5e249ecbce83f48fd00a08d9562ecfbac2de6ebaa51c7f31795256d612d6c8f53328b2158f721dd17cbaf3d13d29bc9f5202e9', 'normal', '2025-11-19 08:50:33', '2025-11-20 08:52:11', 'imgs/icons/user_icon34-removebg-preview.png', 5, 0, NULL, NULL, NULL),
(21, 'Marta Silva', 'martasilva@gmail.com', 'scrypt:32768:8:1$UGh7InYCqj6X6I6G$bab6d731f06982739b6097ed2e43a5c4b97babbf6cd68ca3bebfc998d5e1d276b636c25767830d09d7e6c61b0ba62fc2b3070a9574d1d04422459f9c85710559', 'normal', '2025-11-20 09:25:15', '2025-11-22 11:39:11', 'imgs/icons/user_icon34-removebg-preview.png', 21, 0, NULL, NULL, NULL),
(22, 'António Domingos', 'domingos27@gmail.com', 'scrypt:32768:8:1$9D8ErdPBgaI1n6aZ$6a44888d26aa6c577ab05d0211de9920558669ef6b4157264eb0436ca6d7b09a5fbd3613ed58ba41de4c72153fadacb9fe9ac74d47fb1cacb1d4fc02a9bf2f43', 'normal', '2025-11-20 09:27:20', '2025-11-20 09:27:20', 'imgs/icons/user_icon34-removebg-preview.png', 16, 0, NULL, NULL, NULL),
(24, 'Marco David', 'marcogdavid@gmail.com', 'scrypt:32768:8:1$It3tUW7G4yjLqS6I$b1f0443f2868693a877d9deb36637e7e963435535edca2517ee975903172d94db031bffd27dbae2d1e8bd9bf9897b8de24c568c8f3eb859b2a480f8471962802', 'normal', '2025-11-22 11:34:47', '2026-02-10 22:28:20', NULL, 25, 0, NULL, NULL, 'imgs/avatars/default.png'),
(30, 'Maria Silva', 'maria.silva@email.com', 'senha123', 'normal', '0000-00-00 00:00:00', NULL, 'imgs/avatars/default.png', 1, 0, NULL, NULL, NULL),
(44, 'Rodrigo António', 'antonio@gmail.com', 'scrypt:32768:8:1$0jPXIX1X19RaWbWh$fc793bd1ee0141b910c4a9a0daabb32cc6b9403765d598490b508ecafc8e04c3c3483205f0df0f3e127f3cc1c2cd9161a45074a66a0a04d0b647f34e65cdd504', 'normal', '2026-01-29 20:48:37', '2026-01-29 20:48:37', 'imgs/avatars/default.png', 37, 0, NULL, NULL, NULL),
(45, 'José', 'jose@gmail.com', 'scrypt:32768:8:1$fBfbcrD3vVOdjF9y$f3245dba73ed003578a44d6a4290e6dc41121d6851b512a0d170a050fa01a9581304f71a04c76c39b11d32a11afd45018c139be06fad0a78b88f9d12905f4ae7', 'normal', '2026-01-29 20:58:00', '2026-02-10 22:23:30', 'imgs/profile/80s/OIP-removebg-preview (16).png', 4, 0, NULL, NULL, NULL),
(46, 'ce', 'ce@gmail.com', 'scrypt:32768:8:1$1EaJeQtRdOxIHHmM$7fe6543cbff4c130f64e935739065ccfe43ff3a1821ef2cd85a6f705d2ad06f4df1742b8874dfb36f351de3e69288c9435cafaa82e276037654f651d12ecf2db', 'normal', '2026-01-29 20:58:46', '2026-02-10 22:08:26', 'imgs/avatars/default.png', 11, 0, NULL, NULL, NULL),
(47, 'André', 'andre23@gmail.com', 'scrypt:32768:8:1$gP6KPCSUPzbXL0So$a8d0fa7fc7d5e4049afff998c3570417f9a05334322f8b8a0a417f5a85e5856a55a732aa769d451e3b0ef69d10a0772686ae849867ff0070cb38e642a36fe0af', 'normal', '2026-02-10 22:11:15', '2026-02-10 22:30:34', 'imgs/avatars/default.png', 6, 0, NULL, NULL, NULL),
(48, 'Josemario', 'josemario@gmail.com963315105', 'scrypt:32768:8:1$PzdOOPNkP58jjWjI$1344c21de4025a677c261c5bcea75be64f9c94b0fdd2ffd5b91fb09f534fa52124a4c9b495193f97fac25fb2b90df6685f655e8649447fc198a785ed2a63e0bd', 'normal', '2026-02-10 22:33:21', '2026-02-10 22:33:21', 'imgs/avatars/default.png', 23, 0, NULL, NULL, NULL);

--
-- Constraints for dumped tables
--

--
-- Constraints for table `avaliacoes_filmes`
--
ALTER TABLE `avaliacoes_filmes`
  ADD CONSTRAINT `fk_avaliacoes_filme` FOREIGN KEY (`filme_id`) REFERENCES `filmes` (`id`) ON DELETE CASCADE,
  ADD CONSTRAINT `fk_avaliacoes_usuario` FOREIGN KEY (`usuario_id`) REFERENCES `usuarios` (`id`) ON DELETE CASCADE;

--
-- Constraints for table `avatars`
--
ALTER TABLE `avatars`
  ADD CONSTRAINT `fk_avatar_categoria` FOREIGN KEY (`categoria_id`) REFERENCES `avatar_categories` (`id`) ON DELETE SET NULL ON UPDATE CASCADE;

--
-- Constraints for table `caracteristica_produto_bar`
--
ALTER TABLE `caracteristica_produto_bar`
  ADD CONSTRAINT `fk_caracteristica_produto` FOREIGN KEY (`produto_id`) REFERENCES `bar` (`id`) ON DELETE CASCADE;

--
-- Constraints for table `cinemas_favoritos`
--
ALTER TABLE `cinemas_favoritos`
  ADD CONSTRAINT `fk_favorito_cinema` FOREIGN KEY (`cinema_id`) REFERENCES `cinemas` (`id`) ON DELETE CASCADE,
  ADD CONSTRAINT `fk_favorito_usuario` FOREIGN KEY (`usuario_id`) REFERENCES `usuarios` (`id`) ON DELETE CASCADE;

--
-- Constraints for table `codigos_desconto`
--
ALTER TABLE `codigos_desconto`
  ADD CONSTRAINT `codigos_desconto_ibfk_1` FOREIGN KEY (`usuario_id`) REFERENCES `usuarios` (`id`) ON DELETE CASCADE;

--
-- Constraints for table `filmes_cinemas`
--
ALTER TABLE `filmes_cinemas`
  ADD CONSTRAINT `fk_filmes_cinemas_cinema` FOREIGN KEY (`cinema_id`) REFERENCES `cinemas` (`id`) ON DELETE CASCADE,
  ADD CONSTRAINT `fk_filmes_cinemas_filme` FOREIGN KEY (`filme_id`) REFERENCES `filmes` (`id`) ON DELETE CASCADE;

--
-- Constraints for table `filme_atores`
--
ALTER TABLE `filme_atores`
  ADD CONSTRAINT `fk_filme_atores_ator` FOREIGN KEY (`ator_id`) REFERENCES `atores` (`id`) ON DELETE CASCADE,
  ADD CONSTRAINT `fk_filme_atores_filme` FOREIGN KEY (`filme_id`) REFERENCES `filmes` (`id`) ON DELETE CASCADE;

--
-- Constraints for table `filme_generos`
--
ALTER TABLE `filme_generos`
  ADD CONSTRAINT `fk_filme_generos_filme` FOREIGN KEY (`filme_id`) REFERENCES `filmes` (`id`) ON DELETE CASCADE,
  ADD CONSTRAINT `fk_filme_generos_genero` FOREIGN KEY (`genero_id`) REFERENCES `generos` (`id`) ON DELETE CASCADE;

--
-- Constraints for table `horarios_sessao`
--
ALTER TABLE `horarios_sessao`
  ADD CONSTRAINT `fk_horario_cinema` FOREIGN KEY (`id_cinema`) REFERENCES `cinemas` (`id`) ON DELETE CASCADE,
  ADD CONSTRAINT `fk_horario_filme` FOREIGN KEY (`id_filme`) REFERENCES `filmes` (`id`) ON DELETE CASCADE,
  ADD CONSTRAINT `fk_horario_horario` FOREIGN KEY (`id_horario`) REFERENCES `horarios` (`id`) ON DELETE RESTRICT,
  ADD CONSTRAINT `fk_horario_tipo_sessao` FOREIGN KEY (`id_tipo_sessao`) REFERENCES `tipos_sessao` (`id`) ON DELETE RESTRICT;

--
-- Constraints for table `lugares`
--
ALTER TABLE `lugares`
  ADD CONSTRAINT `fk_lugar_sala` FOREIGN KEY (`sala_id`) REFERENCES `salas` (`id`) ON DELETE CASCADE;

--
-- Constraints for table `menu_produtos`
--
ALTER TABLE `menu_produtos`
  ADD CONSTRAINT `fk_menu_produtos_menu` FOREIGN KEY (`menu_id`) REFERENCES `menus` (`id`) ON DELETE CASCADE,
  ADD CONSTRAINT `fk_menu_produtos_produto` FOREIGN KEY (`produto_id`) REFERENCES `bar` (`id`) ON DELETE CASCADE;

--
-- Constraints for table `pontos_gastos`
--
ALTER TABLE `pontos_gastos`
  ADD CONSTRAINT `pontos_gastos_ibfk_1` FOREIGN KEY (`usuario_id`) REFERENCES `usuarios` (`id`) ON DELETE CASCADE;

--
-- Constraints for table `reservas`
--
ALTER TABLE `reservas`
  ADD CONSTRAINT `fk_reserva_horario_sessao` FOREIGN KEY (`id_horario_sessao`) REFERENCES `horarios_sessao` (`id`);

--
-- Constraints for table `salas`
--
ALTER TABLE `salas`
  ADD CONSTRAINT `fk_sala_cinema` FOREIGN KEY (`id_cinema`) REFERENCES `cinemas` (`id`) ON DELETE CASCADE;

--
-- Constraints for table `sessoes_tematicas`
--
ALTER TABLE `sessoes_tematicas`
  ADD CONSTRAINT `sessoes_tematicas_ibfk_1` FOREIGN KEY (`nome_id`) REFERENCES `tipos_sessao` (`id`);
COMMIT;

/*!40101 SET CHARACTER_SET_CLIENT=@OLD_CHARACTER_SET_CLIENT */;
/*!40101 SET CHARACTER_SET_RESULTS=@OLD_CHARACTER_SET_RESULTS */;
/*!40101 SET COLLATION_CONNECTION=@OLD_COLLATION_CONNECTION */;
